Sales Order,Plate Name,Reference,Manufacturing ID,Product,Purification,Sequence Name,Sequence Notes,Unit Size,Bases,Sequence,Anhydrous Molecular Weight,nmoles/OD,ug/OD,Extinction Coefficient,GC Content,Tm (50mM NaCl) C,Modifications and Services,Final OD,nmoles,Conc,Final Volume uL,Buffer,Print Date,Well Position
20999821,round1_idt_oligos,570594443,78640350,500 picomole DNA Plate Oligo,Standard Desalting,AP_OplR.W10L.F1,,0.0005,43,GAA CTC TCG ACC CAC GGC CTG CCA CAG CCA GAG CGC CAG GTA C,13113.5,2.50878073256397,32.898921224285,398600,67.4418604651163,74.3829694964482, Standard Desalting ,N/A,10然 in 50無IDTE Buffer pH 8.0,10然,50,IDTE Buffer pH 8.0,3/18/2025 11:43:38 AM,A01
20999821,round1_idt_oligos,570594444,78640503,500 picomole DNA Plate Oligo,Standard Desalting,AP_OplR.S51D.F1,,0.0005,38,GCG CTG GAG TAC GCC GGA CAC GCC GCT CAG CCT GTC GC,11642.5,2.92483182217023,34.0524276104124,341900,73.6842105263158,76.0261555501154, Standard Desalting ,N/A,10然 in 50無IDTE Buffer pH 8.0,10然,50,IDTE Buffer pH 8.0,3/18/2025 11:43:38 AM,A02
20999821,round1_idt_oligos,570594445,78640351,500 picomole DNA Plate Oligo,Standard Desalting,AP_OplR.Q63A.F1,,0.0005,43,GCG CCT GCG GTC CAG CGC CCT GGG TTA CTC ACG CAG CAA AGC G,13191.5,2.55885363357216,33.7551970317298,390800,69.7674418604651,76.1908046109217, Standard Desalting ,N/A,10然 in 50無IDTE Buffer pH 8.0,10然,50,IDTE Buffer pH 8.0,3/18/2025 11:43:39 AM,A03
20999821,round1_idt_oligos,570594446,78640504,500 picomole DNA Plate Oligo,Standard Desalting,AP_OplR.Q63G.F1,,0.0005,43,GCG CCT GCG GTC CAG CGG CCT GGG TTA CTC ACG CAG CAA AGC G,13231.6,2.54000508001016,33.6082169164338,393700,69.7674418604651,76.1908046109217, Standard Desalting ,N/A,10然 in 50無IDTE Buffer pH 8.0,10然,50,IDTE Buffer pH 8.0,3/18/2025 11:43:39 AM,A04
20999821,round1_idt_oligos,570594447,78640352,500 picomole DNA Plate Oligo,Standard Desalting,AP_OplR.F80A.F1,,0.0005,45,CGG CCA GGA CCA TGA AGC GGC CTA CCT GGT GAC CGT GCC GCA TGG,13874,2.38834487700024,33.1358299498448,418700,68.8888888888889,75.8559702068711, Standard Desalting ,N/A,10然 in 50無IDTE Buffer pH 8.0,10然,50,IDTE Buffer pH 8.0,3/18/2025 11:43:39 AM,A05
20999821,round1_idt_oligos,570594448,78640505,500 picomole DNA Plate Oligo,Standard Desalting,AP_OplR.F80C.F1,,0.0005,45,CGG CCA GGA CCA TGA AGC GTG CTA CCT GGT GAC CGT GCC GCA TGG,13889,2.37981913374584,33.0532698714898,420200,66.6666666666667,74.9322150894473, Standard Desalting ,N/A,10然 in 50無IDTE Buffer pH 8.0,10然,50,IDTE Buffer pH 8.0,3/18/2025 11:43:39 AM,A06
20999821,round1_idt_oligos,570594449,78640353,500 picomole DNA Plate Oligo,Standard Desalting,AP_OplR.F80S.F1,,0.0005,45,CGG CCA GGA CCA TGA AGC GAG CTA CCT GGT GAC CGT GCC GCA TGG,13898,2.35460324935248,32.7242688956911,424700,66.6666666666667,74.7510977563518, Standard Desalting ,N/A,10然 in 50無IDTE Buffer pH 8.0,10然,50,IDTE Buffer pH 8.0,3/18/2025 11:43:39 AM,A07
20999821,round1_idt_oligos,570594450,78640506,500 picomole DNA Plate Oligo,Standard Desalting,AP_OplR.Q123D.F1,,0.0005,45,CGC TTC CAC TAC GGC ACG GAC AAC GAC TTG TGG GTG CTC AAG CTG,13823,2.40442414041837,33.2362611204617,415900,60,72.0129333222341, Standard Desalting ,N/A,10然 in 50無IDTE Buffer pH 8.0,10然,50,IDTE Buffer pH 8.0,3/18/2025 11:43:39 AM,A08
20999821,round1_idt_oligos,570594451,78640354,500 picomole DNA Plate Oligo,Standard Desalting,AP_OplR.A135W.F1,,0.0005,45,CTC AAG CTG CCC GAG CGT TGG CTC AAA GCC AAC CTG CTG GGG CAC,13792.9,2.44140625,33.6741625976562,409600,64.4444444444444,74.6301184802234, Standard Desalting ,N/A,10然 in 50無IDTE Buffer pH 8.0,10然,50,IDTE Buffer pH 8.0,3/18/2025 11:43:39 AM,A09
20999821,round1_idt_oligos,570594452,78640507,500 picomole DNA Plate Oligo,Standard Desalting,AP_OplR.N139A.F1,,0.0005,44,GAG CGT GCG CTC AAA GCC GCC CTG CTG GGG CAC AAG CGC TAT AC,13528.8,2.45639891918448,33.2320437239008,407100,65.9090909090909,74.7399599656247, Standard Desalting ,N/A,10然 in 50無IDTE Buffer pH 8.0,10然,50,IDTE Buffer pH 8.0,3/18/2025 11:43:39 AM,A10
20999821,round1_idt_oligos,570594453,78640355,500 picomole DNA Plate Oligo,Standard Desalting,AP_OplR.N139R.F1,,0.0005,44,GAG CGT GCG CTC AAA GCC CGC CTG CTG GGG CAC AAG CGC TAT AC,13528.8,2.45639891918448,33.2320437239008,407100,65.9090909090909,74.7399599656247, Standard Desalting ,N/A,10然 in 50無IDTE Buffer pH 8.0,10然,50,IDTE Buffer pH 8.0,3/18/2025 11:43:39 AM,A11
20999821,round1_idt_oligos,570594454,78640508,500 picomole DNA Plate Oligo,Standard Desalting,AP_OplR.Y146L.F1,,0.0005,42,CTG CTG GGG CAC AAG CGC CTG ACC CGG CAT TGC TTC GAC GCC,12853.3,2.68096514745308,34.4592761394102,373000,69.047619047619,75.9182221242675, Standard Desalting ,N/A,10然 in 50無IDTE Buffer pH 8.0,10然,50,IDTE Buffer pH 8.0,3/18/2025 11:43:39 AM,A12
20999821,round1_idt_oligos,570594455,78640356,500 picomole DNA Plate Oligo,Standard Desalting,AP_OplR.R148A.F1,,0.0005,44,GGG GCA CAA GCG CTA TAC CGC CCA TTG CTT CGA CGC CCG TCA GG,13479.7,2.4703557312253,33.2997233201581,404800,65.9090909090909,74.442021451861, Standard Desalting ,N/A,10然 in 50無IDTE Buffer pH 8.0,10然,50,IDTE Buffer pH 8.0,3/18/2025 11:43:39 AM,A13
20999821,round1_idt_oligos,570594456,78640509,500 picomole DNA Plate Oligo,Standard Desalting,AP_OplR.I160L.F1,,0.0005,43,GTC AGG GCC TGG GGC GCC TGT TCG TCG AGC AAC TCG ACC TGT G,13268.6,2.54647313470843,33.7880443086326,392700,67.4418604651163,74.4768134779991, Standard Desalting ,N/A,10然 in 50無IDTE Buffer pH 8.0,10然,50,IDTE Buffer pH 8.0,3/18/2025 11:43:39 AM,A14
20999821,round1_idt_oligos,570594457,78640357,500 picomole DNA Plate Oligo,Standard Desalting,AP_OplR.I252A.F1,,0.0005,54,GTT ATC TGC ACA AGC TGT TCG CGG CCA CGC CCT ACA CCC TTA ATG AGT GGG TAC,16533.7,1.998001998002,33.0343956043956,500500,55.5555555555556,71.576965893684, Standard Desalting ,N/A,10然 in 50無IDTE Buffer pH 8.0,10然,50,IDTE Buffer pH 8.0,3/18/2025 11:43:39 AM,A15
20999821,round1_idt_oligos,570594458,78640510,500 picomole DNA Plate Oligo,Standard Desalting,AP_OplR.I252Q.F1,,0.0005,54,GTT ATC TGC ACA AGC TGT TCG CGC AGA CGC CCT ACA CCC TTA ATG AGT GGG TAC,16557.7,1.97433366238894,32.6905034550839,506500,53.7037037037037,70.7348313572899, Standard Desalting ,N/A,10然 in 50無IDTE Buffer pH 8.0,10然,50,IDTE Buffer pH 8.0,3/18/2025 11:43:39 AM,A16
20999821,round1_idt_oligos,570594459,78640358,500 picomole DNA Plate Oligo,Standard Desalting,AP_OplR.I252R.F1,,0.0005,54,GTT ATC TGC ACA AGC TGT TCG CGC GCA CGC CCT ACA CCC TTA ATG AGT GGG TAC,16533.7,2.000400080016,33.0740448089618,499900,55.5555555555556,71.6452556569194, Standard Desalting ,N/A,10然 in 50無IDTE Buffer pH 8.0,10然,50,IDTE Buffer pH 8.0,3/18/2025 11:43:39 AM,A17
20999821,round1_idt_oligos,570594460,78640511,500 picomole DNA Plate Oligo,Standard Desalting,AP_OplR.Y255L.F1,,0.0005,49,CTG TTC GCG ATC ACG CCC CTG ACC CTT AAT GAG TGG GTA CGC CTT CAA C,14944.7,2.24265530387979,33.5157770800628,445900,57.1428571428571,71.3102047889017, Standard Desalting ,N/A,10然 in 50無IDTE Buffer pH 8.0,10然,50,IDTE Buffer pH 8.0,3/18/2025 11:43:39 AM,A18
20999821,round1_idt_oligos,570594461,78640359,500 picomole DNA Plate Oligo,Standard Desalting,AP_OplR.Y255M.F1,,0.0005,49,CTG TTC GCG ATC ACG CCC ATG ACC CTT AAT GAG TGG GTA CGC CTT CAA C,14968.7,2.211900022119,33.1092899800929,452100,55.1020408163265,70.6282039390734, Standard Desalting ,N/A,10然 in 50無IDTE Buffer pH 8.0,10然,50,IDTE Buffer pH 8.0,3/18/2025 11:43:39 AM,A19
20999821,round1_idt_oligos,570594462,78640512,500 picomole DNA Plate Oligo,Standard Desalting,AP_OplR.Y255T.F1,,0.0005,49,CTG TTC GCG ATC ACG CCC ACC ACC CTT AAT GAG TGG GTA CGC CTT CAA C,14913.7,2.23463687150838,33.3266458100559,447500,57.1428571428571,71.4816671825462, Standard Desalting ,N/A,10然 in 50無IDTE Buffer pH 8.0,10然,50,IDTE Buffer pH 8.0,3/18/2025 11:43:39 AM,A20
20999821,round1_idt_oligos,570594463,78640360,500 picomole DNA Plate Oligo,Standard Desalting,AP_OplR.N258S.F1,,0.0005,47,CGA TCA CGC CCT ACA CCC TTA GCG AGT GGG TAC GCC TTC AAC GCC TG,14321.3,2.33263354327035,33.4063004432004,428700,61.7021276595745,72.5125150946075, Standard Desalting ,N/A,10然 in 50無IDTE Buffer pH 8.0,10然,50,IDTE Buffer pH 8.0,3/18/2025 11:43:39 AM,A21
20999821,round1_idt_oligos,570594464,78640513,500 picomole DNA Plate Oligo,Standard Desalting,AP_OplR.V269C.F1,,0.0005,42,CCT TCA ACG CCT GGA GGC CTG CCA CCG GCA ACT GCG CGA CCC,12767.3,2.69978401727862,34.4688525917927,370400,71.4285714285714,76.7387890147198, Standard Desalting ,N/A,10然 in 50無IDTE Buffer pH 8.0,10然,50,IDTE Buffer pH 8.0,3/18/2025 11:43:40 AM,A22
20999821,round1_idt_oligos,570594465,78640361,500 picomole DNA Plate Oligo,Standard Desalting,AP_OplR.F287W.F1,,0.0005,43,GCC ATC GGC GAA CTG GCA TGG CGC TGG GGT TTT GCC GAC CAG G,13317.6,2.52079657171666,33.570965465087,396700,67.4418604651163,75.6195034526593, Standard Desalting ,N/A,10然 in 50無IDTE Buffer pH 8.0,10然,50,IDTE Buffer pH 8.0,3/18/2025 11:43:40 AM,A23
20999821,round1_idt_oligos,570594466,78640514,500 picomole DNA Plate Oligo,Standard Desalting,AP_OplR.Q296H.F1,,0.0005,42,GGT TTT GCC GAC CAG GCG CAC TTC ACC CGC GCG TTT CGC CAG,12819.3,2.68744961031981,34.4511824778285,372100,66.6666666666667,75.0220818438432, Standard Desalting ,N/A,10然 in 50無IDTE Buffer pH 8.0,10然,50,IDTE Buffer pH 8.0,3/18/2025 11:43:40 AM,A24
20999821,round1_idt_oligos,570594467,78640431,500 picomole DNA Plate Oligo,Standard Desalting,AP_OplR.W10.R,,0.0005,24,GCC GTG GGT CGA GAG TTC TGT GGG,7496.9,4.37062937062937,32.7660052447552,228800,66.6666666666667,65.3678029183145, Standard Desalting ,N/A,10然 in 50無IDTE Buffer pH 8.0,10然,50,IDTE Buffer pH 8.0,3/18/2025 11:43:40 AM,B01
20999821,round1_idt_oligos,570594468,78640278,500 picomole DNA Plate Oligo,Standard Desalting,AP_OplR.S51.R,,0.0005,21,CGG CGT ACT CCA GCG CTG CAG,6408.2,5.26038926880589,33.7095160441873,190100,71.4285714285714,65.4018273509017, Standard Desalting ,N/A,10然 in 50無IDTE Buffer pH 8.0,10然,50,IDTE Buffer pH 8.0,3/18/2025 11:43:40 AM,B02
20999821,round1_idt_oligos,570594469,78640432,500 picomole DNA Plate Oligo,Standard Desalting,AP_OplR.Q63.R,,0.0005,19,GCT GGA CCG CAG GCG CGA C,5839.8,5.69476082004556,33.2563268792711,175600,78.9473684210526,67.157503762687, Standard Desalting ,N/A,10然 in 50無IDTE Buffer pH 8.0,10然,50,IDTE Buffer pH 8.0,3/18/2025 11:43:40 AM,B03
20999821,round1_idt_oligos,570594470,78640279,500 picomole DNA Plate Oligo,Standard Desalting,AP_OplR.F80.R,,0.0005,25,CGC TTC ATG GTC CTG GCC GAT GTG C,7641,4.53103760761214,34.6214861803353,220700,64,66.0430886521733, Standard Desalting ,N/A,10然 in 50無IDTE Buffer pH 8.0,10然,50,IDTE Buffer pH 8.0,3/18/2025 11:43:40 AM,B04
20999821,round1_idt_oligos,570594471,78640433,500 picomole DNA Plate Oligo,Standard Desalting,AP_OplR.Q123.R,,0.0005,24,CGT GCC GTA GTG GAA GCG GTA GGG,7514.9,4.21052631578947,31.6416336842105,237500,66.6666666666667,65.2980126444554, Standard Desalting ,N/A,10然 in 50無IDTE Buffer pH 8.0,10然,50,IDTE Buffer pH 8.0,3/18/2025 11:43:40 AM,B05
20999821,round1_idt_oligos,570594472,78640280,500 picomole DNA Plate Oligo,Standard Desalting,AP_OplR.A135.R,,0.0005,22,ACG CTC GGG CAG CTT GAG CAC C,6721.4,4.95049504950495,33.274198019802,202000,68.1818181818182,66.8130118087637, Standard Desalting ,N/A,10然 in 50無IDTE Buffer pH 8.0,10然,50,IDTE Buffer pH 8.0,3/18/2025 11:43:40 AM,B06
20999821,round1_idt_oligos,570594473,78640434,500 picomole DNA Plate Oligo,Standard Desalting,AP_OplR.N139.R,,0.0005,21,GGC TTT GAG CGC ACG CTC GGG,6479.2,5.249343832021,34.0116220472441,190500,71.4285714285714,66.1875811348062, Standard Desalting ,N/A,10然 in 50無IDTE Buffer pH 8.0,10然,50,IDTE Buffer pH 8.0,3/18/2025 11:43:40 AM,B07
20999821,round1_idt_oligos,570594474,78640281,500 picomole DNA Plate Oligo,Standard Desalting,AP_OplR.R148.R,,0.0005,25,GGT ATA GCG CTT GTG CCC CAG CAG G,7699,4.25531914893617,32.7617531914894,235000,64,65.6383178115863, Standard Desalting ,N/A,10然 in 50無IDTE Buffer pH 8.0,10然,50,IDTE Buffer pH 8.0,3/18/2025 11:43:40 AM,B08
20999821,round1_idt_oligos,570594475,78640435,500 picomole DNA Plate Oligo,Standard Desalting,AP_OplR.Y146.R,,0.0005,23,GCG CTT GTG CCC CAG CAG GTT GG,7072.6,4.83091787439614,34.1671207729469,207000,69.5652173913043,67.761388911613, Standard Desalting ,N/A,10然 in 50無IDTE Buffer pH 8.0,10然,50,IDTE Buffer pH 8.0,3/18/2025 11:43:40 AM,B09
20999821,round1_idt_oligos,570594476,78640282,500 picomole DNA Plate Oligo,Standard Desalting,AP_OplR.I160.R,,0.0005,20,GCG CCC CAG GCC CTG ACG GG,6105,5.60852495793606,34.2398766124509,178300,85,71.1677309754676, Standard Desalting ,N/A,10然 in 50無IDTE Buffer pH 8.0,10然,50,IDTE Buffer pH 8.0,3/18/2025 11:43:40 AM,B10
20999821,round1_idt_oligos,570594477,78640436,500 picomole DNA Plate Oligo,Standard Desalting,AP_OplR.I252.R,,0.0005,25,CGC GAA CAG CTT GTG CAG ATA ACG C,7676,4.15800415800416,31.9169521829522,240500,56,62.6532026069923, Standard Desalting ,N/A,10然 in 50無IDTE Buffer pH 8.0,10然,50,IDTE Buffer pH 8.0,3/18/2025 11:43:40 AM,B11
20999821,round1_idt_oligos,570594478,78640283,500 picomole DNA Plate Oligo,Standard Desalting,AP_OplR.N258.R,,0.0005,25,AAG GGT GTA GGG CGT GAT CGC GAA C,7812.1,3.96982929734021,31.0126955140929,251900,60,64.7716279872907, Standard Desalting ,N/A,10然 in 50無IDTE Buffer pH 8.0,10然,50,IDTE Buffer pH 8.0,3/18/2025 11:43:40 AM,B12
20999821,round1_idt_oligos,570594479,78640437,500 picomole DNA Plate Oligo,Standard Desalting,AP_OplR.Y255.R,,0.0005,24,GGG CGT GAT CGC GAA CAG CTT GTG,7449.9,4.36490615451768,32.5179048450458,229100,62.5,64.6832964335254, Standard Desalting ,N/A,10然 in 50無IDTE Buffer pH 8.0,10然,50,IDTE Buffer pH 8.0,3/18/2025 11:43:40 AM,B13
20999821,round1_idt_oligos,570594480,78640284,500 picomole DNA Plate Oligo,Standard Desalting,AP_OplR.V269.R,,0.0005,24,GGC CTC CAG GCG TTG AAG GCG TAC,7394.8,4.43262411347518,32.7784397163121,225600,66.6666666666667,66.0482622828877, Standard Desalting ,N/A,10然 in 50無IDTE Buffer pH 8.0,10然,50,IDTE Buffer pH 8.0,3/18/2025 11:43:41 AM,B14
20999821,round1_idt_oligos,570594481,78640438,500 picomole DNA Plate Oligo,Standard Desalting,AP_OplR.F287.R,,0.0005,24,TGC CAG TTC GCC GAT GGC CAG GTG,7385.8,4.516711833785,33.3595438121048,221400,66.6666666666667,67.8942033158094, Standard Desalting ,N/A,10然 in 50無IDTE Buffer pH 8.0,10然,50,IDTE Buffer pH 8.0,3/18/2025 11:43:41 AM,B15
20999821,round1_idt_oligos,570594482,78640285,500 picomole DNA Plate Oligo,Standard Desalting,AP_OplR.Q296.R,,0.0005,23,CGC CTG GTC GGC AAA ACC CCA GC,6979.6,4.78468899521531,33.395028708134,209000,69.5652173913043,67.4973251246338, Standard Desalting ,N/A,10然 in 50無IDTE Buffer pH 8.0,10然,50,IDTE Buffer pH 8.0,3/18/2025 11:43:41 AM,B16
20999821,round1_idt_oligos,570594483,78640439,500 picomole DNA Plate Oligo,Standard Desalting,GAH_DBAT.S23T.F1,,0.0005,53,GGT TGC TCC TAG CCA GCC AAC ACC TAA AGC CTT TTT GCA GTT ATC AAC CCT AG,16147.5,2.03541624262162,32.8668776714838,491300,49.0566037735849,69.2556939595922, Standard Desalting ,N/A,10然 in 50無IDTE Buffer pH 8.0,10然,50,IDTE Buffer pH 8.0,3/18/2025 11:43:41 AM,B17
20999821,round1_idt_oligos,570594484,78640286,500 picomole DNA Plate Oligo,Standard Desalting,GAH_DBAT.A26G.F1,,0.0005,60,CTC CTA GCC AGC CAT CAC CTA AAG GTT TTT TGC AGT TAT CAA CCC TAG ACA ACT TAC CAG,18257.9,1.77022481855196,32.3205611612675,564900,45,68.2631005497252, Standard Desalting ,N/A,10然 in 50無IDTE Buffer pH 8.0,10然,50,IDTE Buffer pH 8.0,3/18/2025 11:43:41 AM,B18
20999821,round1_idt_oligos,570594485,78640440,500 picomole DNA Plate Oligo,Standard Desalting,GAH_DBAT.N51K.F1,,0.0005,56,GAA TAT CTT CAA TAC CCT ACT TGT CTA TAA AGC CTC CGA TCG TGT ATC CGT AGA CC,17068.1,1.87195806813927,31.9507880943467,534200,42.8571428571429,65.7317865692476, Standard Desalting ,N/A,10然 in 50無IDTE Buffer pH 8.0,10然,50,IDTE Buffer pH 8.0,3/18/2025 11:43:41 AM,B19
20999821,round1_idt_oligos,570594486,78640287,500 picomole DNA Plate Oligo,Standard Desalting,GAH_DBAT.S76Y.F1,,0.0005,57,GCT TTG TCC AAA GTA TTA GTC TAC TAT TAC CCA TTT GCT GGC AGA CTT CGT AAG AAG,17507.4,1.8254837531946,31.9594578313253,547800,40.3508771929825,65.9371403344783, Standard Desalting ,N/A,10然 in 50無IDTE Buffer pH 8.0,10然,50,IDTE Buffer pH 8.0,3/18/2025 11:43:41 AM,B20
20999821,round1_idt_oligos,570594487,78640441,500 picomole DNA Plate Oligo,Standard Desalting,GAH_DBAT.S189I.F1,,0.0005,53,CTA GGG GTG AGA TCA AGC CCT CAA TAG AGC CTA TCT GGA AAA GAG AGT TGC TG,16454.7,1.89250567751703,31.1406207418622,528400,49.0566037735849,68.1152263425512, Standard Desalting ,N/A,10然 in 50無IDTE Buffer pH 8.0,10然,50,IDTE Buffer pH 8.0,3/18/2025 11:43:41 AM,B21
20999821,round1_idt_oligos,570594488,78640288,500 picomole DNA Plate Oligo,Standard Desalting,GAH_DBAT.S189L.F1,,0.0005,53,CTA GGG GTG AGA TCA AGC CCT CAC TAG AGC CTA TCT GGA AAA GAG AGT TGC TG,16430.7,1.91350937619594,31.4402583237658,522600,50.9433962264151,68.6623807678019, Standard Desalting ,N/A,10然 in 50無IDTE Buffer pH 8.0,10然,50,IDTE Buffer pH 8.0,3/18/2025 11:43:41 AM,B22
20999821,round1_idt_oligos,570594489,78640442,500 picomole DNA Plate Oligo,Standard Desalting,GAH_DBAT.S189V.F1,,0.0005,53,CTA GGG GTG AGA TCA AGC CCT CAG TAG AGC CTA TCT GGA AAA GAG AGT TGC TG,16470.7,1.89717321191425,31.2477765129956,527100,50.9433962264151,68.6623807678019, Standard Desalting ,N/A,10然 in 50無IDTE Buffer pH 8.0,10然,50,IDTE Buffer pH 8.0,3/18/2025 11:43:41 AM,B23
20999821,round1_idt_oligos,570594490,78640289,500 picomole DNA Plate Oligo,Standard Desalting,GAH_DBAT.E201R.F1,,0.0005,58,GAA AAG AGA GTT GCT GAA GCC GAG AGA CCC CCT ATA CAG ATT TCA GTA CTA CCA CTT C,17827.6,1.74794616325817,31.1617112392938,572100,46.551724137931,67.8097083328703, Standard Desalting ,N/A,10然 in 50無IDTE Buffer pH 8.0,10然,50,IDTE Buffer pH 8.0,3/18/2025 11:43:41 AM,B24
20999821,round1_idt_oligos,570594491,78640362,500 picomole DNA Plate Oligo,Standard Desalting,GAH_DBAT.Y210D.F1,,0.0005,52,GGA CCC CCT ATA CAG ATT TCA GTA CGA TCA CTT CCG TCT AAT AAG GCC GCC G,15868.3,2.02839756592292,32.187247464503,493000,51.9230769230769,68.9564056372874, Standard Desalting ,N/A,10然 in 50無IDTE Buffer pH 8.0,10然,50,IDTE Buffer pH 8.0,3/18/2025 11:43:41 AM,C01
20999821,round1_idt_oligos,570594492,78640515,500 picomole DNA Plate Oligo,Standard Desalting,GAH_DBAT.F301A.F1,,0.0005,59,CCC CTT ACT AAA AGG ATA TTA TGG TAA CGC TGT GGG AAC AGT TTG CGC GAT GGA TAA TG,18288.9,1.71673819742489,31.3972412017167,582500,44.0677966101695,67.9261220679372, Standard Desalting ,N/A,10然 in 50無IDTE Buffer pH 8.0,10然,50,IDTE Buffer pH 8.0,3/18/2025 11:43:41 AM,C02
20999821,round1_idt_oligos,570594493,78640363,500 picomole DNA Plate Oligo,Standard Desalting,GAH_DBAT.F301C.F1,,0.0005,59,CCC CTT ACT AAA AGG ATA TTA TGG TAA CTG CGT GGG AAC AGT TTG CGC GAT GGA TAA TG,18288.9,1.71673819742489,31.3972412017167,582500,44.0677966101695,67.9261220679372, Standard Desalting ,N/A,10然 in 50無IDTE Buffer pH 8.0,10然,50,IDTE Buffer pH 8.0,3/18/2025 11:43:41 AM,C03
20999821,round1_idt_oligos,570594494,78640516,500 picomole DNA Plate Oligo,Standard Desalting,GAH_DBAT.F301V.F1,,0.0005,59,CCC CTT ACT AAA AGG ATA TTA TGG TAA CGT AGT GGG AAC AGT TTG CGC GAT GGA TAA TG,18312.9,1.69176112332939,30.9810827271189,591100,42.3728813559322,67.0206504166061, Standard Desalting ,N/A,10然 in 50無IDTE Buffer pH 8.0,10然,50,IDTE Buffer pH 8.0,3/18/2025 11:43:41 AM,C04
20999821,round1_idt_oligos,570594495,78640364,500 picomole DNA Plate Oligo,Standard Desalting,GAH_DBAT.R321D.F1,,0.0005,57,GAC CTT CTT TCC GGT TCT CTG TTA GAT GTA GTA AGG ATC ATC AAG AAG AGC AAG GTG,17637.5,1.78507675830061,31.4842252766869,560200,43.859649122807,66.8245344308145, Standard Desalting ,N/A,10然 in 50無IDTE Buffer pH 8.0,10然,50,IDTE Buffer pH 8.0,3/18/2025 11:43:42 AM,C05
20999821,round1_idt_oligos,570594496,78640517,500 picomole DNA Plate Oligo,Standard Desalting,GAH_DBAT.G361S.F1,,0.0005,57,CAA TAA ATT ACG AAA ACA TAG TGG GCT TTT CAG ATA GGA GGA GGC TTG GTT TCG ACG,17719.5,1.74641983932937,30.9457527069508,572600,42.1052631578947,66.9582307641336, Standard Desalting ,N/A,10然 in 50無IDTE Buffer pH 8.0,10然,50,IDTE Buffer pH 8.0,3/18/2025 11:43:42 AM,C06
20999821,round1_idt_oligos,570594497,78640365,500 picomole DNA Plate Oligo,Standard Desalting,GAH_DBAT.R363W.F1,,0.0005,52,GAA AAC ATA GTG GGC TTT GGG GAT TGG AGG AGG CTT GGT TTC GAC GAA GTT G,16314.6,1.93760899050572,31.6112691338888,516100,50,69.5430846313949, Standard Desalting ,N/A,10然 in 50無IDTE Buffer pH 8.0,10然,50,IDTE Buffer pH 8.0,3/18/2025 11:43:42 AM,C07
20999821,round1_idt_oligos,570594498,78640518,500 picomole DNA Plate Oligo,Standard Desalting,GAH_DBAT.H377K.F1,,0.0005,52,CGA AGT TGA CTT CGG ATG GGG AAA AGC CGA CAA TGT GTC ACT GGT TCA ACA C,16101.5,1.96232339089482,31.5962931711146,509600,50,69.5074458195426, Standard Desalting ,N/A,10然 in 50無IDTE Buffer pH 8.0,10然,50,IDTE Buffer pH 8.0,3/18/2025 11:43:42 AM,C08
20999821,round1_idt_oligos,570594499,78640366,500 picomole DNA Plate Oligo,Standard Desalting,GAH_DBAT.H377R.F1,,0.0005,52,CGA AGT TGA CTT CGG ATG GGG AAG AGC CGA CAA TGT GTC ACT GGT TCA ACA C,16117.5,1.96502259775987,31.6711927687168,508900,51.9230769230769,69.9212049243079, Standard Desalting ,N/A,10然 in 50無IDTE Buffer pH 8.0,10然,50,IDTE Buffer pH 8.0,3/18/2025 11:43:42 AM,C09
20999821,round1_idt_oligos,570594500,78640519,500 picomole DNA Plate Oligo,Standard Desalting,GAH_DBAT.M432L.F1,,0.0005,58,GAA AAG TTT CAA ATT CGA GAT GGA AAC ACT AAC GAA TAA ATA CGT TAC TAA ACC GTA A,17914.8,1.65043736590196,29.567181052979,605900,31.0344827586207,63.7007957579605, Standard Desalting ,N/A,10然 in 50無IDTE Buffer pH 8.0,10然,50,IDTE Buffer pH 8.0,3/18/2025 11:43:42 AM,C10
20999821,round1_idt_oligos,570594501,78640367,500 picomole DNA Plate Oligo,Standard Desalting,GAH_DBAT.A26.R,,0.0005,28,TTT AGG TGA TGG CTG GCT AGG AGC AAC C,8684.7,3.69822485207101,32.1178328402367,270400,53.5714285714286,63.6719459651817, Standard Desalting ,N/A,10然 in 50無IDTE Buffer pH 8.0,10然,50,IDTE Buffer pH 8.0,3/18/2025 11:43:42 AM,C11
20999821,round1_idt_oligos,570594502,78640520,500 picomole DNA Plate Oligo,Standard Desalting,GAH_DBAT.S23.R,,0.0005,30,TGG CTG GCT AGG AGC AAC CAT GAC TCT TTC,9198,3.60100828231905,33.1220525747209,277700,53.3333333333333,64.7381879423824, Standard Desalting ,N/A,10然 in 50無IDTE Buffer pH 8.0,10然,50,IDTE Buffer pH 8.0,3/18/2025 11:43:42 AM,C12
20999821,round1_idt_oligos,570594503,78640368,500 picomole DNA Plate Oligo,Standard Desalting,GAH_DBAT.N51.R,,0.0005,37,ATA GAC AAG TAG GGT ATT GAA GAT ATT CTC CCT TAC C,11371.4,2.69251480883145,30.6177813677975,371400,37.8378378378378,59.4350738972756, Standard Desalting ,N/A,10然 in 50無IDTE Buffer pH 8.0,10然,50,IDTE Buffer pH 8.0,3/18/2025 11:43:42 AM,C13
20999821,round1_idt_oligos,570594504,78640521,500 picomole DNA Plate Oligo,Standard Desalting,GAH_DBAT.Q66.R,,0.0005,26,ACG GAT CAC CTT TGC AGG GTC TAC GG,7987.2,4.06008932196508,32.4287819732034,246300,57.6923076923077,64.0126183647139, Standard Desalting ,N/A,10然 in 50無IDTE Buffer pH 8.0,10然,50,IDTE Buffer pH 8.0,3/18/2025 11:43:42 AM,C14
20999821,round1_idt_oligos,570594505,78640369,500 picomole DNA Plate Oligo,Standard Desalting,GAH_DBAT.S76.R,,0.0005,34,ATA GTA GAC TAA TAC TTT GGA CAA AGC TTG ACG G,10513.9,2.89351851851852,30.4221412037037,345600,38.2352941176471,59.1973890679965, Standard Desalting ,N/A,10然 in 50無IDTE Buffer pH 8.0,10然,50,IDTE Buffer pH 8.0,3/18/2025 11:43:42 AM,C15
20999821,round1_idt_oligos,570594506,78640522,500 picomole DNA Plate Oligo,Standard Desalting,GAH_DBAT.C129.R,,0.0005,39,AAA TAA CAA TTG TTC CAA GCT AGG AGA GTA ATC ATC TAG,12030.9,2.47892910262766,29.8237481408032,403400,33.3333333333333,59.1948326717037, Standard Desalting ,N/A,10然 in 50無IDTE Buffer pH 8.0,10然,50,IDTE Buffer pH 8.0,3/18/2025 11:43:42 AM,C16
20999821,round1_idt_oligos,570594507,78640370,500 picomole DNA Plate Oligo,Standard Desalting,GAH_DBAT.S189.R,,0.0005,28,TGA GGG CTT GAT CTC ACC CCT AGC CAT C,8500.5,3.93700787401575,33.4666968503937,254000,57.1428571428571,64.68112025199, Standard Desalting ,N/A,10然 in 50無IDTE Buffer pH 8.0,10然,50,IDTE Buffer pH 8.0,3/18/2025 11:43:42 AM,C17
20999821,round1_idt_oligos,570594508,78640523,500 picomole DNA Plate Oligo,Standard Desalting,GAH_DBAT.E201.R,,0.0005,30,CGG CTT CAG CAA CTC TCT TTT CCA GAT AGG,9133,3.63636363636364,33.2107563636364,275000,50,61.9094460310039, Standard Desalting ,N/A,10然 in 50無IDTE Buffer pH 8.0,10然,50,IDTE Buffer pH 8.0,3/18/2025 11:43:42 AM,C18
20999821,round1_idt_oligos,570594509,78640371,500 picomole DNA Plate Oligo,Standard Desalting,GAH_DBAT.Y210.R,,0.0005,30,GTA CTG AAA TCT GTA TAG GGG GTC CTC CGG,9278,3.43642611683849,31.8833058419244,291000,53.3333333333333,62.2320958127181, Standard Desalting ,N/A,10然 in 50無IDTE Buffer pH 8.0,10然,50,IDTE Buffer pH 8.0,3/18/2025 11:43:42 AM,C19
20999821,round1_idt_oligos,570594510,78640524,500 picomole DNA Plate Oligo,Standard Desalting,GAH_DBAT.G227.R,,0.0005,30,TTG AAC TAT TTT GCC AAA GGT ACT CGG CGG,9237,3.50017500875044,32.3312250612531,285700,46.6666666666667,62.3046264109968, Standard Desalting ,N/A,10然 in 50無IDTE Buffer pH 8.0,10然,50,IDTE Buffer pH 8.0,3/18/2025 11:43:42 AM,C20
20999821,round1_idt_oligos,570594511,78640372,500 picomole DNA Plate Oligo,Standard Desalting,GAH_DBAT.L294.R,,0.0005,36,TAA GGG GGG ATT AAA TAA TTT ACG CAT ATC CAT CGC,11107.3,2.76472214542438,30.7085208736522,361700,38.8888888888889,60.9391288204944, Standard Desalting ,N/A,10然 in 50無IDTE Buffer pH 8.0,10然,50,IDTE Buffer pH 8.0,3/18/2025 11:43:42 AM,C21
20999821,round1_idt_oligos,570594512,78640525,500 picomole DNA Plate Oligo,Standard Desalting,GAH_DBAT.F301.R,,0.0005,44,GTT ACC ATA ATA TCC TTT TAG TAA GGG GGG ATT AAA TAA TTT AC,13582.9,2.2436616558223,30.4754117119139,445700,29.5454545454545,58.4718397256477, Standard Desalting ,N/A,10然 in 50無IDTE Buffer pH 8.0,10然,50,IDTE Buffer pH 8.0,3/18/2025 11:43:42 AM,C22
20999821,round1_idt_oligos,570594513,78640373,500 picomole DNA Plate Oligo,Standard Desalting,GAH_DBAT.R321.R,,0.0005,36,TAA CAG AGA ACC GGA AAG AAG GTC TTT GAC ATT ATC,11125.3,2.7122321670735,30.1743911038785,368700,38.8888888888889,60.5954619253887, Standard Desalting ,N/A,10然 in 50無IDTE Buffer pH 8.0,10然,50,IDTE Buffer pH 8.0,3/18/2025 11:43:43 AM,C23
20999821,round1_idt_oligos,570594514,78640526,500 picomole DNA Plate Oligo,Standard Desalting,GAH_DBAT.G361.R,,0.0005,36,AAA GCC CAC TAT GTT TTC GTA ATT TAT TGA CTC GTC,10975.2,2.93341155764154,32.1946993253153,340900,36.1111111111111,60.1179547546704, Standard Desalting ,N/A,10然 in 50無IDTE Buffer pH 8.0,10然,50,IDTE Buffer pH 8.0,3/18/2025 11:43:43 AM,C24
20999821,round1_idt_oligos,570594515,78640443,500 picomole DNA Plate Oligo,Standard Desalting,GAH_DBAT.R363.R,,0.0005,37,ATC CCC AAA GCC CAC TAT GTT TTC GTA ATT TAT TGA C,11233.3,2.86286859433152,32.1595934726596,349300,37.8378378378378,61.4365687015349, Standard Desalting ,N/A,10然 in 50無IDTE Buffer pH 8.0,10然,50,IDTE Buffer pH 8.0,3/18/2025 11:43:43 AM,D01
20999821,round1_idt_oligos,570594516,78640290,500 picomole DNA Plate Oligo,Standard Desalting,GAH_DBAT.H377.R,,0.0005,29,TCC CCA TCC GAA GTC AAC TTC GTC GAA AC,8766.7,3.68595650571323,32.3138223368964,271300,51.7241379310345,63.3149110279326, Standard Desalting ,N/A,10然 in 50無IDTE Buffer pH 8.0,10然,50,IDTE Buffer pH 8.0,3/18/2025 11:43:43 AM,D02
20999821,round1_idt_oligos,570594517,78640444,500 picomole DNA Plate Oligo,Standard Desalting,GAH_DBAT.M417.R,,0.0005,38,GAA TGA CAA AAT CTT TAT CCC ATC TGG GTT ATT CTT GG,11657.6,2.74197970935015,31.9649410474363,364700,36.8421052631579,60.2211830439293, Standard Desalting ,N/A,10然 in 50無IDTE Buffer pH 8.0,10然,50,IDTE Buffer pH 8.0,3/18/2025 11:43:43 AM,D03
20999821,round1_idt_oligos,570594518,78640291,500 picomole DNA Plate Oligo,Standard Desalting,GAH_DBAT.M432.R,,0.0005,39,TGT TTC CAT CTC GAA TTT GAA ACT TTT CAT TAT CAG TGG,11927.8,2.72553829381303,32.5096347778686,366900,33.3333333333333,60.3778803873566, Standard Desalting ,N/A,10然 in 50無IDTE Buffer pH 8.0,10然,50,IDTE Buffer pH 8.0,3/18/2025 11:43:43 AM,D04
20999821,round1_idt_oligos,570594519,78640445,500 picomole DNA Plate Oligo,Standard Desalting,ID_CUS.I46F.F1,,0.0005,53,CTG CGT GAC GCA GGA AGA ATT TCC AGA TTT TTA TTT CCG GGT CAC GAA TTC AG,16337.6,1.96463654223969,32.0974793713163,509000,45.2830188679245,67.914006865326, Standard Desalting ,N/A,10然 in 50無IDTE Buffer pH 8.0,10然,50,IDTE Buffer pH 8.0,3/18/2025 11:43:43 AM,D05
20999821,round1_idt_oligos,570594520,78640292,500 picomole DNA Plate Oligo,Standard Desalting,ID_CUS.I46Y.F1,,0.0005,53,CTG CGT GAC GCA GGA AGA ATA TCC AGA TTT TTA TTT CCG GGT CAC GAA TTC AG,16346.6,1.94212468440474,31.747193629831,514900,45.2830188679245,67.5899489743274, Standard Desalting ,N/A,10然 in 50無IDTE Buffer pH 8.0,10然,50,IDTE Buffer pH 8.0,3/18/2025 11:43:43 AM,D06
20999821,round1_idt_oligos,570594521,78640446,500 picomole DNA Plate Oligo,Standard Desalting,ID_CUS.E72K.F1,,0.0005,59,CAT TAA AAG ACA AAT TCA AAC GTA TTT GTC AGA AAA TGG GTG TGC AGC GTC GCT ATC TG,18240.9,1.70183798502383,31.0430496936692,587600,38.9830508474576,66.8319074506558, Standard Desalting ,N/A,10然 in 50無IDTE Buffer pH 8.0,10然,50,IDTE Buffer pH 8.0,3/18/2025 11:43:43 AM,D07
20999821,round1_idt_oligos,570594522,78640293,500 picomole DNA Plate Oligo,Standard Desalting,ID_CUS.E72R.F1,,0.0005,59,CAT TAA AAG ACA AAT TCA AAC GTA TTT GTC AGC GCA TGG GTG TGC AGC GTC GCT ATC TG,18208.8,1.74064403829417,31.6951174934726,574500,44.0677966101695,68.6793088242471, Standard Desalting ,N/A,10然 in 50無IDTE Buffer pH 8.0,10然,50,IDTE Buffer pH 8.0,3/18/2025 11:43:43 AM,D08
20999821,round1_idt_oligos,570594523,78640447,500 picomole DNA Plate Oligo,Standard Desalting,ID_CUS.M73A.F1,,0.0005,52,GAC AAA TTC AAA CGT ATT TGT CAG GAA GCA GGT GTG CAG CGT CGC TAT CTG C,16067.4,1.97784810126582,31.7789675632911,505600,48.0769230769231,68.8932846439381, Standard Desalting ,N/A,10然 in 50無IDTE Buffer pH 8.0,10然,50,IDTE Buffer pH 8.0,3/18/2025 11:43:43 AM,D09
20999821,round1_idt_oligos,570594524,78640294,500 picomole DNA Plate Oligo,Standard Desalting,ID_CUS.M73S.F1,,0.0005,52,GAC AAA TTC AAA CGT ATT TGT CAG GAA AGT GGT GTG CAG CGT CGC TAT CTG C,16082.5,1.97277569540343,31.7270822647465,506900,46.1538461538462,68.1986854760125, Standard Desalting ,N/A,10然 in 50無IDTE Buffer pH 8.0,10然,50,IDTE Buffer pH 8.0,3/18/2025 11:43:43 AM,D10
20999821,round1_idt_oligos,570594525,78640448,500 picomole DNA Plate Oligo,Standard Desalting,ID_CUS.M73T.F1,,0.0005,52,GAC AAA TTC AAA CGT ATT TGT CAG GAA ACC GGT GTG CAG CGT CGC TAT CTG C,16027.4,1.99163513244374,31.9207767377017,502100,48.0769230769231,68.9389431822871, Standard Desalting ,N/A,10然 in 50無IDTE Buffer pH 8.0,10然,50,IDTE Buffer pH 8.0,3/18/2025 11:43:43 AM,D11
20999821,round1_idt_oligos,570594526,78640295,500 picomole DNA Plate Oligo,Standard Desalting,ID_CUS.Q76K.F1,,0.0005,53,CAA ACG TAT TTG TCA GGA AAT GGG TGT GAA ACG TCG CTA TCT GCA CCA CAC CG,16325.6,1.94704049844237,31.7866413551402,513600,49.0566037735849,69.2951977107965, Standard Desalting ,N/A,10然 in 50無IDTE Buffer pH 8.0,10然,50,IDTE Buffer pH 8.0,3/18/2025 11:43:43 AM,D12
20999821,round1_idt_oligos,570594527,78640449,500 picomole DNA Plate Oligo,Standard Desalting,ID_CUS.D110A.F1,,0.0005,46,GCA CGT CTG GAT ATT GCG GCA GCA GCA GTG CCA GAA TTG GCT GCC G,14232.2,2.30361667818475,32.7855724487445,434100,60.8695652173913,73.2931848478927, Standard Desalting ,N/A,10然 in 50無IDTE Buffer pH 8.0,10然,50,IDTE Buffer pH 8.0,3/18/2025 11:43:43 AM,D13
20999821,round1_idt_oligos,570594528,78640296,500 picomole DNA Plate Oligo,Standard Desalting,ID_CUS.P156K.F1,,0.0005,45,GTG TCG ATT TCC GCC TCG TCA AAC TGC TGG GCC TTC GCC CAA GTG,13755.9,2.48262164846077,34.1506901688183,402800,60,72.3296279734697, Standard Desalting ,N/A,10然 in 50無IDTE Buffer pH 8.0,10然,50,IDTE Buffer pH 8.0,3/18/2025 11:43:43 AM,D14
20999821,round1_idt_oligos,570594529,78640450,500 picomole DNA Plate Oligo,Standard Desalting,ID_CUS.S191N.F1,,0.0005,43,GCG AAG GAT TTG GCA GAG AAC AAT CGC GGC GCG CGC GTT TTA G,13373.7,2.39463601532567,32.0250909961686,417600,58.1395348837209,71.5891795174498, Standard Desalting ,N/A,10然 in 50無IDTE Buffer pH 8.0,10然,50,IDTE Buffer pH 8.0,3/18/2025 11:43:43 AM,D15
20999821,round1_idt_oligos,570594530,78640297,500 picomole DNA Plate Oligo,Standard Desalting,ID_CUS.R217D.F1,,0.0005,48,GCC CGG ACG AAG GAT GTT TCG ATA CCC TGC TGG TCC AGG GCC TGT TTG,14807.6,2.25225225225225,33.3503851351351,444000,60.4166666666667,72.7054502508887, Standard Desalting ,N/A,10然 in 50無IDTE Buffer pH 8.0,10然,50,IDTE Buffer pH 8.0,3/18/2025 11:43:43 AM,D16
20999821,round1_idt_oligos,570594531,78640451,500 picomole DNA Plate Oligo,Standard Desalting,ID_CUS.T218N.F1,,0.0005,46,CGG ACG AAG GAT GTT TCC GTA ATC TGC TGG TCC AGG GCC TGT TTG G,14244.2,2.32126276694522,33.0645659238626,430800,56.5217391304348,70.7051324183701, Standard Desalting ,N/A,10然 in 50無IDTE Buffer pH 8.0,10然,50,IDTE Buffer pH 8.0,3/18/2025 11:43:44 AM,D17
20999821,round1_idt_oligos,570594532,78640298,500 picomole DNA Plate Oligo,Standard Desalting,ID_CUS.R271G.F1,,0.0005,49,CAA TAT GCG CTT TAC CGA ACG GGG TTT GGA TGG GGT TCT GGG CCG TCA G,15215.8,2.15982721382289,32.863585313175,463000,57.1428571428571,71.8451233470886, Standard Desalting ,N/A,10然 in 50無IDTE Buffer pH 8.0,10然,50,IDTE Buffer pH 8.0,3/18/2025 11:43:44 AM,D18
20999821,round1_idt_oligos,570594533,78640452,500 picomole DNA Plate Oligo,Standard Desalting,ID_CUS.Q279D.F1,,0.0005,47,GGA TGG GGT TCT GGG CCG TGA TGT GCC TGG ACT GAT CGG CGA TAA CG,14663.5,2.23264121455682,32.7382697030587,447900,61.7021276595745,72.8576013109944, Standard Desalting ,N/A,10然 in 50無IDTE Buffer pH 8.0,10然,50,IDTE Buffer pH 8.0,3/18/2025 11:43:44 AM,D19
20999821,round1_idt_oligos,570594534,78640299,500 picomole DNA Plate Oligo,Standard Desalting,ID_CUS.Q279E.F1,,0.0005,47,GGA TGG GGT TCT GGG CCG TGA AGT GCC TGG ACT GAT CGG CGA TAA CG,14672.5,2.21336874723329,32.4756175298805,451800,61.7021276595745,72.825750128602, Standard Desalting ,N/A,10然 in 50無IDTE Buffer pH 8.0,10然,50,IDTE Buffer pH 8.0,3/18/2025 11:43:44 AM,D20
20999821,round1_idt_oligos,570594535,78640453,500 picomole DNA Plate Oligo,Standard Desalting,ID_CUS.M295A.F1,,0.0005,48,GGA ACG GTG CCT GCT GGA TGC ATT TGG ACC GTT ATT GGG TGG CGA TGG,14982.7,2.19635405227323,32.907267735559,455300,58.3333333333333,72.5079587437065, Standard Desalting ,N/A,10然 in 50無IDTE Buffer pH 8.0,10然,50,IDTE Buffer pH 8.0,3/18/2025 11:43:44 AM,D21
20999821,round1_idt_oligos,570594536,78640300,500 picomole DNA Plate Oligo,Standard Desalting,ID_CUS.M295V.F1,,0.0005,48,GGA ACG GTG CCT GCT GGA TGT GTT TGG ACC GTT ATT GGG TGG CGA TGG,15013.7,2.19635405227323,32.975378871074,455300,58.3333333333333,72.3379727957598, Standard Desalting ,N/A,10然 in 50無IDTE Buffer pH 8.0,10然,50,IDTE Buffer pH 8.0,3/18/2025 11:43:44 AM,D22
20999821,round1_idt_oligos,570594537,78640454,500 picomole DNA Plate Oligo,Standard Desalting,ID_CUS.M323L.F1,,0.0005,48,GCA TCC CGG CTC CTC TAC TAT TCT GGA CCA GGT AGA TGC CGC ACT GGG,14696.5,2.27479526842584,33.4315559599636,439600,60.4166666666667,71.9218472628955, Standard Desalting ,N/A,10然 in 50無IDTE Buffer pH 8.0,10然,50,IDTE Buffer pH 8.0,3/18/2025 11:43:44 AM,D23
20999821,round1_idt_oligos,570594538,78640301,500 picomole DNA Plate Oligo,Standard Desalting,ID_CUS.Q325R.F1,,0.0005,51,CCG GCT CCT CTA CTA TTA TGG ACC GCG TAG ATG CCG CAC TGG GTC TGG AAC,15643.1,2.12856534695615,33.2974137931035,469800,58.8235294117647,71.6561818455047, Standard Desalting ,N/A,10然 in 50無IDTE Buffer pH 8.0,10然,50,IDTE Buffer pH 8.0,3/18/2025 11:43:44 AM,D24
20999821,round1_idt_oligos,570594539,78640374,500 picomole DNA Plate Oligo,Standard Desalting,ID_CUS.A358V.F1,,0.0005,42,GCG GTG CCA CGG TCA TTT TCG TGC TCG ACG AAC TGC GGC GCC,12899.3,2.64830508474576,34.1613691737288,377600,66.6666666666667,74.6604900368234, Standard Desalting ,N/A,10然 in 50無IDTE Buffer pH 8.0,10然,50,IDTE Buffer pH 8.0,3/18/2025 11:43:44 AM,E01
20999821,round1_idt_oligos,570594540,78640527,500 picomole DNA Plate Oligo,Standard Desalting,ID_CUS.M388L.F1,,0.0005,51,CAT GAT GGC CTT TGG CCC AGG TCT GAC GGT TGA TGC GAT GTT ACT GCA TGC,15744.2,2.11999152003392,33.3775365698537,471700,54.9019607843137,71.5450528733841, Standard Desalting ,N/A,10然 in 50無IDTE Buffer pH 8.0,10然,50,IDTE Buffer pH 8.0,3/18/2025 11:43:44 AM,E02
20999821,round1_idt_oligos,570594541,78640375,500 picomole DNA Plate Oligo,Standard Desalting,ID_CUS.D391E.F1,,0.0005,49,CTT TGG CCC AGG TAT GAC GGT TGA AGC GAT GTT ACT GCA TGC GAC CAG C,15128.8,2.16029379995679,32.6826658025491,462900,55.1020408163265,71.0625773462346, Standard Desalting ,N/A,10然 in 50無IDTE Buffer pH 8.0,10然,50,IDTE Buffer pH 8.0,3/18/2025 11:43:44 AM,E03
20999821,round1_idt_oligos,570594542,78640528,500 picomole DNA Plate Oligo,Standard Desalting,ID_CUS.H400A.F1,,0.0005,34,GAT GTT ACT GCA TGC GAC CAG CGC AGT TAA CTA A,10450.8,3.00932891965092,31.4499849533554,332300,47.0588235294118,64.195439072658, Standard Desalting ,N/A,10然 in 50無IDTE Buffer pH 8.0,10然,50,IDTE Buffer pH 8.0,3/18/2025 11:43:44 AM,E04
20999821,round1_idt_oligos,570594543,78640376,500 picomole DNA Plate Oligo,Standard Desalting,ID_CUS.I46.R,,0.0005,25,TTC TTC CTG CGT CAC GCA GTT GGG C,7616,4.57456541628545,34.8396614821592,218600,60,65.5118727724194, Standard Desalting ,N/A,10然 in 50無IDTE Buffer pH 8.0,10然,50,IDTE Buffer pH 8.0,3/18/2025 11:43:44 AM,E05
20999821,round1_idt_oligos,570594544,78640529,500 picomole DNA Plate Oligo,Standard Desalting,ID_CUS.E72.R,,0.0005,37,CTG ACA AAT ACG TTT GAA TTT GTC TTT TAA TGC GGT C,11359.4,2.84738041002278,32.3445814350797,351200,35.1351351351351,59.9836893815327, Standard Desalting ,N/A,10然 in 50無IDTE Buffer pH 8.0,10然,50,IDTE Buffer pH 8.0,3/18/2025 11:43:44 AM,E06
20999821,round1_idt_oligos,570594545,78640377,500 picomole DNA Plate Oligo,Standard Desalting,ID_CUS.M73.R,,0.0005,37,TTC CTG ACA AAT ACG TTT GAA TTT GTC TTT TAA TGC G,11334.4,2.86368843069874,32.4582044673539,349200,32.4324324324324,59.7494699204478, Standard Desalting ,N/A,10然 in 50無IDTE Buffer pH 8.0,10然,50,IDTE Buffer pH 8.0,3/18/2025 11:43:44 AM,E07
20999821,round1_idt_oligos,570594546,78640530,500 picomole DNA Plate Oligo,Standard Desalting,ID_CUS.Q76.R,,0.0005,36,CAC ACC CAT TTC CTG ACA AAT ACG TTT GAA TTT GTC,10929.2,2.96208530805687,32.3730746445498,337600,38.8888888888889,61.1029081664281, Standard Desalting ,N/A,10然 in 50無IDTE Buffer pH 8.0,10然,50,IDTE Buffer pH 8.0,3/18/2025 11:43:45 AM,E08
20999821,round1_idt_oligos,570594547,78640378,500 picomole DNA Plate Oligo,Standard Desalting,ID_CUS.D110.R,,0.0005,24,TGC CGC AAT ATC CAG ACG TGC GTC,7313.8,4.46428571428571,32.6508080357143,224000,58.3333333333333,63.6113369883865, Standard Desalting ,N/A,10然 in 50無IDTE Buffer pH 8.0,10然,50,IDTE Buffer pH 8.0,3/18/2025 11:43:45 AM,E09
20999821,round1_idt_oligos,570594548,78640531,500 picomole DNA Plate Oligo,Standard Desalting,ID_CUS.P156.R,,0.0005,24,GAC GAG GCG GAA ATC GAC ACC TGG,7436.9,4.17536534446764,31.051636743215,239500,62.5,63.5994217751959, Standard Desalting ,N/A,10然 in 50無IDTE Buffer pH 8.0,10然,50,IDTE Buffer pH 8.0,3/18/2025 11:43:45 AM,E10
20999821,round1_idt_oligos,570594549,78640379,500 picomole DNA Plate Oligo,Standard Desalting,ID_CUS.S191.R,,0.0005,27,GTT CTC TGC CAA ATC CTT CGC TAA CCG,8146.3,4.15973377703827,33.8865266222962,240400,51.8518518518518,61.3480463578806, Standard Desalting ,N/A,10然 in 50無IDTE Buffer pH 8.0,10然,50,IDTE Buffer pH 8.0,3/18/2025 11:43:45 AM,E11
20999821,round1_idt_oligos,570594550,78640532,500 picomole DNA Plate Oligo,Standard Desalting,ID_CUS.R217.R,,0.0005,28,GAA ACA TCC TTC GTC CGG GCC GGT AAA G,8598.6,3.70782350760104,31.8821468298109,269700,57.1428571428571,64.3449211535477, Standard Desalting ,N/A,10然 in 50無IDTE Buffer pH 8.0,10然,50,IDTE Buffer pH 8.0,3/18/2025 11:43:45 AM,E12
20999821,round1_idt_oligos,570594551,78640380,500 picomole DNA Plate Oligo,Standard Desalting,ID_CUS.T218.R,,0.0005,24,ACG GAA ACA TCC TTC GTC CGG GCC,7298.8,4.49236298292902,32.7887196765499,222600,62.5,65.3331514381239, Standard Desalting ,N/A,10然 in 50無IDTE Buffer pH 8.0,10然,50,IDTE Buffer pH 8.0,3/18/2025 11:43:45 AM,E13
20999821,round1_idt_oligos,570594552,78640533,500 picomole DNA Plate Oligo,Standard Desalting,ID_CUS.Q279.R,,0.0005,25,ACG GCC CAG AAC CCC ATC CAA ACG C,7534.9,4.25350914504466,32.0499532113994,235100,64,67.5545978221336, Standard Desalting ,N/A,10然 in 50無IDTE Buffer pH 8.0,10然,50,IDTE Buffer pH 8.0,3/18/2025 11:43:45 AM,E14
20999821,round1_idt_oligos,570594553,78640381,500 picomole DNA Plate Oligo,Standard Desalting,ID_CUS.R271.R,,0.0005,26,CCG TTC GGT AAA GCG CAT ATT GAG CG,8011.2,3.97930760047752,31.8791643454039,251300,53.8461538461538,61.9631678482671, Standard Desalting ,N/A,10然 in 50無IDTE Buffer pH 8.0,10然,50,IDTE Buffer pH 8.0,3/18/2025 11:43:45 AM,E15
20999821,round1_idt_oligos,570594554,78640534,500 picomole DNA Plate Oligo,Standard Desalting,ID_CUS.M295.R,,0.0005,27,ATC CAG CAG GCA CCG TTC CAC GTT ATC,8180.3,3.97298371076679,32.5003814064362,251700,55.5555555555556,64.2516428211543, Standard Desalting ,N/A,10然 in 50無IDTE Buffer pH 8.0,10然,50,IDTE Buffer pH 8.0,3/18/2025 11:43:45 AM,E16
20999821,round1_idt_oligos,570594555,78640382,500 picomole DNA Plate Oligo,Standard Desalting,ID_CUS.M323.R,,0.0005,26,AAT AGT AGA GGA GCC GGG ATG CAC GG,8134.3,3.69685767097967,30.0714232902033,270500,57.6923076923077,63.5724873425862, Standard Desalting ,N/A,10然 in 50無IDTE Buffer pH 8.0,10然,50,IDTE Buffer pH 8.0,3/18/2025 11:43:45 AM,E17
20999821,round1_idt_oligos,570594556,78640535,500 picomole DNA Plate Oligo,Standard Desalting,ID_CUS.Q325.R,,0.0005,28,GTC CAT AAT AGT AGA GGA GCC GGG ATG C,8702.7,3.50385423966363,30.4929502452698,285400,53.5714285714286,61.449070011215, Standard Desalting ,N/A,10然 in 50無IDTE Buffer pH 8.0,10然,50,IDTE Buffer pH 8.0,3/18/2025 11:43:45 AM,E18
20999821,round1_idt_oligos,570594557,78640383,500 picomole DNA Plate Oligo,Standard Desalting,ID_CUS.A358.R,,0.0005,29,GAA AAT GAC CGT GGC ACC GCT CAT ATT AC,8870.8,3.54735721887194,31.4679425328131,281900,48.2758620689655,61.2531439398826, Standard Desalting ,N/A,10然 in 50無IDTE Buffer pH 8.0,10然,50,IDTE Buffer pH 8.0,3/18/2025 11:43:45 AM,E19
20999821,round1_idt_oligos,570594558,78640536,500 picomole DNA Plate Oligo,Standard Desalting,ID_CUS.M388.R,,0.0005,27,ACC TGG GCC AAA GGC CAT CAT GAC TCC,8214.4,3.95256916996047,32.4678695652174,253000,59.2592592592593,66.2218360561872, Standard Desalting ,N/A,10然 in 50無IDTE Buffer pH 8.0,10然,50,IDTE Buffer pH 8.0,3/18/2025 11:43:45 AM,E20
20999821,round1_idt_oligos,570594559,78640384,500 picomole DNA Plate Oligo,Standard Desalting,ID_CUS.D391.R,,0.0005,28,AAC CGT CAT ACC TGG GCC AAA GGC CAT C,8527.6,3.74531835205993,31.9385018726592,267000,57.1428571428571,65.8925500103275, Standard Desalting ,N/A,10然 in 50無IDTE Buffer pH 8.0,10然,50,IDTE Buffer pH 8.0,3/18/2025 11:43:45 AM,E21
20999821,round1_idt_oligos,570594560,78640537,500 picomole DNA Plate Oligo,Standard Desalting,ID_CUS.H400.R,,0.0005,27,GCT GGT CGC ATG CAG TAA CAT CGC ATC,8260.4,3.92772977219167,32.4445954438335,254600,55.5555555555556,63.6558531108158, Standard Desalting ,N/A,10然 in 50無IDTE Buffer pH 8.0,10然,50,IDTE Buffer pH 8.0,3/18/2025 11:43:45 AM,E22
20999821,round1_idt_oligos,570594561,78640385,500 picomole DNA Plate Oligo,Standard Desalting,LK_BorAT.K360A.F1,,0.0005,40,GAC GCG CCT GCC GGC GCC GAG GGC GAA GTG TGG GTC AGC G,12446,2.67594327000268,33.3048568370351,373700,77.5,78.496512559538, Standard Desalting ,N/A,10然 in 50無IDTE Buffer pH 8.0,10然,50,IDTE Buffer pH 8.0,3/18/2025 11:43:45 AM,E23
20999821,round1_idt_oligos,570594562,78640538,500 picomole DNA Plate Oligo,Standard Desalting,LK_BorAT.K360T.F1,,0.0005,40,GAC GCG CCT GCC GGC ACC GAG GGC GAA GTG TGG GTC AGC G,12430,2.65533722782793,33.0059107806691,376600,75,77.3964340024119, Standard Desalting ,N/A,10然 in 50無IDTE Buffer pH 8.0,10然,50,IDTE Buffer pH 8.0,3/18/2025 11:43:46 AM,E24
20999821,round1_idt_oligos,570594563,78640455,500 picomole DNA Plate Oligo,Standard Desalting,LK_BorAT.Y511G.F1,,0.0005,39,CTG TTA GCC GCC CAG CCG GGC TGG CCG CGT CAT GCG GCC,11938.7,2.93427230046948,35.0313820422535,340800,76.9230769230769,78.5567356508874, Standard Desalting ,N/A,10然 in 50無IDTE Buffer pH 8.0,10然,50,IDTE Buffer pH 8.0,3/18/2025 11:43:46 AM,F01
20999821,round1_idt_oligos,570594564,78640302,500 picomole DNA Plate Oligo,Standard Desalting,LK_BorAT.S720R.F1,,0.0005,47,GAT GAG CCG CAA CTG GCC ATC CGC GAC GGA AAG TTG CTG GTG CCC CG,14491.4,2.28154232261008,33.0626899383984,438300,65.9574468085106,75.3157621086777, Standard Desalting ,N/A,10然 in 50無IDTE Buffer pH 8.0,10然,50,IDTE Buffer pH 8.0,3/18/2025 11:43:46 AM,F02
20999821,round1_idt_oligos,570594565,78640456,500 picomole DNA Plate Oligo,Standard Desalting,LK_BorAT.Q764R.F1,,0.0005,42,GCT GGA GCA GCC CTC GCA CGC CAC CTG GCC ACC GTG CAC CAG,12792.3,2.6638252530634,34.0763851891316,375400,73.8095238095238,77.7019577106407, Standard Desalting ,N/A,10然 in 50無IDTE Buffer pH 8.0,10然,50,IDTE Buffer pH 8.0,3/18/2025 11:43:46 AM,F03
20999821,round1_idt_oligos,570594566,78640303,500 picomole DNA Plate Oligo,Standard Desalting,LK_BorAT.E843A.F1,,0.0005,43,GCT CGG CGA CAC GGC GGC CTT CAT CAC CGT CAC AGA CGG CTC C,13111.5,2.58064516129032,33.8360851612903,387500,69.7674418604651,75.421030416644, Standard Desalting ,N/A,10然 in 50無IDTE Buffer pH 8.0,10然,50,IDTE Buffer pH 8.0,3/18/2025 11:43:46 AM,F04
20999821,round1_idt_oligos,570594567,78640457,500 picomole DNA Plate Oligo,Standard Desalting,LK_BorAT.M905A.F1,,0.0005,40,CTG TCG GCC GCC TTT GAC GCC CTG CTG GCC GGC GGT GCT C,12224.9,2.96120817293456,36.2003701510216,337700,75,77.7812017798614, Standard Desalting ,N/A,10然 in 50無IDTE Buffer pH 8.0,10然,50,IDTE Buffer pH 8.0,3/18/2025 11:43:46 AM,F05
20999821,round1_idt_oligos,570594568,78640304,500 picomole DNA Plate Oligo,Standard Desalting,LK_BorAT.M1323L.F1,,0.0005,41,CCA TCA GGT GCT GGC CGT GCT GCG CGG CAG CGC AGT GAA CC,12629.2,2.67737617135207,33.8130174029451,373500,70.7317073170732,76.4654566762891, Standard Desalting ,N/A,10然 in 50無IDTE Buffer pH 8.0,10然,50,IDTE Buffer pH 8.0,3/18/2025 11:43:46 AM,F06
20999821,round1_idt_oligos,570594569,78640458,500 picomole DNA Plate Oligo,Standard Desalting,LK_BorAT.L1459P.F1,,0.0005,42,GAC CGA AGA GCG GGA ATG GCC GGC CAC TGG ACG TCC GCG ACG,13025.4,2.47770069375619,32.2731243805748,403600,71.4285714285714,75.8656805997209, Standard Desalting ,N/A,10然 in 50無IDTE Buffer pH 8.0,10然,50,IDTE Buffer pH 8.0,3/18/2025 11:43:46 AM,F07
20999821,round1_idt_oligos,570594570,78640305,500 picomole DNA Plate Oligo,Standard Desalting,LK_BorAT.S1728A.F1,,0.0005,47,GGG TGA GGA TGT GGT GAT TGC AGC CGT GAA CGC GCC AGG TCA AGT CG,14681.5,2.18197687104517,32.034686886319,458300,61.7021276595745,73.241565709916, Standard Desalting ,N/A,10然 in 50無IDTE Buffer pH 8.0,10然,50,IDTE Buffer pH 8.0,3/18/2025 11:43:46 AM,F08
20999821,round1_idt_oligos,570594571,78640459,500 picomole DNA Plate Oligo,Standard Desalting,LK_BorAT.M1958V.F1,,0.0005,43,GCC GGA TTC GGG TGG GTT CGT GAC GAC CAG CCG GTG GAG CCT G,13373.6,2.47954376394743,33.1604884701215,403300,69.7674418604651,75.5290377819625, Standard Desalting ,N/A,10然 in 50無IDTE Buffer pH 8.0,10然,50,IDTE Buffer pH 8.0,3/18/2025 11:43:46 AM,F09
20999821,round1_idt_oligos,570594572,78640306,500 picomole DNA Plate Oligo,Standard Desalting,LK_BorAT.N1985A.F1,,0.0005,40,GAC GCG GTC CTG GTG CCA GCC GCG GCC CTG GTC GAG CTG G,12348,2.78629144608526,34.4049902479799,358900,77.5,78.3963858060096, Standard Desalting ,N/A,10然 in 50無IDTE Buffer pH 8.0,10然,50,IDTE Buffer pH 8.0,3/18/2025 11:43:46 AM,F10
20999821,round1_idt_oligos,570594573,78640460,500 picomole DNA Plate Oligo,Standard Desalting,LK_BorAT.N1985G.F1,,0.0005,40,GAC GCG GTC CTG GTG CCA GGC GCG GCC CTG GTC GAG CTG G,12388,2.76395798783858,34.2398424543947,361800,77.5,78.3963858060096, Standard Desalting ,N/A,10然 in 50無IDTE Buffer pH 8.0,10然,50,IDTE Buffer pH 8.0,3/18/2025 11:43:46 AM,F11
20999821,round1_idt_oligos,570594574,78640307,500 picomole DNA Plate Oligo,Standard Desalting,LK_BorAT.T2102A.F1,,0.0005,43,GCG GTA TGG GGT ACA CCC CGC CCT GCT GGA CGC TGC AGT ACG G,13262.6,2.52079657171666,33.432230904966,396700,69.7674418604651,75.4349295121781, Standard Desalting ,N/A,10然 in 50無IDTE Buffer pH 8.0,10然,50,IDTE Buffer pH 8.0,3/18/2025 11:43:46 AM,F12
20999821,round1_idt_oligos,570594575,78640461,500 picomole DNA Plate Oligo,Standard Desalting,LK_BorAT.R2211A.F1,,0.0005,42,CGT CAC AGT GCG GAC AGC CGC CGA CGT CAC CGC CGA CGC TGC,12832.3,2.62398320650748,33.6717370768827,381100,73.8095238095238,76.9785852449047, Standard Desalting ,N/A,10然 in 50無IDTE Buffer pH 8.0,10然,50,IDTE Buffer pH 8.0,3/18/2025 11:43:47 AM,F13
20999821,round1_idt_oligos,570594576,78640308,500 picomole DNA Plate Oligo,Standard Desalting,LK_BorAT.S2468P.F1,,0.0005,43,GTG GTC ACC GCC CTG ACC CCG GAG CGT GTC GAC ACC GTG CTG C,13158.5,2.59336099585062,34.1247225103734,385600,72.093023255814,76.4887781649798, Standard Desalting ,N/A,10然 in 50無IDTE Buffer pH 8.0,10然,50,IDTE Buffer pH 8.0,3/18/2025 11:43:47 AM,F14
20999821,round1_idt_oligos,570594577,78640462,500 picomole DNA Plate Oligo,Standard Desalting,LK_BorAT.N2505A.F1,,0.0005,43,CTG TTC TCC TCG GCC GCG GCC GTC TTC GGC AAT CCG GGC CAG G,13140.5,2.67094017094017,35.0974011752137,374400,72.093023255814,76.6295686741067, Standard Desalting ,N/A,10然 in 50無IDTE Buffer pH 8.0,10然,50,IDTE Buffer pH 8.0,3/18/2025 11:43:47 AM,F15
20999821,round1_idt_oligos,570594578,78640309,500 picomole DNA Plate Oligo,Standard Desalting,LK_BorAT.N2505G.F1,,0.0005,43,CTG TTC TCC TCG GCC GCG GGC GTC TTC GGC AAT CCG GGC CAG G,13180.5,2.65041081367612,34.9337158759608,377300,72.093023255814,76.6295686741067, Standard Desalting ,N/A,10然 in 50無IDTE Buffer pH 8.0,10然,50,IDTE Buffer pH 8.0,3/18/2025 11:43:47 AM,F16
20999821,round1_idt_oligos,570594579,78640463,500 picomole DNA Plate Oligo,Standard Desalting,LK_BorAT.N2505S.F1,,0.0005,43,CTG TTC TCC TCG GCC GCG AGC GTC TTC GGC AAT CCG GGC CAG G,13164.5,2.62881177707676,34.6069716088328,380400,69.7674418604651,75.4622077384192, Standard Desalting ,N/A,10然 in 50無IDTE Buffer pH 8.0,10然,50,IDTE Buffer pH 8.0,3/18/2025 11:43:47 AM,F17
20999821,round1_idt_oligos,570594580,78640310,500 picomole DNA Plate Oligo,Standard Desalting,LK_BorAT.W2527A.F1,,0.0005,42,GCT TTA GAC GCG CTA GCA GCC CGA CGG AGG GCC CAG GGA CTG,12991.4,2.51952632905014,32.7321945074326,396900,69.047619047619,74.7787414214163, Standard Desalting ,N/A,10然 in 50無IDTE Buffer pH 8.0,10然,50,IDTE Buffer pH 8.0,3/18/2025 11:43:47 AM,F18
20999821,round1_idt_oligos,570594581,78640464,500 picomole DNA Plate Oligo,Standard Desalting,LK_BorAT.Q2552G.F1,,0.0005,41,GGG CCA GCG GCA TGA CCG GCC ATC TCG GTG CCG CGG ACT TG,12645.2,2.67809319764328,33.8649196572041,373400,73.1707317073171,77.1429774247049, Standard Desalting ,N/A,10然 in 50無IDTE Buffer pH 8.0,10然,50,IDTE Buffer pH 8.0,3/18/2025 11:43:47 AM,F19
20999821,round1_idt_oligos,570594582,78640311,500 picomole DNA Plate Oligo,Standard Desalting,LK_BorAT.R2628A.F1,,0.0005,43,GCG CCT AGA GCA CTT GCC GCC GCC GCG GGC ACC GGT GAA CAT G,13216.5,2.54582484725051,33.6470035641548,392800,72.093023255814,77.1802670769118, Standard Desalting ,N/A,10然 in 50無IDTE Buffer pH 8.0,10然,50,IDTE Buffer pH 8.0,3/18/2025 11:43:47 AM,F20
20999821,round1_idt_oligos,570594583,78640465,500 picomole DNA Plate Oligo,Standard Desalting,LK_BorAT.K2715S.F1,,0.0005,43,GCC GTA GTG TTC GAC TAT CCA AGC CCA GCC GCC CTC GCC GAA C,13070.5,2.55885363357216,33.4454247697032,390800,65.1162790697674,73.4248752134479, Standard Desalting ,N/A,10然 in 50無IDTE Buffer pH 8.0,10然,50,IDTE Buffer pH 8.0,3/18/2025 11:43:47 AM,F21
20999821,round1_idt_oligos,570594584,78640312,500 picomole DNA Plate Oligo,Standard Desalting,LK_BorAT.K2715T.F1,,0.0005,43,GCC GTA GTG TTC GAC TAT CCA ACC CCA GCC GCC CTC GCC GAA C,13030.4,2.5766555011595,33.5749755217727,388100,65.1162790697674,73.3644376237115, Standard Desalting ,N/A,10然 in 50無IDTE Buffer pH 8.0,10然,50,IDTE Buffer pH 8.0,3/18/2025 11:43:47 AM,F22
20999821,round1_idt_oligos,570594585,78640466,500 picomole DNA Plate Oligo,Standard Desalting,LK_BorAT.K360.R,,0.0005,18,GCC GGC AGG CGC GTC GTC,5517.6,6.20732464307883,34.2494661700807,161100,83.3333333333333,68.0045560569326, Standard Desalting ,N/A,10然 in 50無IDTE Buffer pH 8.0,10然,50,IDTE Buffer pH 8.0,3/18/2025 11:43:47 AM,F23
20999821,round1_idt_oligos,570594586,78640313,500 picomole DNA Plate Oligo,Standard Desalting,LK_BorAT.Y511.R,,0.0005,22,CGG CTG GGC GGC TAA CAG CCT G,6777.4,4.98753117206983,33.8025486284289,200500,72.7272727272727,67.4000499075172, Standard Desalting ,N/A,10然 in 50無IDTE Buffer pH 8.0,10然,50,IDTE Buffer pH 8.0,3/18/2025 11:43:47 AM,F24
20999821,round1_idt_oligos,570594587,78640386,500 picomole DNA Plate Oligo,Standard Desalting,LK_BorAT.S720.R,,0.0005,25,GAT GGC CAG TTG CGG CTC ATC GGA C,7699,4.27899015832264,32.9439965768079,233700,64,65.8473524143125, Standard Desalting ,N/A,10然 in 50無IDTE Buffer pH 8.0,10然,50,IDTE Buffer pH 8.0,3/18/2025 11:43:47 AM,G01
20999821,round1_idt_oligos,570594588,78640539,500 picomole DNA Plate Oligo,Standard Desalting,LK_BorAT.Q764.R,,0.0005,21,TGC GAG GGC TGC TCC AGC GGG,6504.2,5.20020800832033,33.8233281331253,192300,76.1904761904762,69.3871390597681, Standard Desalting ,N/A,10然 in 50無IDTE Buffer pH 8.0,10然,50,IDTE Buffer pH 8.0,3/18/2025 11:43:47 AM,G02
20999821,round1_idt_oligos,570594589,78640387,500 picomole DNA Plate Oligo,Standard Desalting,LK_BorAT.E843.R,,0.0005,21,CGC CGT GTC GCC GAG CAG TTC,6399.2,5.31632110579479,34.0200212652844,188100,71.4285714285714,65.6645885676852, Standard Desalting ,N/A,10然 in 50無IDTE Buffer pH 8.0,10然,50,IDTE Buffer pH 8.0,3/18/2025 11:43:47 AM,G03
20999821,round1_idt_oligos,570594590,78640540,500 picomole DNA Plate Oligo,Standard Desalting,LK_BorAT.M905.R,,0.0005,24,GTC AAA GGC GGC CGA CAG GTC TGC,7403.8,4.36871996505024,32.345255570118,228900,66.6666666666667,66.352364702768, Standard Desalting ,N/A,10然 in 50無IDTE Buffer pH 8.0,10然,50,IDTE Buffer pH 8.0,3/18/2025 11:43:47 AM,G04
20999821,round1_idt_oligos,570594591,78640388,500 picomole DNA Plate Oligo,Standard Desalting,LK_BorAT.M1323.R,,0.0005,25,CAC GGC CAG CAC CTG ATG GCC CTT G,7604,4.47227191413238,34.0069409660107,223600,68,68.0853807389685, Standard Desalting ,N/A,10然 in 50無IDTE Buffer pH 8.0,10然,50,IDTE Buffer pH 8.0,3/18/2025 11:43:47 AM,G05
20999821,round1_idt_oligos,570594592,78640541,500 picomole DNA Plate Oligo,Standard Desalting,LK_BorAT.L1459.R,,0.0005,25,CCA TTC CCG CTC TTC GGT CAA CAG C,7513.9,4.5662100456621,34.3100639269406,219000,60,63.8004852935454, Standard Desalting ,N/A,10然 in 50無IDTE Buffer pH 8.0,10然,50,IDTE Buffer pH 8.0,3/18/2025 11:43:47 AM,G06
20999821,round1_idt_oligos,570594593,78640389,500 picomole DNA Plate Oligo,Standard Desalting,LK_BorAT.S1728.R,,0.0005,30,TGC AAT CAC CAC ATC CTC ACC CAG GAA ACC,9033.9,3.55113636363636,32.080703125,281600,53.3333333333333,65.1760989944468, Standard Desalting ,N/A,10然 in 50無IDTE Buffer pH 8.0,10然,50,IDTE Buffer pH 8.0,3/18/2025 11:43:47 AM,G07
20999821,round1_idt_oligos,570594594,78640542,500 picomole DNA Plate Oligo,Standard Desalting,LK_BorAT.M1958.R,,0.0005,22,GAA CCC ACC CGA ATC CGG CCG C,6635.3,4.98753117206983,33.093970074813,200500,72.7272727272727,67.4392229449332, Standard Desalting ,N/A,10然 in 50無IDTE Buffer pH 8.0,10然,50,IDTE Buffer pH 8.0,3/18/2025 11:43:48 AM,G08
20999821,round1_idt_oligos,570594595,78640390,500 picomole DNA Plate Oligo,Standard Desalting,LK_BorAT.N1985.R,,0.0005,23,TGG CAC CAG GAC CGC GTC ATC CC,6970.5,4.79386385426654,33.4158581016299,208600,69.5652173913043,67.8850779204124, Standard Desalting ,N/A,10然 in 50無IDTE Buffer pH 8.0,10然,50,IDTE Buffer pH 8.0,3/18/2025 11:43:48 AM,G09
20999821,round1_idt_oligos,570594596,78640543,500 picomole DNA Plate Oligo,Standard Desalting,LK_BorAT.T2102.R,,0.0005,24,GGG GTG TAC CCC ATA CCG CTC GGC,7330.8,4.56829602558246,33.489113750571,218900,70.8333333333333,67.4263752397939, Standard Desalting ,N/A,10然 in 50無IDTE Buffer pH 8.0,10然,50,IDTE Buffer pH 8.0,3/18/2025 11:43:48 AM,G10
20999821,round1_idt_oligos,570594597,78640391,500 picomole DNA Plate Oligo,Standard Desalting,LK_BorAT.R2211.R,,0.0005,22,GGC TGT CCG CAC TGT GAC GGC G,6768.4,5.02260170768458,33.9949673530889,199100,72.7272727272727,67.3771072493609, Standard Desalting ,N/A,10然 in 50無IDTE Buffer pH 8.0,10然,50,IDTE Buffer pH 8.0,3/18/2025 11:43:48 AM,G11
20999821,round1_idt_oligos,570594598,78640544,500 picomole DNA Plate Oligo,Standard Desalting,LK_BorAT.S2468.R,,0.0005,22,GGT CAG GGC GGT GAC CAC GCC G,6802.4,4.81695568400771,32.7669701348748,207600,77.2727272727273,69.2933787848399, Standard Desalting ,N/A,10然 in 50無IDTE Buffer pH 8.0,10然,50,IDTE Buffer pH 8.0,3/18/2025 11:43:48 AM,G12
20999821,round1_idt_oligos,570594599,78640392,500 picomole DNA Plate Oligo,Standard Desalting,LK_BorAT.N2505.R,,0.0005,22,CGC GGC CGA GGA GAA CAG GAC G,6844.5,4.53514739229025,31.0406984126984,220500,72.7272727272727,66.5269237101519, Standard Desalting ,N/A,10然 in 50無IDTE Buffer pH 8.0,10然,50,IDTE Buffer pH 8.0,3/18/2025 11:43:48 AM,G13
20999821,round1_idt_oligos,570594600,78640545,500 picomole DNA Plate Oligo,Standard Desalting,LK_BorAT.W2527.R,,0.0005,22,TGC TAG CGC GTC TAA AGC GGC G,6776.4,4.84966052376334,32.8633559650824,206200,63.6363636363636,64.3704120851737, Standard Desalting ,N/A,10然 in 50無IDTE Buffer pH 8.0,10然,50,IDTE Buffer pH 8.0,3/18/2025 11:43:48 AM,G14
20999821,round1_idt_oligos,570594601,78640393,500 picomole DNA Plate Oligo,Standard Desalting,LK_BorAT.Q2552.R,,0.0005,21,GGT CAT GCC GCT GGC CCG CTC,6375.1,5.56173526140156,35.4568464961068,179800,76.1904761904762,68.3079248057974, Standard Desalting ,N/A,10然 in 50無IDTE Buffer pH 8.0,10然,50,IDTE Buffer pH 8.0,3/18/2025 11:43:48 AM,G15
20999821,round1_idt_oligos,570594602,78640546,500 picomole DNA Plate Oligo,Standard Desalting,LK_BorAT.R2628.R,,0.0005,22,GGC AAG TGC TCT AGG CGC CGG C,6777.4,4.94315373208107,33.5017844784973,202300,72.7272727272727,67.5309754435132, Standard Desalting ,N/A,10然 in 50無IDTE Buffer pH 8.0,10然,50,IDTE Buffer pH 8.0,3/18/2025 11:43:48 AM,G16
20999821,round1_idt_oligos,570594603,78640394,500 picomole DNA Plate Oligo,Standard Desalting,LK_BorAT.K2715.R,,0.0005,26,TGG ATA GTC GAA CAC TAC GGC TGA CG,8020.2,3.91389432485323,31.3903992172211,255500,53.8461538461538,61.5739129427313, Standard Desalting ,N/A,10然 in 50無IDTE Buffer pH 8.0,10然,50,IDTE Buffer pH 8.0,3/18/2025 11:43:48 AM,G17
20999821,round1_idt_oligos,570594604,78640547,500 picomole DNA Plate Oligo,Standard Desalting,PW_CYP90.G56F.F1,,0.0005,56,CGG GGA GAC GCT GTC CTT TTT CAA AAT CCA CCC TAG CAC TTC TAT TGG GGA TTA TC,17156.1,1.91828122002686,32.9102858239018,521300,48.2142857142857,68.9291151556597, Standard Desalting ,N/A,10然 in 50無IDTE Buffer pH 8.0,10然,50,IDTE Buffer pH 8.0,3/18/2025 11:43:48 AM,G18
20999821,round1_idt_oligos,570594605,78640395,500 picomole DNA Plate Oligo,Standard Desalting,PW_CYP90.G56L.F1,,0.0005,56,CGG GGA GAC GCT GTC CTT TTT AAA AAT CCA CCC TAG CAC TTC TAT TGG GGA TTA TC,17180.2,1.89861401177141,32.6184868046326,526700,46.4285714285714,68.225408071915, Standard Desalting ,N/A,10然 in 50無IDTE Buffer pH 8.0,10然,50,IDTE Buffer pH 8.0,3/18/2025 11:43:48 AM,G19
20999821,round1_idt_oligos,570594606,78640548,500 picomole DNA Plate Oligo,Standard Desalting,PW_CYP90.A85G.F1,,0.0005,59,CGG AAA GAT ATT TAA AGC GAA TTT ATT CGG CAG TCA AGC TGT AGT ATC CGT AGA TGC TG,18287.9,1.69577751399016,31.0122197727658,589700,40.6779661016949,66.4888309219849, Standard Desalting ,N/A,10然 in 50無IDTE Buffer pH 8.0,10然,50,IDTE Buffer pH 8.0,3/18/2025 11:43:48 AM,G20
20999821,round1_idt_oligos,570594607,78640396,500 picomole DNA Plate Oligo,Standard Desalting,PW_CYP90.L102Q.F1,,0.0005,56,GAT GCT GAA TTG AAC CGT TTT GTA ATG CAA AAC GAC GGA AGA TTA TTC GAG CCG TG,17366.3,1.80115273775216,31.2793677953891,555200,42.8571428571429,67.7572433683566, Standard Desalting ,N/A,10然 in 50無IDTE Buffer pH 8.0,10然,50,IDTE Buffer pH 8.0,3/18/2025 11:43:48 AM,G21
20999821,round1_idt_oligos,570594608,78640549,500 picomole DNA Plate Oligo,Standard Desalting,PW_CYP90.T112Y.F1,,0.0005,55,GGA AGA TTA TTC GAG CCG TGC TAT CCT AAA GGC GTA CTG GAC ATA TTG GGT CAT G,17045.1,1.85150897981855,31.5591001666358,540100,47.2727272727273,68.0551817602162, Standard Desalting ,N/A,10然 in 50無IDTE Buffer pH 8.0,10然,50,IDTE Buffer pH 8.0,3/18/2025 11:43:48 AM,G22
20999821,round1_idt_oligos,570594609,78640397,500 picomole DNA Plate Oligo,Standard Desalting,PW_CYP90.G115S.F1,,0.0005,55,CGA GCC GTG CAC CCC TAA ATC CGT ACT GGA CAT ATT GGG TCA TGC TAC TCC AAT G,16830.9,1.93423597678917,32.5549806576402,517000,52.7272727272727,70.342478153806, Standard Desalting ,N/A,10然 in 50無IDTE Buffer pH 8.0,10然,50,IDTE Buffer pH 8.0,3/18/2025 11:43:48 AM,G23
20999821,round1_idt_oligos,570594610,78640550,500 picomole DNA Plate Oligo,Standard Desalting,PW_CYP90.H122K.F1,,0.0005,52,CTA AAG GCG TAC TGG ACA TAT TGG GTA AGG CTA CTC CAA TGG CGC TAT CCG G,16068.4,1.99044585987261,31.9833459394904,502400,51.9230769230769,69.3406968206534, Standard Desalting ,N/A,10然 in 50無IDTE Buffer pH 8.0,10然,50,IDTE Buffer pH 8.0,3/18/2025 11:43:48 AM,G24
20999821,round1_idt_oligos,570594611,78640467,500 picomole DNA Plate Oligo,Standard Desalting,PW_CYP90.A123H.F1,,0.0005,48,GCG TAC TGG ACA TAT TGG GTC ATC ATA CTC CAA TGG CGC TAT CCG GCG,14759.6,2.20215811495265,32.5029156573442,454100,54.1666666666667,69.7921663118579, Standard Desalting ,N/A,10然 in 50無IDTE Buffer pH 8.0,10然,50,IDTE Buffer pH 8.0,3/18/2025 11:43:48 AM,H01
20999821,round1_idt_oligos,570594612,78640314,500 picomole DNA Plate Oligo,Standard Desalting,PW_CYP90.A123R.F1,,0.0005,48,GCG TAC TGG ACA TAT TGG GTC ATA GGA CTC CAA TGG CGC TAT CCG GCG,14824.6,2.1795989537925,32.3117044463819,458800,56.25,70.4948163757554, Standard Desalting ,N/A,10然 in 50無IDTE Buffer pH 8.0,10然,50,IDTE Buffer pH 8.0,3/18/2025 11:43:48 AM,H02
20999821,round1_idt_oligos,570594613,78640468,500 picomole DNA Plate Oligo,Standard Desalting,PW_CYP90.T172K.F1,,0.0005,59,CTT TGG CTT CAT GGG AAG AAG GTA AGC CTT TTC AGG CTA AGG AAG AAG CAA GTA AAA TG,18371,1.68293503870751,30.9171457421743,594200,42.3728813559322,67.7707411600657, Standard Desalting ,N/A,10然 in 50無IDTE Buffer pH 8.0,10然,50,IDTE Buffer pH 8.0,3/18/2025 11:43:49 AM,H03
20999821,round1_idt_oligos,570594614,78640315,500 picomole DNA Plate Oligo,Standard Desalting,PW_CYP90.A277D.F1,,0.0005,58,GTG CTG GAA CAG TCA AAT CTG GAT GAT GAG CAA TTC GGG GAT CTA TTG TTA GGA TTA C,18030.7,1.73641257162702,31.3087688834867,575900,43.1034482758621,67.2853527034856, Standard Desalting ,N/A,10然 in 50無IDTE Buffer pH 8.0,10然,50,IDTE Buffer pH 8.0,3/18/2025 11:43:49 AM,H04
20999821,round1_idt_oligos,570594615,78640469,500 picomole DNA Plate Oligo,Standard Desalting,PW_CYP90.A277E.F1,,0.0005,58,GTG CTG GAA CAG TCA AAT CTG GAT GAA GAG CAA TTC GGG GAT CTA TTG TTA GGA TTA C,18039.7,1.7247326664367,31.1137167988962,579800,43.1034482758621,67.2599880323699, Standard Desalting ,N/A,10然 in 50無IDTE Buffer pH 8.0,10然,50,IDTE Buffer pH 8.0,3/18/2025 11:43:49 AM,H05
20999821,round1_idt_oligos,570594616,78640316,500 picomole DNA Plate Oligo,Standard Desalting,PW_CYP90.F280I.F1,,0.0005,55,GTC AAA TCT GGA TGC GGA GCA AAT CGG GGA TCT ATT GTT AGG ATT ACT GTT CGG G,17116.1,1.85116623472788,31.684755646057,540200,47.2727272727273,68.3620385532963, Standard Desalting ,N/A,10然 in 50無IDTE Buffer pH 8.0,10然,50,IDTE Buffer pH 8.0,3/18/2025 11:43:49 AM,H06
20999821,round1_idt_oligos,570594617,78640470,500 picomole DNA Plate Oligo,Standard Desalting,PW_CYP90.F280L.F1,,0.0005,55,GTC AAA TCT GGA TGC GGA GCA ATT AGG GGA TCT ATT GTT AGG ATT ACT GTT CGG G,17131.1,1.84331797235023,31.5780958525346,542500,45.4545454545455,67.5363471075403, Standard Desalting ,N/A,10然 in 50無IDTE Buffer pH 8.0,10然,50,IDTE Buffer pH 8.0,3/18/2025 11:43:49 AM,H07
20999821,round1_idt_oligos,570594618,78640317,500 picomole DNA Plate Oligo,Standard Desalting,PW_CYP90.F280V.F1,,0.0005,55,GTC AAA TCT GGA TGC GGA GCA AGT AGG GGA TCT ATT GTT AGG ATT ACT GTT CGG G,17156.1,1.83452577508714,31.47336085122,545100,47.2727272727273,68.0452656882165, Standard Desalting ,N/A,10然 in 50無IDTE Buffer pH 8.0,10然,50,IDTE Buffer pH 8.0,3/18/2025 11:43:49 AM,H08
20999821,round1_idt_oligos,570594619,78640471,500 picomole DNA Plate Oligo,Standard Desalting,PW_CYP90.L302A.F1,,0.0005,56,CTA GCG CTA CGG CTA TTA CTT TGG CTA TAT ATT TCC TTC ATG ATT GCC CCT TGG CG,17104.1,1.97433366238894,33.7691628825271,506500,46.4285714285714,68.2243003876935, Standard Desalting ,N/A,10然 in 50無IDTE Buffer pH 8.0,10然,50,IDTE Buffer pH 8.0,3/18/2025 11:43:49 AM,H09
20999821,round1_idt_oligos,570594620,78640318,500 picomole DNA Plate Oligo,Standard Desalting,PW_CYP90.Y304K.F1,,0.0005,52,GCT ACG GCT ATT ACT TTG CTA ATA AAG TTC CTT CAT GAT TGC CCC TTG GCG G,15926.3,2.09073803052478,33.2977921806398,478300,46.1538461538462,67.9105339136037, Standard Desalting ,N/A,10然 in 50無IDTE Buffer pH 8.0,10然,50,IDTE Buffer pH 8.0,3/18/2025 11:43:49 AM,H10
20999821,round1_idt_oligos,570594621,78640472,500 picomole DNA Plate Oligo,Standard Desalting,PW_CYP90.L343S.F1,,0.0005,56,GGC ATT AAC CTG GGA AGA CTA TAA ATC CAT GGA GTT CAG TCA ATG TGT CGT ACG TG,17342.3,1.79791441927364,31.1799352750809,556200,44.6428571428571,67.3750667455422, Standard Desalting ,N/A,10然 in 50無IDTE Buffer pH 8.0,10然,50,IDTE Buffer pH 8.0,3/18/2025 11:43:49 AM,H11
20999821,round1_idt_oligos,570594622,78640319,500 picomole DNA Plate Oligo,Standard Desalting,PW_CYP90.V402P.F1,,0.0005,56,GTC GAC CCT TCT GTG TAT GAG AAT CCT CAC AAA TTC GAT CCA TGG AGG TGG CAA AC,17223.2,1.85185185185185,31.8948055555556,540000,48.2142857142857,68.9214804119833, Standard Desalting ,N/A,10然 in 50無IDTE Buffer pH 8.0,10然,50,IDTE Buffer pH 8.0,3/18/2025 11:43:49 AM,H12
20999821,round1_idt_oligos,570594623,78640473,500 picomole DNA Plate Oligo,Standard Desalting,PW_CYP90.P470V.F1,,0.0005,55,GAC AAT CCT ATC GCT TCC CCA TTC GTA GAG TTT CCC AGA GGG CTT CCA ATA AAG G,16829.9,1.91094974202178,32.1611656793426,523300,49.0909090909091,68.866507296707, Standard Desalting ,N/A,10然 in 50無IDTE Buffer pH 8.0,10然,50,IDTE Buffer pH 8.0,3/18/2025 11:43:49 AM,H13
20999821,round1_idt_oligos,570594624,78640320,500 picomole DNA Plate Oligo,Standard Desalting,PW_CYP90.G56.R,,0.0005,27,AAA GGA CAG CGT CTC CCC GAC TAA TGG,8278.4,3.78787878787879,31.3576515151515,264000,55.5555555555556,63.5477576305469, Standard Desalting ,N/A,10然 in 50無IDTE Buffer pH 8.0,10然,50,IDTE Buffer pH 8.0,3/18/2025 11:43:49 AM,H14
20999821,round1_idt_oligos,570594625,78640474,500 picomole DNA Plate Oligo,Standard Desalting,PW_CYP90.A85.R,,0.0005,40,GAA TAA ATT CGC TTT AAA TAT CTT TCC GTA TTT GTG GAT G,12305,2.56805341551104,31.6000077041603,389400,30,58.4333235355905, Standard Desalting ,N/A,10然 in 50無IDTE Buffer pH 8.0,10然,50,IDTE Buffer pH 8.0,3/18/2025 11:43:49 AM,H15
20999821,round1_idt_oligos,570594626,78640321,500 picomole DNA Plate Oligo,Standard Desalting,PW_CYP90.Q87.R,,0.0005,40,ACT TGC GAA TAA ATT CGC TTT AAA TAT CTT TCC GTA TTT G,12225,2.61985852763951,32.0277574011003,381700,30,59.4862550602049, Standard Desalting ,N/A,10然 in 50無IDTE Buffer pH 8.0,10然,50,IDTE Buffer pH 8.0,3/18/2025 11:43:49 AM,H16
20999821,round1_idt_oligos,570594627,78640475,500 picomole DNA Plate Oligo,Standard Desalting,PW_CYP90.L102.R,,0.0005,36,CAT TAC AAA ACG GTT CAA TTC AGC ATC TAC GGA TAC,10996.2,2.81531531531532,30.9578068693694,355200,38.8888888888889,60.3999081567569, Standard Desalting ,N/A,10然 in 50無IDTE Buffer pH 8.0,10然,50,IDTE Buffer pH 8.0,3/18/2025 11:43:49 AM,H17
20999821,round1_idt_oligos,570594628,78640322,500 picomole DNA Plate Oligo,Standard Desalting,PW_CYP90.G115.R,,0.0005,29,TTT AGG GGT GCA CGG CTC GAA TAA TCT TC,8923.8,3.63901018922853,32.4738791848617,274800,48.2758620689655,61.8760205492444, Standard Desalting ,N/A,10然 in 50無IDTE Buffer pH 8.0,10然,50,IDTE Buffer pH 8.0,3/18/2025 11:43:49 AM,H18
20999821,round1_idt_oligos,570594629,78640476,500 picomole DNA Plate Oligo,Standard Desalting,PW_CYP90.T112.R,,0.0005,25,GCA CGG CTC GAA TAA TCT TCC GTC G,7618,4.30292598967298,32.779591222031,232400,56,61.5933440956222, Standard Desalting ,N/A,10然 in 50無IDTE Buffer pH 8.0,10然,50,IDTE Buffer pH 8.0,3/18/2025 11:43:50 AM,H19
20999821,round1_idt_oligos,570594630,78640323,500 picomole DNA Plate Oligo,Standard Desalting,PW_CYP90.A123.R,,0.0005,31,ATG ACC CAA TAT GTC CAG TAC GCC TTT AGG G,9495.2,3.32667997338656,31.58750499002,300600,48.3870967741935,62.5361196241719, Standard Desalting ,N/A,10然 in 50無IDTE Buffer pH 8.0,10然,50,IDTE Buffer pH 8.0,3/18/2025 11:43:50 AM,H20
20999821,round1_idt_oligos,570594631,78640477,500 picomole DNA Plate Oligo,Standard Desalting,PW_CYP90.H122.R,,0.0005,31,ACC CAA TAT GTC CAG TAC GCC TTT AGG GGT G,9511.2,3.35457900033546,31.9060818517276,298100,51.6129032258065,64.1021976421837, Standard Desalting ,N/A,10然 in 50無IDTE Buffer pH 8.0,10然,50,IDTE Buffer pH 8.0,3/18/2025 11:43:50 AM,H21
20999821,round1_idt_oligos,570594632,78640324,500 picomole DNA Plate Oligo,Standard Desalting,PW_CYP90.A157.R,,0.0005,34,ATC AGG CAA AAA GTA TGA CTT CAT CCT TCC GAT C,10369.8,3.0229746070133,31.3476269649335,330800,41.1764705882353,61.1776599043175, Standard Desalting ,N/A,10然 in 50無IDTE Buffer pH 8.0,10然,50,IDTE Buffer pH 8.0,3/18/2025 11:43:50 AM,H22
20999821,round1_idt_oligos,570594633,78640478,500 picomole DNA Plate Oligo,Standard Desalting,PW_CYP90.T172.R,,0.0005,38,ACC TTC TTC CCA TGA AGC CAA AGT TTC GGT AAT ATA AC,11580.6,2.72331154684096,31.5375272331155,367200,39.4736842105263,62.1406493847784, Standard Desalting ,N/A,10然 in 50無IDTE Buffer pH 8.0,10然,50,IDTE Buffer pH 8.0,3/18/2025 11:43:50 AM,H23
20999821,round1_idt_oligos,570594634,78640325,500 picomole DNA Plate Oligo,Standard Desalting,PW_CYP90.A277.R,,0.0005,36,ATC CAG ATT TGA CTG TTC CAG CAC AAA TCC TAG TAG,11003.2,2.84656988329063,31.3213748932536,351300,41.6666666666667,61.8877025212848, Standard Desalting ,N/A,10然 in 50無IDTE Buffer pH 8.0,10然,50,IDTE Buffer pH 8.0,3/18/2025 11:43:50 AM,H24
20999821,round1_idt_oligos,570594635,78640398,500 picomole DNA Plate Oligo,Standard Desalting,PW_CYP90.F280.R,,0.0005,30,TTG CTC CGC ATC CAG ATT TGA CTG TTC CAG,9123.9,3.68188512518409,33.5933173784978,271600,50,63.6489022433931, Standard Desalting ,N/A,10然 in 50無IDTE Buffer pH 8.0,10然,50,IDTE Buffer pH 8.0,3/18/2025 11:43:50 AM,I01
20999821,round1_idt_oligos,570594636,78640551,500 picomole DNA Plate Oligo,Standard Desalting,PW_CYP90.L302.R,,0.0005,30,CAA AGT AAT AGC CGT AGC GCT AGT CTC ATG,9215,3.37723741979061,31.1213542722053,296100,46.6666666666667,60.029040691535, Standard Desalting ,N/A,10然 in 50無IDTE Buffer pH 8.0,10然,50,IDTE Buffer pH 8.0,3/18/2025 11:43:50 AM,I02
20999821,round1_idt_oligos,570594637,78640399,500 picomole DNA Plate Oligo,Standard Desalting,PW_CYP90.Y304.R,,0.0005,31,TAT TAG CAA AGT AAT AGC CGT AGC GCT AGT C,9543.3,3.2133676092545,30.6659832904884,311200,41.9354838709677,59.2833272065565, Standard Desalting ,N/A,10然 in 50無IDTE Buffer pH 8.0,10然,50,IDTE Buffer pH 8.0,3/18/2025 11:43:50 AM,I03
20999821,round1_idt_oligos,570594638,78640552,500 picomole DNA Plate Oligo,Standard Desalting,PW_CYP90.L343.R,,0.0005,31,TTT ATA GTC TTC CCA GGT TAA TGC CGC AGG C,9477.2,3.45781466113416,32.7703250345782,289200,48.3870967741935,63.1137320710563, Standard Desalting ,N/A,10然 in 50無IDTE Buffer pH 8.0,10然,50,IDTE Buffer pH 8.0,3/18/2025 11:43:50 AM,I04
20999821,round1_idt_oligos,570594639,78640400,500 picomole DNA Plate Oligo,Standard Desalting,PW_CYP90.V402.R,,0.0005,30,ATT CTC ATA CAC AGA AGG GTC GAC ATG AGC,9224,3.32336324360253,30.6548554336989,300900,46.6666666666667,61.1816537002033, Standard Desalting ,N/A,10然 in 50無IDTE Buffer pH 8.0,10然,50,IDTE Buffer pH 8.0,3/18/2025 11:43:50 AM,I05
20999821,round1_idt_oligos,570594640,78640553,500 picomole DNA Plate Oligo,Standard Desalting,PW_CYP90.Q437.R,,0.0005,31,TAA TCC GGC GCA ATT TCT TAA TCC TAA CCC G,9390.1,3.47342827370615,32.6159916637721,287900,45.1612903225806,61.7852883743726, Standard Desalting ,N/A,10然 in 50無IDTE Buffer pH 8.0,10然,50,IDTE Buffer pH 8.0,3/18/2025 11:43:50 AM,I06
20999821,round1_idt_oligos,570594641,78640401,500 picomole DNA Plate Oligo,Standard Desalting,PW_CYP90.V444.R,,0.0005,31,TAT CTC TAG CTT AGC CAA TTG TAA TCC GGC G,9461.2,3.42935528120713,32.445744170096,291600,45.1612903225806,60.9679597596106, Standard Desalting ,N/A,10然 in 50無IDTE Buffer pH 8.0,10然,50,IDTE Buffer pH 8.0,3/18/2025 11:43:50 AM,I07
20999821,round1_idt_oligos,570594642,78640554,500 picomole DNA Plate Oligo,Standard Desalting,PW_CYP90.P470.R,,0.0005,30,GAA TGG GGA AGC GAT AGG ATT GTC TGG TTC,9382.1,3.32778702163062,31.2216805324459,300500,50,61.9172112446916, Standard Desalting ,N/A,10然 in 50無IDTE Buffer pH 8.0,10然,50,IDTE Buffer pH 8.0,3/18/2025 11:43:50 AM,I08
20999821,round1_idt_oligos,570594643,78640402,500 picomole DNA Plate Oligo,Standard Desalting,PW_GABAT.M42F.F1,,0.0005,56,GCA AAG GGT TTC AAG GGA CAT GAC TTT TTA GCC CCC TTT ACC CCC GGT TGG AAA TC,17190.2,1.89933523266857,32.6498708452042,526500,50,70.4346167063407, Standard Desalting ,N/A,10然 in 50無IDTE Buffer pH 8.0,10然,50,IDTE Buffer pH 8.0,3/18/2025 11:43:51 AM,I09
20999821,round1_idt_oligos,570594644,78640555,500 picomole DNA Plate Oligo,Standard Desalting,PW_GABAT.M42L.F1,,0.0005,56,GCA AAG GGT TTC AAG GGA CAT GAC TTG TTA GCC CCC TTT ACC CCC GGT TGG AAA TC,17215.2,1.89000189000189,32.5367019467019,529100,51.7857142857143,70.9626685414095, Standard Desalting ,N/A,10然 in 50無IDTE Buffer pH 8.0,10然,50,IDTE Buffer pH 8.0,3/18/2025 11:43:51 AM,I10
20999821,round1_idt_oligos,570594645,78640403,500 picomole DNA Plate Oligo,Standard Desalting,PW_GABAT.M42Y.F1,,0.0005,56,GCA AAG GGT TTC AAG GGA CAT GAC TAC TTA GCC CCC TTT ACC CCC GGT TGG AAA TC,17184.2,1.88501413760603,32.3923807728558,530500,51.7857142857143,70.6267275832751, Standard Desalting ,N/A,10然 in 50無IDTE Buffer pH 8.0,10然,50,IDTE Buffer pH 8.0,3/18/2025 11:43:51 AM,I11
20999821,round1_idt_oligos,570594646,78640556,500 picomole DNA Plate Oligo,Standard Desalting,PW_GABAT.G90F.F1,,0.0005,51,CTG TGG TGT ACT AGC CTT GGC TTT AAT GAA CCT AGA TTG ATC GAG GCA GCG,15776.2,2.05128205128205,32.3615076923077,487500,49.0196078431373,68.2514711171237, Standard Desalting ,N/A,10然 in 50無IDTE Buffer pH 8.0,10然,50,IDTE Buffer pH 8.0,3/18/2025 11:43:51 AM,I12
20999821,round1_idt_oligos,570594647,78640404,500 picomole DNA Plate Oligo,Standard Desalting,PW_GABAT.G90H.F1,,0.0005,51,CTG TGG TGT ACT AGC CTT GGC CAT AAT GAA CCT AGA TTG ATC GAG GCA GCG,15770.2,2.0329335230738,32.0598414311852,491900,50.9803921568627,68.9476619525673, Standard Desalting ,N/A,10然 in 50無IDTE Buffer pH 8.0,10然,50,IDTE Buffer pH 8.0,3/18/2025 11:43:51 AM,I13
20999821,round1_idt_oligos,570594648,78640557,500 picomole DNA Plate Oligo,Standard Desalting,PW_GABAT.Q174R.F1,,0.0005,59,CAA ACC GAA TAA AAA AAA GTT CAT CGC TAG GAC TAA GTC CTT CCA TGG GAC AAC TGT CG,18148.9,1.70415814587594,30.9285105657805,586800,42.3728813559322,67.4077854557393, Standard Desalting ,N/A,10然 in 50無IDTE Buffer pH 8.0,10然,50,IDTE Buffer pH 8.0,3/18/2025 11:43:51 AM,I14
20999821,round1_idt_oligos,570594649,78640405,500 picomole DNA Plate Oligo,Standard Desalting,PW_GABAT.F178Y.F1,,0.0005,49,GTT CAT CGC TCA GAC TAA GTC CTA CCA TGG GAC AAC TGT CGC ATC AGC C,14961.7,2.16919739696312,32.4549327548807,461000,53.0612244897959,69.3557008244639, Standard Desalting ,N/A,10然 in 50無IDTE Buffer pH 8.0,10然,50,IDTE Buffer pH 8.0,3/18/2025 11:43:51 AM,I15
20999821,round1_idt_oligos,570594650,78640558,500 picomole DNA Plate Oligo,Standard Desalting,PW_GABAT.M192P.F1,,0.0005,58,CAT CAG CCA GTC TAT CTG GGC TTC CGC ACC TGC ATT ACA AGT TTG ATT TAC CGA TTC C,17669.5,1.8796992481203,33.2132781954887,532000,48.2758620689655,69.4719915582033, Standard Desalting ,N/A,10然 in 50無IDTE Buffer pH 8.0,10然,50,IDTE Buffer pH 8.0,3/18/2025 11:43:51 AM,I16
20999821,round1_idt_oligos,570594651,78640406,500 picomole DNA Plate Oligo,Standard Desalting,PW_GABAT.K197D.F1,,0.0005,58,CTG GGC TTA TGC ACC TGC ATT ACG ATT TTG ATT TAC CGA TTC CCA ATG TTT TGC ACT C,17705.5,1.89537528430629,33.5585424564064,527600,43.1034482758621,68.279890411199, Standard Desalting ,N/A,10然 in 50無IDTE Buffer pH 8.0,10然,50,IDTE Buffer pH 8.0,3/18/2025 11:43:51 AM,I17
20999821,round1_idt_oligos,570594652,78640559,500 picomole DNA Plate Oligo,Standard Desalting,PW_GABAT.K197E.F1,,0.0005,58,CTG GGC TTA TGC ACC TGC ATT ACG AGT TTG ATT TAC CGA TTC CCA ATG TTT TGC ACT C,17730.5,1.886080724255,33.4411523953225,530200,44.8275862068966,68.737957846843, Standard Desalting ,N/A,10然 in 50無IDTE Buffer pH 8.0,10然,50,IDTE Buffer pH 8.0,3/18/2025 11:43:52 AM,I18
20999821,round1_idt_oligos,570594653,78640407,500 picomole DNA Plate Oligo,Standard Desalting,PW_GABAT.E242D.F1,,0.0005,58,GAT AAT CTT GAG AAA CTA ATT TTG AAA GAG GAT CCC GAC ACC GTT GCT GCT TTT ATT G,17884.6,1.77085177970604,31.6710625110678,564700,37.9310344827586,65.8648990037837, Standard Desalting ,N/A,10然 in 50無IDTE Buffer pH 8.0,10然,50,IDTE Buffer pH 8.0,3/18/2025 11:43:52 AM,I19
20999821,round1_idt_oligos,570594654,78640560,500 picomole DNA Plate Oligo,Standard Desalting,PW_GABAT.E242G.F1,,0.0005,58,GAT AAT CTT GAG AAA CTA ATT TTG AAA GAG GGG CCC GAC ACC GTT GCT GCT TTT ATT G,17925.7,1.77809388335704,31.873506401138,562400,41.3793103448276,67.3311125973768, Standard Desalting ,N/A,10然 in 50無IDTE Buffer pH 8.0,10然,50,IDTE Buffer pH 8.0,3/18/2025 11:43:52 AM,I20
20999821,round1_idt_oligos,570594655,78640408,500 picomole DNA Plate Oligo,Standard Desalting,PW_GABAT.S258G.F1,,0.0005,54,CGG AAC CGG TAA TGG GTG CTG GGG GTG TCT TTC TAC CGC CGG AAA CGT ATT TTG,16755.8,1.96193839513439,32.8739121051599,509700,55.5555555555556,71.7243175557252, Standard Desalting ,N/A,10然 in 50無IDTE Buffer pH 8.0,10然,50,IDTE Buffer pH 8.0,3/18/2025 11:43:52 AM,I21
20999821,round1_idt_oligos,570594656,78640561,500 picomole DNA Plate Oligo,Standard Desalting,PW_GABAT.A292G.F1,,0.0005,51,CTG ATG AGG TAG TGA CAG CGT TTG GGC GTC TGG GTA CCA TGT TCG GAT GCG,15889.3,2.04792135981978,32.539971329101,488300,56.8627450980392,71.422915461123, Standard Desalting ,N/A,10然 in 50無IDTE Buffer pH 8.0,10然,50,IDTE Buffer pH 8.0,3/18/2025 11:43:52 AM,I22
20999821,round1_idt_oligos,570594657,78640409,500 picomole DNA Plate Oligo,Standard Desalting,PW_GABAT.C350F.F1,,0.0005,42,GGA CTT TCG CGC ACG GTT TTA CGT TCT CAG GGC ACC CCG TCG,12849.3,2.6476039184538,34.0198808578237,377700,61.9047619047619,72.17118135116, Standard Desalting ,N/A,10然 in 50無IDTE Buffer pH 8.0,10然,50,IDTE Buffer pH 8.0,3/18/2025 11:43:52 AM,I23
20999821,round1_idt_oligos,570594658,78640562,500 picomole DNA Plate Oligo,Standard Desalting,PW_GABAT.M441L.F1,,0.0005,57,CGT ATC TGA ATG TGC CAA AAG AGG ATT GAT TGT TCA TGA GCC AAT AGG GGA TTG CAC,17695.5,1.76460208223046,31.2255390859361,566700,43.859649122807,68.0166994133171, Standard Desalting ,N/A,10然 in 50無IDTE Buffer pH 8.0,10然,50,IDTE Buffer pH 8.0,3/18/2025 11:43:52 AM,I24
20999821,round1_idt_oligos,570594659,78640479,500 picomole DNA Plate Oligo,Standard Desalting,PW_GABAT.H444R.F1,,0.0005,59,GAA TGT GCC AAA AGA GGA ATG ATT GTT AGG GAG CCA ATA GGG GAT TGC ACC ACT TTA AG,18396,1.66527893422148,30.6344379683597,600500,44.0677966101695,68.3900307317409, Standard Desalting ,N/A,10然 in 50無IDTE Buffer pH 8.0,10然,50,IDTE Buffer pH 8.0,3/18/2025 11:43:52 AM,J01
20999821,round1_idt_oligos,570594660,78640326,500 picomole DNA Plate Oligo,Standard Desalting,PW_GABAT.T451I.F1,,0.0005,58,GTT CAT GAG CCA ATA GGG GAT TGC ATA ACT TTA AGT CCG GCA TTG ATA ATA TCT GAG G,17974.7,1.73310225303293,31.1519878682842,577000,41.3793103448276,66.7267137239293, Standard Desalting ,N/A,10然 in 50無IDTE Buffer pH 8.0,10然,50,IDTE Buffer pH 8.0,3/18/2025 11:43:52 AM,J02
20999821,round1_idt_oligos,570594661,78640480,500 picomole DNA Plate Oligo,Standard Desalting,PW_GABAT.T451V.F1,,0.0005,58,GTT CAT GAG CCA ATA GGG GAT TGC GTG ACT TTA AGT CCG GCA TTG ATA ATA TCT GAG G,18006.7,1.74764068507515,31.4692327857392,572200,44.8275862068966,67.9592757291595, Standard Desalting ,N/A,10然 in 50無IDTE Buffer pH 8.0,10然,50,IDTE Buffer pH 8.0,3/18/2025 11:43:52 AM,J03
20999821,round1_idt_oligos,570594662,78640327,500 picomole DNA Plate Oligo,Standard Desalting,PW_GABAT.S477A.F1,,0.0005,49,GAT CTT CGG AGA AGC CTT GAA GGC GAC TGA GAA GCA GGT CGA ACA GCT G,15244.9,2.05803663305207,31.3745750154353,485900,55.1020408163265,70.2605114176111, Standard Desalting ,N/A,10然 in 50無IDTE Buffer pH 8.0,10然,50,IDTE Buffer pH 8.0,3/18/2025 11:43:52 AM,J04
20999821,round1_idt_oligos,570594663,78640481,500 picomole DNA Plate Oligo,Standard Desalting,PW_GABAT.M42.R,,0.0005,30,GTC ATG TCC CTT GAA ACC CTT TGC CTC AAC,9052.9,3.73134328358209,33.7795149253731,268000,50,62.8457641710389, Standard Desalting ,N/A,10然 in 50無IDTE Buffer pH 8.0,10然,50,IDTE Buffer pH 8.0,3/18/2025 11:43:52 AM,J05
20999821,round1_idt_oligos,570594664,78640328,500 picomole DNA Plate Oligo,Standard Desalting,PW_GABAT.G90.R,,0.0005,27,GCC AAG GCT AGT ACA CCA CAG ACC TGC,8223.4,3.87296669248644,31.848892331526,258200,59.2592592592593,64.3883385890825, Standard Desalting ,N/A,10然 in 50無IDTE Buffer pH 8.0,10然,50,IDTE Buffer pH 8.0,3/18/2025 11:43:53 AM,J06
20999821,round1_idt_oligos,570594665,78640482,500 picomole DNA Plate Oligo,Standard Desalting,PW_GABAT.R157.R,,0.0005,32,TAC TAA TTT CAC CTG CGT ATC ATT CGC TTC TG,9691.3,3.45423143350604,33.4760829015544,289500,40.625,59.8440097194609, Standard Desalting ,N/A,10然 in 50無IDTE Buffer pH 8.0,10然,50,IDTE Buffer pH 8.0,3/18/2025 11:43:53 AM,J07
20999821,round1_idt_oligos,570594666,78640329,500 picomole DNA Plate Oligo,Standard Desalting,PW_GABAT.F178.R,,0.0005,35,GGA CTT AGT CTG AGC GAT GAA CTT TTT TTT ATT CG,10773,3.02023557837511,32.5370673512534,331100,37.1428571428571,59.1944095792893, Standard Desalting ,N/A,10然 in 50無IDTE Buffer pH 8.0,10然,50,IDTE Buffer pH 8.0,3/18/2025 11:43:53 AM,J08
20999821,round1_idt_oligos,570594667,78640483,500 picomole DNA Plate Oligo,Standard Desalting,PW_GABAT.Q174.R,,0.0005,33,AGC GAT GAA CTT TTT TTT ATT CGG TTT GCC AAG,10139.6,3.2133676092545,32.5823232647815,311200,36.3636363636364,60.210018523285, Standard Desalting ,N/A,10然 in 50無IDTE Buffer pH 8.0,10然,50,IDTE Buffer pH 8.0,3/18/2025 11:43:53 AM,J09
20999821,round1_idt_oligos,570594668,78640330,500 picomole DNA Plate Oligo,Standard Desalting,PW_GABAT.K197.R,,0.0005,31,GTA ATG CAG GTG CAT AAG CCC AGA TAG ACT G,9593.3,3.19182891797,30.6201021385254,313300,48.3870967741935,61.7439308087669, Standard Desalting ,N/A,10然 in 50無IDTE Buffer pH 8.0,10然,50,IDTE Buffer pH 8.0,3/18/2025 11:43:53 AM,J10
20999821,round1_idt_oligos,570594669,78640484,500 picomole DNA Plate Oligo,Standard Desalting,PW_GABAT.M192.R,,0.0005,27,AAG CCC AGA TAG ACT GGC TGA TGC GAC,8318.4,3.76222723852521,31.2958765989466,265800,55.5555555555556,63.7936877899129, Standard Desalting ,N/A,10然 in 50無IDTE Buffer pH 8.0,10然,50,IDTE Buffer pH 8.0,3/18/2025 11:43:53 AM,J11
20999821,round1_idt_oligos,570594670,78640331,500 picomole DNA Plate Oligo,Standard Desalting,PW_GABAT.W214.R,,0.0005,33,GTA GTG TGG ACA ATC TGA GTG CAA AAC ATT GGG,10281.7,2.99490865528601,30.79280622941,333900,45.4545454545455,62.225131242354, Standard Desalting ,N/A,10然 in 50無IDTE Buffer pH 8.0,10然,50,IDTE Buffer pH 8.0,3/18/2025 11:43:53 AM,J12
20999821,round1_idt_oligos,570594671,78640485,500 picomole DNA Plate Oligo,Standard Desalting,PW_GABAT.S228.R,,0.0005,34,AGA GAA TTC TTC TTC ACT TTC CCC AGG TAA ATG G,10391.8,3.07692307692308,31.9747476923077,325000,41.1764705882353,60.9487902179363, Standard Desalting ,N/A,10然 in 50無IDTE Buffer pH 8.0,10然,50,IDTE Buffer pH 8.0,3/18/2025 11:43:53 AM,J13
20999821,round1_idt_oligos,570594672,78640332,500 picomole DNA Plate Oligo,Standard Desalting,PW_GABAT.E242.R,,0.0005,41,CTC TTT CAA AAT TAG TTT CTC AAG ATT ATC AGC TAA CCT TG,12483.2,2.57267815796244,32.1151736557757,388700,31.7073170731707,59.0019526264593, Standard Desalting ,N/A,10然 in 50無IDTE Buffer pH 8.0,10然,50,IDTE Buffer pH 8.0,3/18/2025 11:43:53 AM,J14
20999821,round1_idt_oligos,570594673,78640486,500 picomole DNA Plate Oligo,Standard Desalting,PW_GABAT.S258.R,,0.0005,29,AGC ACC CAT TAC CGG TTC CGC AAT AAA AG,8839.8,3.51741118536757,31.0932184312346,284300,48.2758620689655,62.6345510086816, Standard Desalting ,N/A,10然 in 50無IDTE Buffer pH 8.0,10然,50,IDTE Buffer pH 8.0,3/18/2025 11:43:53 AM,J15
20999821,round1_idt_oligos,570594674,78640333,500 picomole DNA Plate Oligo,Standard Desalting,PW_GABAT.A292.R,,0.0005,28,AAA CGC TGT CAC TAC CTC ATC AGC GAT G,8517.6,3.75093773443361,31.948912228057,266600,50,62.0294431943428, Standard Desalting ,N/A,10然 in 50無IDTE Buffer pH 8.0,10然,50,IDTE Buffer pH 8.0,3/18/2025 11:43:53 AM,J16
20999821,round1_idt_oligos,570594675,78640487,500 picomole DNA Plate Oligo,Standard Desalting,PW_GABAT.C350.R,,0.0005,25,ACC GTG CGC GAA AGT CCC AAT CTG C,7612,4.27715996578272,32.5576475620188,233800,60,65.6895985528232, Standard Desalting ,N/A,10然 in 50無IDTE Buffer pH 8.0,10然,50,IDTE Buffer pH 8.0,3/18/2025 11:43:53 AM,J17
20999821,round1_idt_oligos,570594676,78640334,500 picomole DNA Plate Oligo,Standard Desalting,PW_GABAT.H444.R,,0.0005,40,AAC AAT CAT TCC TCT TTT GGC ACA TTC AGA TAC GAA AAT G,12222,2.55623721881391,31.2423568507158,391200,35,61.669308180353, Standard Desalting ,N/A,10然 in 50無IDTE Buffer pH 8.0,10然,50,IDTE Buffer pH 8.0,3/18/2025 11:43:53 AM,J18
20999821,round1_idt_oligos,570594677,78640488,500 picomole DNA Plate Oligo,Standard Desalting,PW_GABAT.M441.R,,0.0005,32,TCC TCT TTT GGC ACA TTC AGA TAC GAA AAT GC,9758.4,3.30250990752972,32.2271763540291,302800,40.625,60.7321879603972, Standard Desalting ,N/A,10然 in 50無IDTE Buffer pH 8.0,10然,50,IDTE Buffer pH 8.0,3/18/2025 11:43:54 AM,J19
20999821,round1_idt_oligos,570594678,78640335,500 picomole DNA Plate Oligo,Standard Desalting,PW_GABAT.T451.R,,0.0005,33,GCA ATC CCC TAT TGG CTC ATG AAC AAT CAT TCC,9992.5,3.25309043591412,32.5066265452179,307400,45.4545454545455,62.274954281889, Standard Desalting ,N/A,10然 in 50無IDTE Buffer pH 8.0,10然,50,IDTE Buffer pH 8.0,3/18/2025 11:43:54 AM,J20
20999821,round1_idt_oligos,570594679,78640489,500 picomole DNA Plate Oligo,Standard Desalting,PW_GABAT.S477.R,,0.0005,31,CTT CAA GGC TTC TCC GAA GAT CTG TAT GAT C,9461.2,3.4435261707989,32.5798174931129,290400,45.1612903225806,59.7467802491809, Standard Desalting ,N/A,10然 in 50無IDTE Buffer pH 8.0,10然,50,IDTE Buffer pH 8.0,3/18/2025 11:43:54 AM,J21
20999821,round1_idt_oligos,570594680,78640336,500 picomole DNA Plate Oligo,Standard Desalting,SK_Art.A32D.F1,,0.0005,53,GGC CCA GGT CGA TCT ATT TTG GGA TAA CGA ATG GAA GCA CTA TCA GTC GCA TG,16396.7,1.92604006163328,31.5806124807396,519200,49.0566037735849,68.7649017621848, Standard Desalting ,N/A,10然 in 50無IDTE Buffer pH 8.0,10然,50,IDTE Buffer pH 8.0,3/18/2025 11:43:54 AM,J22
20999821,round1_idt_oligos,570594681,78640490,500 picomole DNA Plate Oligo,Standard Desalting,SK_Art.A32E.F1,,0.0005,53,GGC CCA GGT CGA TCT ATT TTG GGA GAA CGA ATG GAA GCA CTA TCA GTC GCA TG,16421.7,1.92159877017679,31.555853189854,520400,50.9433962264151,69.4911561895705, Standard Desalting ,N/A,10然 in 50無IDTE Buffer pH 8.0,10然,50,IDTE Buffer pH 8.0,3/18/2025 11:43:54 AM,J23
20999821,round1_idt_oligos,570594682,78640337,500 picomole DNA Plate Oligo,Standard Desalting,SK_Art.H66E.F1,,0.0005,55,CAG GTT TTC TTT TAG AGA AGT TGT TAA CAG AGA TCC CCC ACG CGA ATG TGA CCG G,16965,1.87687687687688,31.8412575075075,532800,47.2727272727273,68.5011821821693, Standard Desalting ,N/A,10然 in 50無IDTE Buffer pH 8.0,10然,50,IDTE Buffer pH 8.0,3/18/2025 11:43:54 AM,J24
20999821,round1_idt_oligos,570594683,78640410,500 picomole DNA Plate Oligo,Standard Desalting,SK_Art.I67F.F1,,0.0005,54,GTT TTC TTT TAG AGA AGT TGT TAA CAC ATT TTC CCC ACG CGA ATG TGA CCG GTC,16567.8,1.96270853778214,32.5176918547596,509500,42.5925925925926,67.1412390435409, Standard Desalting ,N/A,10然 in 50無IDTE Buffer pH 8.0,10然,50,IDTE Buffer pH 8.0,3/18/2025 11:43:54 AM,K01
20999821,round1_idt_oligos,570594684,78640563,500 picomole DNA Plate Oligo,Standard Desalting,SK_Art.I105Y.F1,,0.0005,57,GAT GGC AAG TGT ATG AGG GAG ATA TTT ATC AGA CCG GCA TGG AGG ACA ACA CAT TTG,17769.6,1.72324659658797,30.621337239359,580300,45.6140350877193,68.1302876166899, Standard Desalting ,N/A,10然 in 50無IDTE Buffer pH 8.0,10然,50,IDTE Buffer pH 8.0,3/18/2025 11:43:54 AM,K02
20999821,round1_idt_oligos,570594685,78699444,500 picomole DNA Plate Oligo,Standard Desalting,SK_Art.M109F.F1,,0.0005,59,GAG GGA GAT ATT ATT CAG ACC GGC TTT GAG GAC AAC ACA TTT GAT TTT GCA ATT TCA CG,18238.9,1.72651933701657,31.4897600138122,579200,40.6779661016949,67.2048319244184, Standard Desalting ,N/A,10然 in 50無IDTE Buffer pH 8.0,10然,50,IDTE Buffer pH 8.0,3/18/2025 11:43:54 AM,K03
20999821,round1_idt_oligos,570594686,78640564,500 picomole DNA Plate Oligo,Standard Desalting,SK_Art.M109L.F1,,0.0005,59,GAG GGA GAT ATT ATT CAG ACC GGC TTG GAG GAC AAC ACA TTT GAT TTT GCA ATT TCA CG,18263.9,1.72057811424639,31.4244339298004,581200,42.3728813559322,67.7294592942436, Standard Desalting ,N/A,10然 in 50無IDTE Buffer pH 8.0,10然,50,IDTE Buffer pH 8.0,3/18/2025 11:43:54 AM,K04
20999821,round1_idt_oligos,570594687,78640412,500 picomole DNA Plate Oligo,Standard Desalting,SK_Art.Y229E.F1,,0.0005,57,CAA TCC GAA GGT GTT GGA ATC CCA GAG AAG CTG GTA CAG GAT GGT TTT TTA TCA AGC,17671.5,1.77777777777778,31.4159786666667,562500,45.6140350877193,68.4437755857626, Standard Desalting ,N/A,10然 in 50無IDTE Buffer pH 8.0,10然,50,IDTE Buffer pH 8.0,3/18/2025 11:43:54 AM,K05
20999821,round1_idt_oligos,570594688,78640565,500 picomole DNA Plate Oligo,Standard Desalting,SK_Art.Y229Q.F1,,0.0005,57,CAA TCC GAA GGT GTT GGA ATC CCA CAA AAG CTG GTA CAG GAT GGT TTT TTA TCA AGC,17615.5,1.78731009830206,31.4842984807864,559500,43.859649122807,68.24674849457, Standard Desalting ,N/A,10然 in 50無IDTE Buffer pH 8.0,10然,50,IDTE Buffer pH 8.0,3/18/2025 11:43:54 AM,K06
20999821,round1_idt_oligos,570594689,78640413,500 picomole DNA Plate Oligo,Standard Desalting,SK_Art.S239E.F1,,0.0005,57,GCT GGT ACA GGA TGG TTT TTT ATC AGA GAA AGA CCT AGG GAA GAT ATC GGT TAG CTG,17766.5,1.74459176552687,30.9953733426378,573200,43.859649122807,66.87959304885, Standard Desalting ,N/A,10然 in 50無IDTE Buffer pH 8.0,10然,50,IDTE Buffer pH 8.0,3/18/2025 11:43:54 AM,K07
20999821,round1_idt_oligos,570594690,78640566,500 picomole DNA Plate Oligo,Standard Desalting,SK_Art.G243D.F1,,0.0005,60,GAT GGT TTT TTA TCA AGC AAA GAC CTA GAT AAG ATA TCG GTT AGC TGG AGA AAG ATG GTG,18705.2,1.62813415825464,30.4545555193748,614200,38.3333333333333,65.6684021343746, Standard Desalting ,N/A,10然 in 50無IDTE Buffer pH 8.0,10然,50,IDTE Buffer pH 8.0,3/18/2025 11:43:54 AM,K08
20999821,round1_idt_oligos,570594691,78640414,500 picomole DNA Plate Oligo,Standard Desalting,SK_Art.R262S.F1,,0.0005,58,CAG GAT AAG CAT CAT GCG ATT GTC TCT CAA TTG TGC CTA GCT GTT GGT GAA AAA ACT G,17910.6,1.78316690442225,31.9376747503566,560800,43.1034482758621,67.9393936108609, Standard Desalting ,N/A,10然 in 50無IDTE Buffer pH 8.0,10然,50,IDTE Buffer pH 8.0,3/18/2025 11:43:54 AM,K09
20999821,round1_idt_oligos,570594692,78640567,500 picomole DNA Plate Oligo,Standard Desalting,SK_Art.A32.R,,0.0005,29,CCA AAA TAG ATC GAC CTG GGC CTT TAG CC,8846.8,3.63372093023256,32.1467587209302,275200,51.7241379310345,62.3363784891125, Standard Desalting ,N/A,10然 in 50無IDTE Buffer pH 8.0,10然,50,IDTE Buffer pH 8.0,3/18/2025 11:43:54 AM,K10
20999821,round1_idt_oligos,570594693,78640415,500 picomole DNA Plate Oligo,Standard Desalting,SK_Art.H66.R,,0.0005,34,TGT TAA CAA CTT CTC TAA AAG AAA ACC TGG GCC G,10418.8,3.01750150875075,31.4388412794206,331400,41.1764705882353,61.5945476103155, Standard Desalting ,N/A,10然 in 50無IDTE Buffer pH 8.0,10然,50,IDTE Buffer pH 8.0,3/18/2025 11:43:54 AM,K11
20999821,round1_idt_oligos,570594694,78640568,500 picomole DNA Plate Oligo,Standard Desalting,SK_Art.I67.R,,0.0005,35,ATG TGT TAA CAA CTT CTC TAA AAG AAA ACC TGG GC,10747.1,2.88600288600289,31.016025974026,346500,37.1428571428571,60.3716508162805, Standard Desalting ,N/A,10然 in 50無IDTE Buffer pH 8.0,10然,50,IDTE Buffer pH 8.0,3/18/2025 11:43:54 AM,K12
20999821,round1_idt_oligos,570594695,78640416,500 picomole DNA Plate Oligo,Standard Desalting,SK_Art.W97.R,,0.0005,42,TCT ACT TTG TTT TTC CTT TTT TAA ATA ATC CGT GGC ATA ATC,12775.3,2.59067357512953,33.0967279792746,386000,28.5714285714286,59.4961540114744, Standard Desalting ,N/A,10然 in 50無IDTE Buffer pH 8.0,10然,50,IDTE Buffer pH 8.0,3/18/2025 11:43:55 AM,K13
20999821,round1_idt_oligos,570594696,78640569,500 picomole DNA Plate Oligo,Standard Desalting,SK_Art.I105.R,,0.0005,39,AAT ATC TCC CTC ATA CAC TTG CCA TCT ACT TTG TTT TTC,11743.7,2.85795941697628,33.5629151186053,349900,35.8974358974359,60.7668038734129, Standard Desalting ,N/A,10然 in 50無IDTE Buffer pH 8.0,10然,50,IDTE Buffer pH 8.0,3/18/2025 11:43:55 AM,K14
20999821,round1_idt_oligos,570594697,78640417,500 picomole DNA Plate Oligo,Standard Desalting,SK_Art.M109.R,,0.0005,33,GCC GGT CTG AAT AAT ATC TCC CTC ATA CAC TTG,10023.5,3.23729362253156,32.449168015539,308900,45.4545454545455,60.861480488891, Standard Desalting ,N/A,10然 in 50無IDTE Buffer pH 8.0,10然,50,IDTE Buffer pH 8.0,3/18/2025 11:43:55 AM,K15
20999821,round1_idt_oligos,570594698,78640570,500 picomole DNA Plate Oligo,Standard Desalting,SK_Art.Y100.R,,0.0005,41,CAC TTG CCA TCT ACT TTG TTT TTC CTT TTT TAA ATA ATC CG,12407.1,2.72331154684096,33.7883769063181,367200,31.7073170731707,59.9910029805026, Standard Desalting ,N/A,10然 in 50無IDTE Buffer pH 8.0,10然,50,IDTE Buffer pH 8.0,3/18/2025 11:43:55 AM,K16
20999821,round1_idt_oligos,570594699,78640418,500 picomole DNA Plate Oligo,Standard Desalting,SK_Art.H162.R,,0.0005,39,CGG GTA GGT CAT AAT ATG CAT CTC AAA ATC ATT ATC AAC,11957.8,2.56344527044348,30.6532632658293,390100,35.8974358974359,59.8891877276318, Standard Desalting ,N/A,10然 in 50無IDTE Buffer pH 8.0,10然,50,IDTE Buffer pH 8.0,3/18/2025 11:43:55 AM,K17
20999821,round1_idt_oligos,570594700,78640571,500 picomole DNA Plate Oligo,Standard Desalting,SK_Art.S164.R,,0.0005,36,AAC ATG CGG GTA GGT CAT AAT ATG CAT CTC AAA ATC,11076.3,2.75482093663912,30.5131157024793,363000,38.8888888888889,61.24903735406, Standard Desalting ,N/A,10然 in 50無IDTE Buffer pH 8.0,10然,50,IDTE Buffer pH 8.0,3/18/2025 11:43:55 AM,K18
20999821,round1_idt_oligos,570594701,78640419,500 picomole DNA Plate Oligo,Standard Desalting,SK_Art.Q192.R,,0.0005,29,CGG CAA CTC ACG CCC AAT TTT CGG ATT AC,8797.8,3.74251497005988,32.9257148203593,267200,51.7241379310345,63.3439823597162, Standard Desalting ,N/A,10然 in 50無IDTE Buffer pH 8.0,10然,50,IDTE Buffer pH 8.0,3/18/2025 11:43:55 AM,K19
20999821,round1_idt_oligos,570594702,78640572,500 picomole DNA Plate Oligo,Standard Desalting,SK_Art.Y229.R,,0.0005,34,TGG GAT TCC AAC ACC TTC GGA TTG GAA AAA CAT C,10434.8,3.01750150875075,31.4871182860591,331400,44.1176470588235,63.2016045784408, Standard Desalting ,N/A,10然 in 50無IDTE Buffer pH 8.0,10然,50,IDTE Buffer pH 8.0,3/18/2025 11:43:55 AM,K20
20999821,round1_idt_oligos,570594703,78640420,500 picomole DNA Plate Oligo,Standard Desalting,SK_Art.S239.R,,0.0005,38,TGA TAA AAA ACC ATC CTG TAC CAG CTT GTA TGG GAT TC,11660.6,2.69179004037685,31.3879623149394,371500,39.4736842105263,62.0862315886832, Standard Desalting ,N/A,10然 in 50無IDTE Buffer pH 8.0,10然,50,IDTE Buffer pH 8.0,3/18/2025 11:43:55 AM,K21
20999821,round1_idt_oligos,570594704,78640573,500 picomole DNA Plate Oligo,Standard Desalting,SK_Art.G243.R,,0.0005,36,TAG GTC TTT GCT TGA TAA AAA ACC ATC CTG TAC CAG,11018.2,2.87273771904625,31.6524303361103,348100,38.8888888888889,61.0051691702656, Standard Desalting ,N/A,10然 in 50無IDTE Buffer pH 8.0,10然,50,IDTE Buffer pH 8.0,3/18/2025 11:43:55 AM,K22
20999821,round1_idt_oligos,570594705,78640421,500 picomole DNA Plate Oligo,Standard Desalting,SK_Art.R262.R,,0.0005,31,GAC AAT CGC ATG ATG CTT ATC CTG CAC CAT C,9415.2,3.45065562456867,32.4884610075914,289800,48.3870967741935,62.5003418095496, Standard Desalting ,N/A,10然 in 50無IDTE Buffer pH 8.0,10然,50,IDTE Buffer pH 8.0,3/18/2025 11:43:55 AM,K23
20999821,round1_idt_oligos,570594706,78640574,500 picomole DNA Plate Oligo,Standard Desalting,TY_Pop2.D46A.F1,,0.0005,40,CTG TCG AAG AGA TCG CCG AAG CCC GGA GGC GAG TGC GCG C,12398,2.61780104712042,32.4555706806283,382000,70,74.7217057668198, Standard Desalting ,N/A,10然 in 50無IDTE Buffer pH 8.0,10然,50,IDTE Buffer pH 8.0,3/18/2025 11:43:55 AM,K24
20999821,round1_idt_oligos,570594707,78640491,500 picomole DNA Plate Oligo,Standard Desalting,TY_Pop2.D46L.F1,,0.0005,40,CTG TCG AAG AGA TCG CCG AAC TGC GGA GGC GAG TGC GCG C,12413,2.61848651479445,32.5033778476041,381900,67.5,73.6839853162697, Standard Desalting ,N/A,10然 in 50無IDTE Buffer pH 8.0,10然,50,IDTE Buffer pH 8.0,3/18/2025 11:43:55 AM,L01
20999821,round1_idt_oligos,570594708,78640338,500 picomole DNA Plate Oligo,Standard Desalting,TY_Pop2.D46V.F1,,0.0005,40,CTG TCG AAG AGA TCG CCG AAG TCC GGA GGC GAG TGC GCG C,12413,2.59942812581232,32.2668053028334,384700,67.5,73.4185364843005, Standard Desalting ,N/A,10然 in 50無IDTE Buffer pH 8.0,10然,50,IDTE Buffer pH 8.0,3/18/2025 11:43:55 AM,L02
20999821,round1_idt_oligos,570594709,78640492,500 picomole DNA Plate Oligo,Standard Desalting,TY_Pop2.R47L.F1,,0.0005,39,CGA AGA GAT CGC CGA AGA CCT GAG GCG AGT GCG CGC CGC,12077.8,2.6638252530634,32.1732365476825,375400,69.2307692307692,74.1409948519159, Standard Desalting ,N/A,10然 in 50無IDTE Buffer pH 8.0,10然,50,IDTE Buffer pH 8.0,3/18/2025 11:43:55 AM,L03
20999821,round1_idt_oligos,570594710,78640339,500 picomole DNA Plate Oligo,Standard Desalting,TY_Pop2.F58P.F1,,0.0005,46,CGC GGG CCG TGA CTC CCC GGT GAA CTT CTA CGT CGG TGT GCC CTA C,14071.1,2.43664717348928,34.2862597465887,410400,67.3913043478261,74.5588488247236, Standard Desalting ,N/A,10然 in 50無IDTE Buffer pH 8.0,10然,50,IDTE Buffer pH 8.0,3/18/2025 11:43:55 AM,L04
20999821,round1_idt_oligos,570594711,78640493,500 picomole DNA Plate Oligo,Standard Desalting,TY_Pop2.F61L.F1,,0.0005,47,GCC GTG ACT CCT TCG TGA ACC TGT ACG TCG GTG TGC CCT ACT GCA TC,14349.3,2.37304224015187,34.051442809682,421400,59.5744680851064,71.6150046586712, Standard Desalting ,N/A,10然 in 50無IDTE Buffer pH 8.0,10然,50,IDTE Buffer pH 8.0,3/18/2025 11:43:56 AM,L05
20999821,round1_idt_oligos,570594712,78640340,500 picomole DNA Plate Oligo,Standard Desalting,TY_Pop2.G64H.F1,,0.0005,49,CTC CTT CGT GAA CTT CTA CGT CCA CGT GCC CTA CTG CAT CCA GAC CGA C,14824.6,2.28414801279123,33.861610324349,437800,57.1428571428571,70.6474997726335, Standard Desalting ,N/A,10然 in 50無IDTE Buffer pH 8.0,10然,50,IDTE Buffer pH 8.0,3/18/2025 11:43:56 AM,L06
20999821,round1_idt_oligos,570594713,78640494,500 picomole DNA Plate Oligo,Standard Desalting,TY_Pop2.N94D.F1,,0.0005,44,GCA ACG CCG CCC TCG AAG ACT ACT TCG GGT ACG TCG AGC GGG AG,13568.8,2.39750659314313,32.531261088468,417100,65.9090909090909,73.3475220570431, Standard Desalting ,N/A,10然 in 50無IDTE Buffer pH 8.0,10然,50,IDTE Buffer pH 8.0,3/18/2025 11:43:56 AM,L07
20999821,round1_idt_oligos,570594714,78640341,500 picomole DNA Plate Oligo,Standard Desalting,TY_Pop2.N94E.F1,,0.0005,44,GCA ACG CCG CCC TCG AAG AGT ACT TCG GGT ACG TCG AGC GGG AG,13608.8,2.3719165085389,32.2789682163188,421600,65.9090909090909,73.3475220570431, Standard Desalting ,N/A,10然 in 50無IDTE Buffer pH 8.0,10然,50,IDTE Buffer pH 8.0,3/18/2025 11:43:56 AM,L08
20999821,round1_idt_oligos,570594715,78640495,500 picomole DNA Plate Oligo,Standard Desalting,TY_Pop2.Q150D.F1,,0.0005,46,CTT CCC CGA CAT CGC CCC GGA CGC CGA CAT TAC CCT GGA GGG CAT C,13978,2.41312741312741,33.7308108108108,414400,67.3913043478261,74.8825993027593, Standard Desalting ,N/A,10然 in 50無IDTE Buffer pH 8.0,10然,50,IDTE Buffer pH 8.0,3/18/2025 11:43:56 AM,L09
20999821,round1_idt_oligos,570594716,78640342,500 picomole DNA Plate Oligo,Standard Desalting,TY_Pop2.Q150G.F1,,0.0005,46,CTT CCC CGA CAT CGC CCC GGG CGC CGA CAT TAC CCT GGA GGG CAT C,13994,2.43249817562637,34.0404937971297,411100,69.5652173913043,76.0173154387989, Standard Desalting ,N/A,10然 in 50無IDTE Buffer pH 8.0,10然,50,IDTE Buffer pH 8.0,3/18/2025 11:43:56 AM,L10
20999821,round1_idt_oligos,570594717,78640496,500 picomole DNA Plate Oligo,Standard Desalting,TY_Pop2.M175I.F1,,0.0005,45,GCG ATC AAG GAC TCG GGC ATC AAC CGG GTC AGC ATG GGC ATC CAG,13906,2.29937916762474,31.9752195907105,434900,62.2222222222222,73.0418196090028, Standard Desalting ,N/A,10然 in 50無IDTE Buffer pH 8.0,10然,50,IDTE Buffer pH 8.0,3/18/2025 11:43:56 AM,L11
20999821,round1_idt_oligos,570594718,78640343,500 picomole DNA Plate Oligo,Standard Desalting,TY_Pop2.M175V.F1,,0.0005,45,GCG ATC AAG GAC TCG GGC GTC AAC CGG GTC AGC ATG GGC ATC CAG,13922,2.31053604436229,32.1673336414048,432800,64.4444444444444,73.8394715858643, Standard Desalting ,N/A,10然 in 50無IDTE Buffer pH 8.0,10然,50,IDTE Buffer pH 8.0,3/18/2025 11:43:56 AM,L12
20999821,round1_idt_oligos,570594719,78640497,500 picomole DNA Plate Oligo,Standard Desalting,TY_Pop2.N190L.F1,,0.0005,44,CAG GTG GAC GAG CGC CTG CTG AAG CTG AGT GGC CGG AAG CAG AC,13697.9,2.35017626321974,32.1924183313749,425500,65.9090909090909,74.1588346562864, Standard Desalting ,N/A,10然 in 50無IDTE Buffer pH 8.0,10然,50,IDTE Buffer pH 8.0,3/18/2025 11:43:56 AM,L13
20999821,round1_idt_oligos,570594720,78640344,500 picomole DNA Plate Oligo,Standard Desalting,TY_Pop2.Q226G.F1,,0.0005,46,CCT GAT CTT CGG CTG GCC GGG CCA GAC GGT CGG CAC CAT GCT GAA G,14169.2,2.37360550676478,33.6319843342037,421300,67.3913043478261,75.266447996629, Standard Desalting ,N/A,10然 in 50無IDTE Buffer pH 8.0,10然,50,IDTE Buffer pH 8.0,3/18/2025 11:43:56 AM,L14
20999821,round1_idt_oligos,570594721,78640498,500 picomole DNA Plate Oligo,Standard Desalting,TY_Pop2.Q237E.F1,,0.0005,49,GGC ACC ATG CTG AAG GAC CTG GAG ACC CTC GTG TCC TGG AAC GTC TAC G,15083.8,2.17013888888889,32.7338758680555,460800,61.2244897959184,72.4386176789515, Standard Desalting ,N/A,10然 in 50無IDTE Buffer pH 8.0,10然,50,IDTE Buffer pH 8.0,3/18/2025 11:43:56 AM,L15
20999821,round1_idt_oligos,570594722,78640345,500 picomole DNA Plate Oligo,Standard Desalting,TY_Pop2.N243G.F1,,0.0005,49,GCA GAC CCT CGT GTC CTG GGG CGT CTA CGA CAT CAC CCA CTA CGA GCT G,14979.7,2.21729490022173,33.2144057649667,451000,63.265306122449,73.0259604195474, Standard Desalting ,N/A,10然 in 50無IDTE Buffer pH 8.0,10然,50,IDTE Buffer pH 8.0,3/18/2025 11:43:56 AM,L16
20999821,round1_idt_oligos,570594723,78640499,500 picomole DNA Plate Oligo,Standard Desalting,TY_Pop2.F364L.F1,,0.0005,42,GCC TTG GAG GAG GGG CGC CTG CCA GTC GAG CGC GGG TTC TCC,13005.4,2.61096605744125,33.9566057441253,383000,73.8095238095238,77.1628906403569, Standard Desalting ,N/A,10然 in 50無IDTE Buffer pH 8.0,10然,50,IDTE Buffer pH 8.0,3/18/2025 11:43:57 AM,L17
20999821,round1_idt_oligos,570594724,78640346,500 picomole DNA Plate Oligo,Standard Desalting,TY_Pop2.S371R.F1,,0.0005,39,CAG TCG AGC GCG GGT TCC GCC ACG AGG CGG CCG ACT GGC,12036.8,2.79642058165548,33.6598685682327,357600,76.9230769230769,77.7698612885057, Standard Desalting ,N/A,10然 in 50無IDTE Buffer pH 8.0,10然,50,IDTE Buffer pH 8.0,3/18/2025 11:43:57 AM,L18
20999821,round1_idt_oligos,570594725,78640500,500 picomole DNA Plate Oligo,Standard Desalting,TY_Pop2.T390R.F1,,0.0005,42,GCT CGC TGT TCG GGC TCC GCG TCA ACC GGG CCG ACT ACC GGG,12885.3,2.67522739432852,34.4711289459604,373800,73.8095238095238,76.8464994412623, Standard Desalting ,N/A,10然 in 50無IDTE Buffer pH 8.0,10然,50,IDTE Buffer pH 8.0,3/18/2025 11:43:57 AM,L19
20999821,round1_idt_oligos,570594726,78640347,500 picomole DNA Plate Oligo,Standard Desalting,TY_Pop2.Y405L.F1,,0.0005,45,GCC TTC GGT ACG GAC GTG CTG GAG GAG TTC GCC ACG GTG TGG GAC,13991,2.35793444942231,32.989931619901,424100,66.6666666666667,74.2738431208829, Standard Desalting ,N/A,10然 in 50無IDTE Buffer pH 8.0,10然,50,IDTE Buffer pH 8.0,3/18/2025 11:43:57 AM,L20
20999821,round1_idt_oligos,570594727,78640501,500 picomole DNA Plate Oligo,Standard Desalting,TY_Pop2.Y405R.F1,,0.0005,45,GCC TTC GGT ACG GAC GTG CGC GAG GAG TTC GCC ACG GTG TGG GAC,13976,2.36294896030246,33.0246172022684,423200,68.8888888888889,75.2290057865113, Standard Desalting ,N/A,10然 in 50無IDTE Buffer pH 8.0,10然,50,IDTE Buffer pH 8.0,3/18/2025 11:43:57 AM,L21
20999821,round1_idt_oligos,570594728,78640348,500 picomole DNA Plate Oligo,Standard Desalting,TY_Pop2.T410E.F1,,0.0005,43,CGT GTA CGA GGA GTT CGC CGA GGT GTG GGA CGG CCT GGG CGA G,13462.7,2.41138172172655,32.4636749457439,414700,69.7674418604651,74.8927927843754, Standard Desalting ,N/A,10然 in 50無IDTE Buffer pH 8.0,10然,50,IDTE Buffer pH 8.0,3/18/2025 11:43:57 AM,L22
20999821,round1_idt_oligos,570594729,78640502,500 picomole DNA Plate Oligo,Standard Desalting,TY_Pop2.G429R.F1,,0.0005,42,GTC AGC GAC GAG GAG GTC CGC CTG GTT GGC GAC GGC CCG TTC,12989.4,2.57135510413988,33.4003111339676,388900,71.4285714285714,75.8173448527023, Standard Desalting ,N/A,10然 in 50無IDTE Buffer pH 8.0,10然,50,IDTE Buffer pH 8.0,3/18/2025 11:43:57 AM,L23
20999821,round1_idt_oligos,570594730,78640349,500 picomole DNA Plate Oligo,Standard Desalting,TY_Pop2.D46.R,,0.0005,24,TTC GGC GAT CTC TTC GAC AGG CAC,7304.8,4.58085203847916,33.4620613834173,218300,58.3333333333333,62.9412277653658, Standard Desalting ,N/A,10然 in 50無IDTE Buffer pH 8.0,10然,50,IDTE Buffer pH 8.0,3/18/2025 11:43:57 AM,L24
20999821,round1_idt_oligos,570594731,78640422,500 picomole DNA Plate Oligo,Standard Desalting,TY_Pop2.R47.R,,0.0005,25,GTC TTC GGC GAT CTC TTC GAC AGG C,7625,4.43852640923214,33.8435996449179,225300,60,62.9731156774762, Standard Desalting ,N/A,10然 in 50無IDTE Buffer pH 8.0,10然,50,IDTE Buffer pH 8.0,3/18/2025 11:43:57 AM,M01
20999821,round1_idt_oligos,570594732,78640575,500 picomole DNA Plate Oligo,Standard Desalting,TY_Pop2.F58.R,,0.0005,19,GGA GTC ACG GCC CGC GGC G,5855.8,5.68828213879408,33.3094994311718,175800,84.2105263157895,69.3804142868179, Standard Desalting ,N/A,10然 in 50無IDTE Buffer pH 8.0,10然,50,IDTE Buffer pH 8.0,3/18/2025 11:43:57 AM,M02
20999821,round1_idt_oligos,570594733,78640423,500 picomole DNA Plate Oligo,Standard Desalting,TY_Pop2.F61.R,,0.0005,23,GTT CAC GAA GGA GTC ACG GCC CG,7074.6,4.50653447498873,31.8820234339793,221900,65.2173913043478,64.0917549504144, Standard Desalting ,N/A,10然 in 50無IDTE Buffer pH 8.0,10然,50,IDTE Buffer pH 8.0,3/18/2025 11:43:57 AM,M03
20999821,round1_idt_oligos,570594734,78640576,500 picomole DNA Plate Oligo,Standard Desalting,TY_Pop2.G64.R,,0.0005,27,GAC GTA GAA GTT CAC GAA GGA GTC ACG,8382.5,3.58551452133381,30.055550376479,278900,51.8518518518518,60.2555426807444, Standard Desalting ,N/A,10然 in 50無IDTE Buffer pH 8.0,10然,50,IDTE Buffer pH 8.0,3/18/2025 11:43:57 AM,M04
20999821,round1_idt_oligos,570594735,78640424,500 picomole DNA Plate Oligo,Standard Desalting,TY_Pop2.N94.R,,0.0005,21,TTC GAG GGC GGC GTT GCC CTG,6470.2,5.33617929562433,34.5261526147279,187400,71.4285714285714,67.4286164433311, Standard Desalting ,N/A,10然 in 50無IDTE Buffer pH 8.0,10然,50,IDTE Buffer pH 8.0,3/18/2025 11:43:57 AM,M05
20999821,round1_idt_oligos,570594736,78640577,500 picomole DNA Plate Oligo,Standard Desalting,TY_Pop2.Q150.R,,0.0005,23,CGG GGC GAT GTC GGG GAA GAG GC,7235.7,4.38404208680403,31.7216308636563,228100,73.9130434782609,68.2635848590706, Standard Desalting ,N/A,10然 in 50無IDTE Buffer pH 8.0,10然,50,IDTE Buffer pH 8.0,3/18/2025 11:43:58 AM,M06
20999821,round1_idt_oligos,570594737,78640425,500 picomole DNA Plate Oligo,Standard Desalting,TY_Pop2.M175.R,,0.0005,25,GCC CGA GTC CTT GAT CGC CTG CAT C,7569.9,4.53103760761214,34.2996239238786,220700,64,65.487424957301, Standard Desalting ,N/A,10然 in 50無IDTE Buffer pH 8.0,10然,50,IDTE Buffer pH 8.0,3/18/2025 11:43:58 AM,M07
20999821,round1_idt_oligos,570594738,78640578,500 picomole DNA Plate Oligo,Standard Desalting,TY_Pop2.N190.R,,0.0005,22,CAG GCG CTC GTC CAC CTG CTG G,6688.4,5.20833333333333,34.83515625,192000,72.7272727272727,67.0216875244481, Standard Desalting ,N/A,10然 in 50無IDTE Buffer pH 8.0,10然,50,IDTE Buffer pH 8.0,3/18/2025 11:43:58 AM,M08
20999821,round1_idt_oligos,570594739,78640426,500 picomole DNA Plate Oligo,Standard Desalting,TY_Pop2.Q226.R,,0.0005,24,CGG CCA GCC GAA GAT CAG GTC GAC,7372.8,4.30663221360896,31.752015503876,232200,66.6666666666667,65.5063204357047, Standard Desalting ,N/A,10然 in 50無IDTE Buffer pH 8.0,10然,50,IDTE Buffer pH 8.0,3/18/2025 11:43:58 AM,M09
20999821,round1_idt_oligos,570594740,78640579,500 picomole DNA Plate Oligo,Standard Desalting,TY_Pop2.Q237.R,,0.0005,26,CAG GTC CTT CAG CAT GGT GCC GAC CG,7948.2,4.19111483654652,33.3117015926236,238600,65.3846153846154,66.9506189871366, Standard Desalting ,N/A,10然 in 50無IDTE Buffer pH 8.0,10然,50,IDTE Buffer pH 8.0,3/18/2025 11:43:58 AM,M10
20999821,round1_idt_oligos,570594741,78640427,500 picomole DNA Plate Oligo,Standard Desalting,TY_Pop2.N243.R,,0.0005,25,CCA GGA CAC GAG GGT CTG CAG GTC C,7693,4.19815281276238,32.2964441645676,238200,68,66.5642145941378, Standard Desalting ,N/A,10然 in 50無IDTE Buffer pH 8.0,10然,50,IDTE Buffer pH 8.0,3/18/2025 11:43:58 AM,M11
20999821,round1_idt_oligos,570594742,78640580,500 picomole DNA Plate Oligo,Standard Desalting,TY_Pop2.F364.R,,0.0005,22,GCG CCC CTC CTC CAA GGC CTG C,6593.3,5.43773790103317,35.852582925503,183900,77.2727272727273,69.6538224224736, Standard Desalting ,N/A,10然 in 50無IDTE Buffer pH 8.0,10然,50,IDTE Buffer pH 8.0,3/18/2025 11:43:58 AM,M12
20999821,round1_idt_oligos,570594743,78640428,500 picomole DNA Plate Oligo,Standard Desalting,TY_Pop2.S371.R,,0.0005,23,GAA CCC GCG CTC GAC TGG AAA GC,7043.6,4.59136822773186,32.3398071625344,217800,65.2173913043478,64.7300680452765, Standard Desalting ,N/A,10然 in 50無IDTE Buffer pH 8.0,10然,50,IDTE Buffer pH 8.0,3/18/2025 11:43:58 AM,M13
20999821,round1_idt_oligos,570594744,78640581,500 picomole DNA Plate Oligo,Standard Desalting,TY_Pop2.T390.R,,0.0005,22,GAG CCC GAA CAG CGA GCG GAA C,6788.5,4.56412596987677,30.9833455043359,219100,68.1818181818182,64.9604449548442, Standard Desalting ,N/A,10然 in 50無IDTE Buffer pH 8.0,10然,50,IDTE Buffer pH 8.0,3/18/2025 11:43:58 AM,M14
20999821,round1_idt_oligos,570594745,78640429,500 picomole DNA Plate Oligo,Standard Desalting,TY_Pop2.Y405.R,,0.0005,21,CAC GTC CGT ACC GAA GGC GGC,6417.2,5.08905852417303,32.657465648855,196500,71.4285714285714,65.1296702277787, Standard Desalting ,N/A,10然 in 50無IDTE Buffer pH 8.0,10然,50,IDTE Buffer pH 8.0,3/18/2025 11:43:58 AM,M15
20999821,round1_idt_oligos,570594746,78640582,500 picomole DNA Plate Oligo,Standard Desalting,TY_Pop2.T410.R,,0.0005,23,GGC GAA CTC CTC GTA CAC GTC CG,6985.6,4.73484848484848,33.0755681818182,211200,65.2173913043478,63.4755429333605, Standard Desalting ,N/A,10然 in 50無IDTE Buffer pH 8.0,10然,50,IDTE Buffer pH 8.0,3/18/2025 11:43:58 AM,M16
20999821,round1_idt_oligos,570594747,78640430,500 picomole DNA Plate Oligo,Standard Desalting,TY_Pop2.G429.R,,0.0005,22,GAC CTC CTC GTC GCT GAC CTC G,6623.3,5.26315789473684,34.8595473684211,190000,68.1818181818182,63.3532203493176, Standard Desalting ,N/A,10然 in 50無IDTE Buffer pH 8.0,10然,50,IDTE Buffer pH 8.0,3/18/2025 11:43:58 AM,M17
