seq_id,model_0,model_1,model_2,model_3,model_4,relevant_measured_mutants
Q12D,-1.0247936,-1.4760005,-1.080435,-1.3814069,-0.668643,
S55V,-2.7984555,-1.6785048,0.026458994,-2.033803,-2.2996116,
E78F,-5.7550907,-8.4340725,-4.980901,-5.932356,-6.1018405,
L182Q,-1.286293,-0.94907165,2.6514099,-3.3403387,-1.3690274,
S51Y,-2.9432347,-2.978991,-1.5659024,-2.6600256,-1.605257,
R170P,-6.901889,-7.0941706,-4.806799,-8.412407,-7.9076653,
Q219S,-2.6288242,-2.1231606,-1.4283335,-3.754178,-3.199207,
L129D,-16.147488,-16.491875,-13.368701,-17.04783,-13.505205,
F161W,-7.0000186,-8.743992,-4.3645315,-6.927045,-6.806853,
Y245C,-9.49477,-9.625742,-6.180025,-7.062641,-9.606264,
Q222K,2.563467,1.8289084,2.6030788,3.2089424,3.7224245,
F151G,-6.1047125,-5.0311623,-5.0444975,-8.005217,-5.8769217,
R154L,-4.5472536,-4.935359,-3.0284507,-5.043151,-3.686658,
L64N,-2.6827636,-2.4165692,-2.0777125,-4.0298414,-2.33911,
P104K,1.5053716,1.6647907,3.6130617,1.4706657,4.330215,
G65T,2.3216941,3.3024335,2.7113438,3.0849652,4.472245,
D275A,-2.5952923,-2.9612336,3.8156545,-2.1097317,-0.24818034,
P11Y,0.30590042,-1.8947786,-0.6083378,-2.0999384,-0.096341535,
R15V,-3.5214818,-4.4984527,-3.1866536,-5.760748,-4.3928695,
H143V,2.5151925,2.662236,3.3813052,1.7504365,3.9463553,
R265P,-15.235544,-16.871338,-14.625599,-16.704054,-22.111073,
W47N,-0.2544422,-0.042692095,-0.82655364,-1.2178258,0.039847597,
H171M,-2.382213,-2.592809,-0.96227515,-1.8806174,-1.2638423,
D113Q,-1.9272343,-3.5197911,2.1226437,-3.7507968,-1.4748011,
L209M,-1.598938,-2.617447,2.241203,-1.966105,-0.54497933,
T52C,-1.3692398,-0.9428091,0.76120853,-0.9119426,-1.123677,
P132M,-8.087713,-10.138608,-5.4252234,-8.337976,-6.793192,
R180C,-3.3283775,-2.8217835,-2.0556388,-3.3905563,-3.3375237,
R145V,-4.3284426,-2.5041194,-2.1511478,-4.900918,-3.1027164,
E163F,-16.333899,-16.164816,-8.392385,-12.621843,-14.70203,
R299M,-12.154178,-13.040138,-11.566573,-14.974181,-15.4799,
Y116C,-6.1173973,-5.604117,-4.225945,-9.015484,-6.7783732,
Q196K,1.5584078,-1.0604057,-0.90390235,0.04938869,0.54314476,
Q296E,-4.8497224,-5.1436677,-5.8804445,-7.0384555,-6.223262,"Q296H, Q296H"
G158F,-6.7680454,-8.367323,-4.753214,-7.0719748,-6.4786854,
R313M,-7.643688,-8.300699,-6.217307,-8.506045,-7.235464,
L131R,-9.673105,-12.182441,-9.551523,-12.237155,-7.703429,
Y120T,-2.425653,-4.305891,0.63505596,-4.1844063,-1.6601148,
G88S,4.1516113,3.2734232,4.5556254,1.5455354,4.557958,
D152F,-6.389819,-7.887459,-3.8308413,-5.6038647,-6.244601,
F107L,-1.4231336,-1.4421208,2.7161903,-2.6733034,-1.3282386,
Q155E,-1.513065,-0.32168198,-1.0652646,-1.3626233,-0.03154716,
V312D,-9.970831,-10.098618,-6.6379957,-10.391794,-8.685199,
G88Q,1.9814178,0.9335449,5.6443176,0.042153783,2.324774,
Y27Q,-6.874256,-7.6507044,-5.8790727,-8.565004,-10.795902,
R216D,-7.8073664,-8.937216,-7.3776875,-11.25791,-8.800476,
R46C,-5.2116957,-2.694971,-1.9431881,-4.93958,-2.3859375,
Q294C,-3.927406,-4.184434,-3.1755424,-3.7418869,-2.6851196,
Q45G,-1.3415279,-1.6067605,-0.9237011,-1.7807636,-1.0969156,
H213T,-4.3518977,-3.9629524,-2.3144646,-4.880873,-3.2910857,
F297H,-15.129866,-14.166744,-10.011265,-16.510435,-14.107777,
I100H,-3.4066243,-4.6433477,-3.424437,-6.717429,-5.753663,
S242K,-4.5295734,-5.688426,0.8594686,-6.27956,-4.4237924,
Q223C,-3.2146885,-3.5310981,-2.1338472,-3.5996075,-2.8879669,
T26G,-2.6040335,-1.9102052,2.7881236,-2.7436402,-0.08449662,
I100P,-6.7957687,-7.620428,-5.69662,-9.023134,-6.66846,
E199H,-3.301866,-6.383649,-1.8114572,-4.288565,-3.2054124,
L129A,0.56555086,0.22893243,4.411923,-0.28450057,3.6812828,
G121P,2.706083,2.5638232,4.1879683,0.087946594,3.1101556,
F287I,2.4410067,3.3115668,5.546436,3.0364635,2.0256288,"F287W, F287W"
G37M,-1.515717,-2.1052322,0.25733924,-1.5159249,-0.5658892,
H270I,-2.5904994,-3.4889367,1.394258,0.2525692,-1.7273781,
S231G,-3.729349,-3.12391,0.50416505,-4.0751467,-3.4197805,
H143M,0.7434663,-0.19179924,1.4725075,0.63372886,0.4783737,
L249K,-3.8197656,-4.536741,1.2060237,-5.318236,-2.8757467,
Q296C,-4.7014623,-4.228195,-1.7861769,-4.1789694,-4.9312406,"Q296H, Q296H"
T84I,-4.093932,-2.8430176,-0.76851606,-3.4060247,-3.3414047,
S6N,4.0703745,2.4456406,5.392768,3.899589,4.787359,
Y27S,-8.155424,-7.979464,-7.4746513,-8.411739,-11.1145115,
T49W,-1.4830935,-1.2128265,-0.64763296,-1.7110944,-1.9915524,
K144Q,-7.432454,-4.039332,-2.9739838,-7.6849957,-7.7365427,
A187V,3.273332,0.79291475,2.3817186,-0.6841216,2.4301853,
L266K,-8.588913,-8.538878,-5.172527,-9.034834,-6.6690683,
L165I,1.2650158,2.498442,2.0826125,1.940255,2.5154667,
S188I,0.13817322,-0.2565639,0.4286037,-1.2887877,0.23225853,
T26R,-0.18029825,-1.5599716,-0.09933914,-2.5631227,-2.0804782,
S51H,1.8223106,0.07019323,3.8751926,-0.10709536,2.5862482,
G65M,0.028457046,-0.58988607,1.303848,1.0335187,2.299742,
H119T,0.10189413,0.7492246,2.2600913,-0.09143156,2.4541802,
P13V,0.7756561,0.8190936,3.2328515,-0.11976215,0.7400543,
R180H,-3.3317585,-3.1826048,-1.9859128,-3.9781694,-3.7568069,
H181R,2.1856577,0.78339684,2.234079,-0.21397969,2.3517482,
R271W,-4.7328744,-5.4822345,-3.3735118,-4.3420143,-5.471795,
A138S,4.130389,3.9408786,4.209424,1.5998555,3.7891815,
Q272C,-1.0658784,-1.261567,-1.4656622,-2.028321,0.5139289,
E133S,-2.070945,-4.075615,-0.7768314,-3.2447524,-2.4681106,
S210L,-2.8676226,-3.1152093,-0.7296754,-3.13603,-2.0706,
R271A,-3.5675068,-2.0061839,-1.5969999,-3.6887336,-1.8615196,
D275V,-3.5620074,-3.8354146,0.9829854,-2.555798,-0.64010286,
G240A,-6.1678314,-5.897587,-0.7289899,-5.7410765,-4.123705,
T7F,-1.9485159,-2.2194173,-1.9439077,-3.2755213,-3.1040657,
L257A,-5.617892,-4.5475607,-2.7276073,-7.1055365,-4.9936223,
L32F,0.22837561,-0.6708478,2.0831437,-0.85702544,2.8842704,
R288A,-3.203095,-3.1200404,-1.2590208,-4.575033,-3.2261357,
W127D,-1.9143459,-2.2064338,-2.0789802,-4.236042,-0.8902145,
G206L,3.6131444,3.3922625,4.545629,3.4384408,5.418298,
L59I,0.774132,0.9391919,3.4785545,-0.37804055,3.236281,
K130A,-9.987864,-8.817251,-8.159438,-10.120916,-9.660642,
F151A,-6.8175583,-7.7307677,-5.0812683,-8.660516,-6.3271766,
A251T,3.3459845,2.1030636,4.542925,2.8527138,3.599143,
N208I,-2.1543374,-2.9595788,-0.41204953,-2.3281364,-1.5152566,
E284I,-6.508829,-7.825786,-3.7311552,-5.268337,-4.6109495,
Q164A,-2.4653628,-3.0464292,-2.271042,-3.7698667,-1.9556541,
C278G,-5.422762,-5.2321253,-3.1088855,-7.6098275,-5.4963765,
F297S,-13.180558,-13.720793,-8.839172,-15.208032,-12.964981,
E21R,-2.6792097,-4.046369,-0.034759656,-1.6307902,-2.0169215,
F28V,-4.063858,-5.2028823,-2.9340212,-5.404395,-5.3431606,
S31H,-1.010469,-2.2164338,2.335728,-0.8814294,-0.24463043,
P115D,-3.2039652,-2.9383523,-3.0063796,-5.500295,-4.5771327,
Q38G,-1.8147591,-1.3838239,-0.6165093,-1.9044089,-1.4926448,
H87S,3.137619,3.6161532,4.3067627,1.5939002,2.4345665,
L266V,-1.8120718,-0.88254607,0.68592024,-3.2016823,-0.042323142,
P228N,4.626895,1.24941,3.6527681,2.5810065,4.445698,
H43E,1.4021993,2.3607907,2.6115346,-0.2806988,1.7512407,
R200E,-4.73623,-3.7446475,-3.9854407,-6.045506,-4.571763,
A153L,1.4709105,-0.6303288,0.8493557,-2.0778,-1.3491604,
T7D,-5.3852606,-4.950452,-5.346756,-7.2225738,-5.5209484,
C239D,-15.798669,-15.302079,-10.6745405,-19.006405,-16.300398,
S103P,1.1304865,-0.052228123,4.000429,-1.0712178,0.90095663,
S175M,-0.71988046,-0.88853973,-0.2892442,-0.74756694,-0.45340472,
E94I,-0.8723141,-2.1941276,-0.35689557,-1.5597093,0.34532467,
K137E,-3.5010784,-0.84426165,-1.9463259,-3.5599477,-4.73703,
V91D,-10.56173,-11.187002,-8.023259,-11.633078,-10.176647,
R274M,-1.4089214,-2.0176945,-1.2053635,-1.9994931,-0.90303254,
D198G,-5.268438,-8.32844,-5.229951,-7.935957,-6.0731816,
D25C,-7.305093,-6.9520836,-1.7181059,-4.6197352,-4.994547,
L209D,-5.8955016,-6.832211,-5.98538,-6.2598977,-5.280245,
A179N,-0.53831446,-2.2967675,0.47182435,-2.372805,0.72847104,
R302C,-8.706933,-9.911195,-8.972202,-11.163233,-10.546787,
Q38N,1.3624176,-0.13186961,0.28436482,-0.6292011,3.4916468,
L5E,-3.2455945,-5.270914,-2.1110847,-3.1278536,-4.7716455,
R60I,-0.89709795,-0.5987932,-0.404565,-0.8084583,1.6894248,
R159D,-4.1252537,-5.1651793,-4.059986,-5.9459753,-5.495565,
L131W,-4.912877,-5.5785475,-1.1750786,-5.7429743,-5.5353985,
A292G,0.32386476,-1.3696549,3.7306142,-0.78235245,0.6852628,
S310C,-5.595292,-6.6158075,-2.7955887,-4.4809017,-5.4980717,
P232C,-5.1645317,-6.088304,-3.083704,-5.8548784,-4.0812273,
G237I,1.9349208,1.5699232,1.7508999,3.7003841,1.1227664,
C278S,-1.4932702,-0.98473823,0.8051114,-1.5551064,-0.8475599,
E284G,-8.976896,-9.464581,-4.222001,-10.737527,-8.244288,
L230W,-6.35454,-8.055105,-4.673434,-7.2827077,-7.2043314,
Y255W,-10.589592,-9.50279,-5.77294,-10.417919,-9.58349,"Y255L, Y255L, Y255M, Y255M, Y255T, Y255T"
G74H,3.9185874,1.4928784,5.9625216,2.8150322,2.3839016,
E229C,-2.7683349,-4.7861032,-1.3702896,-2.471591,-1.425144,
K130W,-12.844953,-12.71612,-12.233499,-14.511332,-12.573908,
R200V,-3.735593,-3.8585682,-2.9235315,-5.2538643,-4.720382,
L243W,-7.0964727,-10.543644,-7.1030164,-9.188846,-8.366735,
Q155F,-1.3354837,-1.487565,-1.0634142,-1.4604713,-0.5399687,
R159T,-3.7498608,-2.6091137,-1.4972427,-4.597213,-3.6211872,
L136S,-5.911112,-6.1087956,-0.86725295,-3.6801112,-4.2120223,
L59E,-4.6284614,-5.254339,-1.6734034,-6.025723,-5.214044,
A309D,-12.478294,-13.561941,-11.159191,-16.19711,-17.353922,
T308V,-4.2715554,-3.3040948,-2.0239804,-4.15919,-3.5083997,
L273F,-1.5677607,-3.1556556,-0.31456363,-2.3577158,-0.987796,
C239P,-12.947039,-14.168083,-10.207269,-17.144861,-16.279968,
I235D,-25.752834,-24.567978,-20.044098,-27.110962,-28.346016,
V201W,-6.0951867,-6.9112177,-3.5080032,-6.415784,-5.3109703,
A281Q,-1.1989846,-0.8175527,3.52069,-2.1772833,0.13936448,
T3S,-1.591989,-0.06238666,3.151043,-0.9788691,0.2788725,
H318W,-2.387081,-2.159327,0.5611132,-2.4396598,-1.8841848,
E284K,2.4728022,-2.5526056,4.4877744,0.27411884,2.9692507,
Y27M,-6.484025,-8.44258,-7.65345,-9.216711,-9.490091,
R46M,-6.0859966,-4.1092825,-2.520037,-5.7974644,-3.2862215,
Y245E,-7.240224,-9.200135,-8.98875,-12.216284,-14.476052,
T122E,-1.8702669,-0.42293653,-0.16581899,-3.0696404,-2.7073839,
T234W,-8.433548,-9.404682,-5.159863,-8.116726,-8.012413,
V269P,-14.119114,-15.047377,-9.738829,-14.694008,-15.759839,"V269C, V269C"
A114M,0.08153154,-0.958653,2.9084656,-0.6563282,1.0016075,
S103L,-2.6099026,-2.13115,0.7321123,-2.1088529,-1.6876467,
Q123G,-1.8267717,-1.6856046,1.1261487,-1.6524744,-1.3460453,"Q123D, Q123D"
H279R,0.002041489,-0.7470658,2.4907289,-0.81396675,1.5618627,
Q222T,-1.0011129,-0.69227415,0.1386942,-1.756458,1.4060581,
Y305D,-22.216553,-20.52244,-17.771038,-24.960262,-21.16132,
T3V,1.7123942,0.4308218,2.2469835,-0.40745386,2.2324839,
S24G,0.5971526,-0.017825603,4.948086,-2.1767583,2.2193975,
E133C,-3.3903027,-6.4521623,-1.6160624,-4.652893,-4.382742,
A36E,0.17703375,2.2371418,2.897283,-0.5764303,0.5138097,
R60L,-2.4157262,-1.3619047,-0.6019831,-3.0646894,-1.9061064,
N124K,-3.8746035,-5.2942767,-2.925267,-4.9018426,-3.676269,
H98P,-4.71568,-4.851138,-4.1495166,-6.866847,-5.133625,
H247L,-7.720907,-7.8275924,-5.211713,-9.604111,-7.78176,
A300Q,-1.2055659,-1.7925683,3.261928,-2.5566673,-2.5917106,
K144V,-5.5241623,-2.94128,-2.8434763,-4.782989,-4.8301506,
A178G,-2.5079355,-2.775739,-0.88698995,-3.3514953,-2.7104068,
S231V,-2.6271868,-2.3904395,0.014034718,-2.7450361,-0.27333704,
R180Y,-2.488259,-3.1434693,-2.126677,-2.6082578,-2.0745757,
H143N,5.02412,3.115108,5.243636,3.9069343,4.2061377,
A281S,2.3717515,1.9286721,3.733765,0.025084004,3.7107153,
L230S,-13.225594,-12.893346,-8.2410345,-14.36783,-10.996729,
L225E,-16.802422,-14.236132,-12.694771,-17.809118,-15.165462,
W260P,-18.159922,-20.180004,-14.979466,-21.387798,-20.945343,
L209C,-2.4691854,-3.5791903,0.60352975,-2.9755306,-1.6905799,
S188P,-2.455536,-3.8335989,1.9443282,-5.4224854,-5.0178204,
L54I,4.07434,2.7513006,3.8592618,3.7643955,4.12057,
A295Y,2.096331,0.6969232,3.9203477,-0.5980418,3.7640862,
D96I,-3.0937924,-3.3160672,-1.9881685,-1.8274337,-1.3865521,
A179K,-2.128726,-4.483779,-4.1711044,-4.4516335,-2.167625,
R216E,-5.78842,-6.1767898,-6.0121164,-9.113764,-7.393388,
F297K,-16.878565,-18.794418,-12.549066,-19.243328,-16.789383,
S61L,-2.9579754,-1.9654692,-1.596354,-2.6878648,-1.9242779,
Q123E,1.3032532,1.9084103,3.0970266,-0.88454014,2.4007652,"Q123D, Q123D"
G121Q,-0.4228505,-0.43314308,1.3576329,-0.85027874,0.14888605,
P177A,-0.51321924,0.97962487,3.398363,-0.24691483,2.6726227,
R117W,-4.4009037,-5.525733,-2.5733001,-4.847849,-4.7074637,
A22Q,-0.47457683,-0.7629816,2.9206378,-1.8548338,-0.69043577,
Y255S,-12.995555,-12.280966,-9.193248,-13.321306,-11.207068,"Y255L, Y255L, Y255M, Y255M, Y255T, Y255T"
F80S,10.223325,9.378105,10.5076275,8.9468,9.829049,"F80A, F80A, F80C, F80C, F80S, F80S"
G121F,0.4259845,-1.233958,0.03777212,-1.3584173,1.4199909,
L5M,-0.7892171,-1.3292925,1.2499908,-1.7516632,0.25122362,
S57M,-3.472028,-3.5432854,-1.9584779,-3.2663205,-3.5676436,
H279F,-3.0303164,-2.807662,-1.8505523,-2.6494913,-1.2655842,
A292F,-3.3077831,-2.027378,-0.43355647,-2.222313,-2.0341353,
L184T,2.610595,2.361041,3.174137,-1.5276033,1.8801795,
R46L,-5.5222855,-2.67208,-1.9795905,-4.717209,-3.1070652,
T317L,0.758626,1.6247988,3.629671,-1.1805671,2.7436008,
D227Y,-2.3584871,-3.251086,0.027097017,-2.6984153,-1.4103309,
T7Q,-7.7443876,-7.424723,-6.701384,-7.919195,-7.2993603,
H43Q,1.800229,2.054572,5.2891517,-0.99446523,0.9572102,
L30K,-4.1878734,-5.4099503,-4.150592,-6.5493593,-5.0262136,
L266H,-11.391027,-10.787256,-6.743138,-12.597849,-9.747733,
N139E,-3.0287342,-2.8994308,-1.2096292,-4.0717907,-4.1272,"N139A, N139A, N139R, N139R"
N208G,-3.1477356,-2.795138,0.096585274,-4.105567,-2.6406045,
L191W,-9.676121,-12.733862,-7.155214,-9.710933,-8.65302,
Q16Y,-1.3529661,-0.5847659,-0.3086005,-1.940692,1.1313446,
T26W,-5.8330984,-6.7586913,-3.4011395,-6.2133565,-5.670157,
T49E,-1.7109488,0.51674044,2.5778909,-1.8142657,-0.6630988,
Q264I,-1.3071783,-1.8462785,-2.0803523,-1.4616168,0.887374,
V91P,-4.697054,-5.779562,-3.1260715,-5.7259073,-3.7752519,
A79K,2.1997485,1.672256,1.6708423,1.5336533,3.6579475,
G112T,2.522751,1.8905098,3.7031696,2.1035979,3.9579973,
F287W,-6.0219965,-6.669924,-3.04844,-5.7596216,-5.8788824,"F287W, F287W"
Y66M,-8.198651,-7.5398316,-6.592576,-9.854355,-8.883269,
N139I,-2.887579,-3.4377325,-1.3055041,-2.4077892,-1.6967869,"N139A, N139A, N139R, N139R"
D293G,-1.5157495,-2.2911918,0.8656771,-3.205092,0.7189872,
E259M,-4.709874,-7.964419,-0.84409213,-4.1396465,-4.091855,
H171T,-2.4871612,-3.1997304,-0.69299835,-3.2557688,-2.3686433,
A292Q,-0.60177934,-0.30562416,3.2657998,-1.8282074,-0.25938037,
A238H,-2.0973902,-2.996299,-1.7492476,-4.33164,-3.4256787,
L167K,-2.5807114,-3.8145328,-0.9757681,-3.3081398,-1.9788507,
P13R,3.008218,3.8122618,4.3966045,4.068095,4.611937,
Q296R,2.8254972,1.8603137,5.591319,0.9189478,5.0270987,"Q296H, Q296H"
T317R,3.005504,2.1449924,4.8843293,-0.9789252,4.845728,
V17E,0.5256823,0.70977235,2.6348665,-1.0488309,0.4122652,
P177N,0.7995713,1.2707256,3.1109939,2.0878282,1.4583132,
S31A,-2.0756073,-1.440496,1.0212235,-2.0980797,-1.1946533,
L212K,0.18926655,0.27669573,2.3621612,0.019461527,2.055087,
L56H,-2.775435,-2.45681,-2.264593,-5.5970216,-3.8916643,
Q264K,3.3216,2.1756058,2.6947684,3.0009534,4.9158907,
L44C,-2.8793845,-3.6788158,-2.0250378,-3.8009005,-1.9808904,
G158D,-9.023092,-9.813536,-8.538631,-12.141395,-10.539548,
L141M,-0.34100857,-1.3517327,2.8488,-0.8264708,0.32265723,
Q99T,0.6717301,-0.62394744,1.3176767,0.67111194,3.5817964,
V221W,-18.094738,-19.65148,-12.327856,-14.282209,-15.277375,
Q45S,1.8963109,0.8051218,1.8653222,-0.30113405,1.6000159,
S175W,-2.1789422,-3.791504,-1.722507,-3.19888,-3.6014597,
R313E,-15.155852,-15.066905,-14.151527,-17.025053,-13.923521,
I252T,1.1293049,1.5667715,2.3771498,-0.9200914,2.0491385,"I252A, I252A, I252Q, I252Q, I252R, I252R"
D25N,2.2167168,0.56741625,4.3007812,1.6717553,3.9245307,
E205S,1.6100271,-0.5567616,4.9739623,1.114419,1.5518041,
P13Y,1.9416981,1.359601,2.3544085,0.35662392,1.475038,
S207A,-0.48884088,0.6998608,4.5254664,-1.7387215,0.10527584,
Y245R,-3.3607695,-4.548809,-1.3024918,-4.995472,-5.055335,
H279G,-4.1432343,-3.1456394,-1.9003841,-4.1327314,-3.8755596,
H181C,-2.8286536,-2.7837834,-1.1412911,-2.641133,-2.2336776,
Q222H,-1.5261455,-1.7485259,0.2868942,-2.185271,1.1993654,
G306C,-2.8289285,-4.42176,0.47669786,-2.5469196,-1.1167135,
G158S,-1.0845906,-0.1484094,2.6057956,-2.3006861,-1.0403677,
N124H,-3.8521605,-4.6814327,-2.6591094,-5.1713214,-4.4397907,
P232G,-3.435443,-3.5916119,1.0509155,-4.0779686,-2.3595576,
R145E,-3.1091754,-1.6326406,-2.4219487,-4.398396,-2.8541508,
S210C,-3.9669242,-4.4037056,-1.6347183,-3.9964101,-4.116371,
L192Q,3.239786,1.131109,4.8731904,0.16949876,1.7370644,
A251N,-0.73711187,-0.7781434,2.8863173,-2.4276955,0.57490546,
G42F,-3.8241823,-5.080523,-3.6056137,-7.46072,-6.2785463,
L141C,-0.9250699,-0.89092696,-0.30128795,-1.558071,0.17941561,
L165Q,-11.012778,-11.947617,-6.861336,-12.896738,-10.751951,
R180I,-0.79497534,0.7714475,0.72710085,1.1853423,1.8895915,
E185T,-2.423161,-4.004571,0.72854245,-2.0945945,0.71911055,
A286L,-5.5570784,-5.823081,-2.9227285,-5.8146777,-4.177702,
I23C,-5.330145,-5.8906293,-3.4165602,-6.7864513,-6.0963492,
P232K,-1.3514066,-4.147897,0.011666104,-3.4836206,-0.11226416,
S101N,2.6164293,1.9443139,4.991228,0.33337402,3.7566667,
L165M,-0.75232,-1.7699628,1.7095184,-1.4413134,-0.83318555,
E21C,-8.64811,-9.281681,-3.7801995,-5.7819853,-6.9004745,
Q223V,-5.6610346,-4.1882515,-2.9609852,-5.0151057,-5.153754,
D227H,-1.5649977,-1.9043647,2.1250844,-2.192579,-0.817456,
R117G,-4.106165,-3.9719994,-2.863922,-6.5471573,-4.311243,
G121D,0.7995428,2.090324,3.2573264,1.1203295,1.6580484,
R159C,-4.544139,-4.365472,-2.0557969,-4.03145,-5.0681267,
L44K,-4.376061,-6.413907,-4.5369177,-7.330199,-4.601117,
S188R,2.0341737,0.6453455,1.36186,0.22029036,2.4653301,
S89E,-1.8450253,-2.1812098,2.3943949,-4.4872847,-2.8975258,
L59C,1.0486312,-0.76890826,3.10285,-2.4931197,2.9133902,
G240P,-13.321583,-13.093494,-8.717783,-14.275029,-12.105083,
H181G,-2.9471765,-1.792248,0.48771715,-3.05421,-2.7400913,
Q303V,-4.027788,-3.8007748,-2.564996,-3.8922002,-3.321934,
R154T,-0.9512087,0.215968,0.25589004,-2.010952,0.77829206,
Q164T,-1.026451,-1.6534522,-0.38919824,-1.3786917,1.2347026,
L59Q,-0.13466,2.2302575,1.6493824,-2.465436,1.6086578,
F161P,-10.093941,-10.31995,-7.2552414,-12.781593,-10.636057,
L266E,-16.904945,-15.718298,-12.747595,-20.25993,-16.683441,
R159W,-11.711919,-11.13492,-7.844291,-10.958382,-12.963011,
T52I,5.110322,3.9831576,5.140583,5.3204846,4.9405355,
A71I,2.5430303,1.921511,1.3200186,2.1280851,2.7604785,
G106R,3.1681256,1.5271711,4.812379,1.0480045,4.227921,
F93G,-6.9110675,-6.2008905,-5.674704,-9.961714,-5.0535355,
L183E,-11.916986,-14.091379,-11.391712,-14.876416,-13.765282,
C307L,-1.0460408,1.4504101,2.1108031,-1.8248303,-0.5762704,
F250A,-10.927238,-10.13599,-7.031637,-11.480633,-7.8143525,
S62E,-1.650815,-0.8201765,2.4872935,-2.8161502,-2.0573874,
P50Y,-0.2060325,-0.88054806,-0.040787265,-1.4287503,1.0031606,
P39G,-3.3353858,-2.6689825,-2.1348548,-4.627102,-4.1499367,
Q16L,-1.2506604,-1.5975597,-0.048673894,-2.21845,0.9907408,
T190L,-0.53770673,-0.43037218,-0.7565188,-1.1555955,-0.06918554,
L129W,-4.61434,-4.745836,-2.8624213,-4.9472814,-4.233315,
A238I,-3.8415823,-3.994324,-1.5009125,-2.8842676,-3.4979327,
L136Y,-2.0175753,-4.4223557,-2.8524613,-4.726857,-2.4764385,
S242F,-13.965546,-13.060321,-9.441171,-14.771884,-15.545739,
D293Y,-2.3801303,-3.4041317,0.47758722,-4.028343,-2.1801784,
A309T,-1.3995188,-1.9257486,1.8272638,-2.602438,-1.6951251,
E218G,-5.102805,-5.052342,-1.4775048,-5.3829846,-3.718748,
S204C,-2.9724073,-2.467966,-0.5226644,-2.3474278,-1.1436682,
R170C,-4.007234,-5.106174,-2.3850951,-4.0068493,-4.4012127,
A236R,-13.039294,-13.80775,-8.837168,-15.275392,-11.6860285,
V261N,-8.571127,-10.004879,-6.085735,-10.45009,-8.523566,
H277Y,1.3729444,1.6538366,2.6870115,-0.2884617,1.4818816,
L126G,-3.789921,-4.17427,-0.2857083,-4.9141483,-3.422185,
L193M,1.8789365,0.89847696,4.298916,0.23537892,2.4670215,
A36H,-0.7244146,-1.4032714,0.27365756,-1.9393471,-0.22290382,
G237M,2.6474614,-0.10842971,3.258602,0.85981596,1.4524854,
Q296T,1.274061,2.5773547,3.4823065,2.694365,3.707231,"Q296H, Q296H"
G9I,4.8876743,1.7565701,4.1387515,3.800616,4.212909,
Y146L,-4.558166,-3.199513,0.42476946,-5.4380903,-4.762928,
A178L,-1.6007521,-0.98693323,0.038543202,-2.1765187,-1.8821595,
A292S,3.4185488,3.524251,4.6915627,3.2661948,3.3288882,
Y245F,-4.0104227,-3.9119916,-1.2253672,-4.026169,-4.3383408,
S175G,-3.2825875,-3.2443166,-1.7523019,-5.857987,-4.992938,
S231F,-3.90197,-4.344648,-1.0698214,-3.0581954,-2.0700636,
E163K,-2.5666685,-5.6018105,-2.7899768,-5.055312,-2.7866957,
Y305A,-18.218718,-15.976828,-10.2726145,-19.413813,-15.273701,
V128E,-11.37403,-9.0927,-7.3738103,-11.4789095,-8.453601,
G74W,-1.2141721,-1.9809717,2.3537898,-1.5996027,-1.479227,
R46A,-5.1175623,-1.8881376,-2.4459622,-4.3996067,-2.2633328,
G97N,0.6159421,0.92248183,3.424874,0.34503055,1.0092124,
A20F,1.3236535,1.3565779,2.0601554,0.3628779,4.31455,
S61P,-0.18527398,-0.14413466,3.9217582,-1.6447898,-0.95221174,
S242A,-6.652688,-7.9475975,-2.6874645,-5.780509,-4.5235767,
Q95Y,-4.0434265,-5.317265,-3.5503168,-5.24659,-4.361988,
F301A,-14.990543,-15.052165,-9.477394,-16.763668,-12.591122,
E133D,-0.9511081,-1.6849597,2.2557044,-2.2407067,-1.100896,
F172Y,1.2473841,1.4959313,4.6981764,-0.890625,2.0898457,
R46Q,-3.7131205,-1.8983531,-1.070374,-3.0429406,-1.2275105,
T52A,0.23203234,1.2336848,3.6497676,-1.2590747,1.6429288,
H77N,3.0420537,1.3810747,3.9004402,-0.5346535,2.9662983,
T308D,-11.736521,-9.852205,-9.597064,-12.699154,-11.585271,
I108M,-2.5906332,-3.012753,-0.22454572,-4.235975,-3.9393146,
L131Q,-7.6660295,-8.947346,-6.5530963,-10.8535595,-6.4346614,
R216Y,-3.8993268,-5.065234,-3.3067112,-5.0770464,-4.304864,
C307M,-0.18016377,0.806116,1.6102899,0.0041737445,1.302841,
C102P,-3.2886367,-3.55047,0.07416892,-4.6440434,-3.355897,
A179S,1.456175,0.78704286,3.2285457,-0.70677745,0.98174703,
H213D,-8.956309,-9.107008,-7.9220233,-8.777304,-9.187511,
G88E,1.4478399,2.6423898,3.7928379,-0.28369293,0.9359901,
E199Y,-3.310239,-6.521696,-3.8580267,-4.8708878,-3.8798466,
K130L,-9.500074,-8.140827,-6.6370955,-9.998644,-8.443531,
T234V,-2.881712,-1.616081,-0.044309385,-2.1050222,-1.6635807,
S48M,-2.640624,-2.9874768,-0.5874104,-1.8733602,-2.140478,
E284C,-7.098274,-8.737013,-3.1558404,-6.241851,-5.2035575,
S31R,0.47719577,-0.25443053,3.4922915,1.3272672,1.1070304,
E14S,-5.325935,-4.7380095,-2.4759052,-4.6784067,-4.164915,
Q264A,-4.5827355,-5.4586496,-2.7754035,-4.6289897,-3.259758,
E14D,-0.08803703,-1.6538188,2.4533525,-1.9324439,0.039393485,
Y116I,-7.147455,-3.9301982,-4.159382,-7.702157,-7.4987326,
A309Y,-4.0818806,-6.10155,-3.3749852,-5.398398,-4.8662195,
R145G,-3.5526683,-2.9208689,-2.21632,-5.7279153,-4.175129,
G142L,-0.08523369,0.13221738,3.7203064,0.11442349,2.0443993,
G105V,-4.3114047,-3.8020113,-2.7357905,-4.6331024,-3.7635503,
L140V,1.4449431,0.059883773,3.604835,-0.3578018,0.86051595,
H87I,2.74893,2.2802858,1.1788855,1.7374761,3.2224894,
G65K,2.0224833,1.9152794,3.857432,3.0223012,3.937811,
V85M,-1.8567927,-1.2765541,2.6215718,-1.0311143,1.5255497,
D96K,-0.7788971,-3.9749312,-1.362753,-2.7184231,-1.6924074,
L193C,-1.115713,-1.352839,1.0800439,-1.6804053,0.34494293,
Q303A,-2.6338649,-1.8922908,-1.4442501,-2.691091,-1.8699553,
Q304C,-3.3503156,-4.519624,-2.4859328,-3.7853444,-3.818434,
G65R,2.7011092,0.5761894,3.699317,1.1305528,3.9762068,
L249G,-15.45147,-15.059926,-12.3021755,-20.560188,-15.842129,
R58P,-3.0034933,-4.0417957,-0.71750045,-5.7780294,-4.440214,
L183V,-2.3170254,-0.057229847,0.65852356,-2.9341877,-1.9336121,
L140F,1.5592858,-0.124919936,1.0327463,-0.94025666,1.2517512,
A36C,-0.5832851,-1.7498331,-1.6233165,-2.0812287,-0.7532865,
M1D,-8.78209,-3.6110783,-10.160951,-8.036021,-5.8196497,
A169V,0.7556374,-0.019795984,2.2307837,-1.056862,2.4968243,
Q223A,-2.1454923,-1.1256387,0.96718997,-1.9633433,-1.4174373,
R316L,-3.1017609,-2.5326676,-2.6463792,-4.494076,-3.6040826,
R148C,-2.9362903,-2.935822,-0.34885076,-3.1817002,-2.5514145,"R148A, R148A"
P29C,-7.332157,-6.0679197,-3.0663338,-4.970331,-6.067245,
E163H,-3.6480587,-5.49846,-1.328661,-3.5119772,-3.011673,
L266D,-20.1459,-18.376404,-15.108049,-23.475264,-19.252312,
P115V,-6.4108477,-5.841833,-2.3155525,-5.5142527,-5.9813166,
A135L,2.1744497,2.0196378,4.590273,-0.505762,3.3091607,"A135W, A135W"
L129I,3.015347,2.172403,3.7197247,3.4091601,3.4226863,
A22T,2.7209005,1.1826532,4.0445976,0.33250785,2.557168,
T211R,2.7499318,0.6004911,2.8243198,-0.09927976,3.6330805,
L64W,-3.4857445,-3.8044033,-2.8646727,-4.508992,-4.1968327,
Y66S,-9.272043,-8.007141,-7.6490555,-12.208492,-10.296069,
L280A,0.91431046,-2.2650533,2.822876,-0.7389042,0.57509685,
P53Y,-0.16481729,-0.2222957,-0.5552201,-3.5182667,0.86461955,
A187W,-3.5531926,-6.50332,-2.2273602,-3.8320806,-3.5882492,
F93T,-5.331953,-5.0670733,-2.6253934,-6.232439,-3.362384,
S57A,-1.1006525,-0.8432314,2.4293709,-2.027704,0.5731217,
F161A,-4.0928774,-3.3970265,-1.7664237,-4.7499747,-2.937159,
K144N,1.0594264,2.280437,4.3324122,-0.46854523,1.347916,
D41V,-0.56424606,-0.91549313,2.0691264,-1.1271173,0.15252928,
F28Y,-2.2416751,-1.8493291,-0.21334761,-3.4345064,-1.5827802,
P104S,3.0846198,2.2868106,4.006251,1.0456338,2.2045698,
H149F,-2.4245515,-1.2236173,-0.6207471,-2.064517,-1.0787941,
T174F,-0.85295165,-1.7424767,-1.9808582,-2.3252733,-1.6235435,
V261E,-12.480005,-11.001322,-9.251913,-13.042341,-11.69963,
V91G,-6.9308305,-7.0416627,-4.0261,-7.417336,-6.0147953,
R46H,-3.535809,-1.1212757,-0.6218123,-2.7704964,-1.6973435,
G156L,-6.7443914,-4.145775,-4.950442,-6.250802,-4.5655227,
I23F,-4.9388666,-4.1819744,-4.090993,-6.335971,-5.20704,
R117P,-7.4591813,-9.925424,-7.816322,-11.568289,-8.95433,
F172D,-10.225349,-12.114528,-6.0133057,-10.67164,-11.73616,
F291E,-19.041218,-20.623474,-16.574429,-24.360237,-22.944656,
W289C,-1.8264441,-0.16804321,1.2559447,-2.1062593,-1.6782131,
Y220S,-8.771461,-8.445337,-5.5118423,-10.380115,-7.7306104,
E205W,-4.1176796,-6.3411274,-2.3653312,-4.6222305,-4.696811,
Q63C,-1.8730135,-2.0388858,-0.8565402,-2.1659286,-1.681936,"Q63A, Q63A, Q63G, Q63G"
A295V,0.14382127,-0.52568704,1.7231582,-0.9438684,2.2015214,
S103Y,1.1648709,-0.53909945,3.670274,-1.2066505,1.570982,
E229M,-1.9984229,-4.9400187,0.6995548,-1.5670099,-1.0458672,
I73S,-5.230902,-4.1082525,-3.4282718,-6.3245306,-5.0201383,
Q196V,-3.310691,-4.4809704,-2.9412801,-3.801082,-2.2712831,
L182M,-0.63244295,-0.64110357,2.634165,-1.3869662,0.18284862,
R170V,-7.6505785,-6.798134,-5.285801,-7.391467,-7.853433,
R262S,-14.990671,-13.812239,-13.576956,-17.460007,-14.722567,
Q196N,0.35581964,-0.57061183,-0.2943905,-1.0663683,1.4001901,
D25L,-8.576999,-7.381947,-2.4483926,-5.840931,-6.5976243,
H181W,-4.4216523,-4.644208,-2.5259538,-4.5931287,-4.8341265,
A169L,-0.94225127,-1.1172495,-0.3637865,-2.9339414,-1.6691229,
Q197F,-2.1945496,-0.99787456,-0.8619963,-1.4923977,-0.4457938,
T211A,0.004383631,0.83955604,2.1540346,-0.6492797,1.2945487,
L140S,1.7320167,1.4008248,3.9128652,1.0148045,0.35033625,
T308S,-0.87786335,0.42163512,4.0340176,-1.5145539,0.20942125,
T253Q,-1.6422644,0.90461487,3.8102016,-0.6325067,-0.848891,
A300E,-6.264731,-5.221804,-6.181134,-7.577712,-7.3976784,
P86H,-6.181162,-6.259024,-3.7019777,-5.9356694,-5.2873526,
P104D,-2.8376868,-2.6100729,-2.1684833,-3.5430179,-3.3922517,
H43W,-3.0284123,-1.2929063,-0.17390127,-2.1690865,-1.4057802,
I108W,-7.7546535,-7.9986744,-8.183122,-10.05777,-9.024682,
L212S,-0.4632517,0.6503776,1.6882777,-1.8448105,-0.3382656,
C150Y,-0.4439958,0.4440729,2.9025054,1.2004791,0.87499297,
F118W,-9.522598,-8.907183,-7.4045815,-9.510872,-9.03186,
I73A,-6.853896,-4.429098,-1.4600297,-6.8555984,-5.58441,
R216M,-7.03341,-8.183315,-4.5715094,-7.787887,-7.5562377,
S57R,-4.3420105,-3.5959773,-4.410418,-4.237603,-3.7870097,
T256N,1.4375868,-0.6262684,4.9542904,-2.4029226,2.0482786,
G65E,0.73643535,3.1326056,1.8918929,1.1538703,2.7547112,
T234Y,1.2131662,0.5288323,2.1341372,0.5797402,2.322638,
G306Y,-2.2288625,-3.2704399,0.23352842,-1.9896115,-1.5881932,
I252H,-0.07752547,0.2951805,0.9549455,-0.7097456,-0.05909868,"I252A, I252A, I252Q, I252Q, I252R, I252R"
R134W,-4.263497,-3.9476624,-2.8303483,-4.96544,-4.6052303,
V261F,-2.5823874,-3.8144546,-0.6169158,-3.168693,-2.287838,
L167G,-2.1355276,-2.8892207,0.05516666,-3.213152,-3.3674002,
W260C,-5.133233,-4.640634,-2.265897,-5.64668,-3.7220955,
Q272H,-0.20682165,-0.58441484,1.895504,-0.87342125,3.4702492,
A309V,0.384788,-1.2825365,3.1700425,-0.96444494,1.5347407,
A314V,0.18037085,-0.6427971,2.3391685,-0.8254494,2.4473677,
V91R,-7.3110366,-6.9703875,-6.857696,-6.662011,-5.5714836,
A135T,3.9464285,3.476727,5.156004,3.8435469,4.138049,"A135W, A135W"
R58T,-2.0639303,-1.0478282,1.3991159,-2.99037,-0.9263747,
H318E,1.4278525,0.2259019,1.6944385,-1.7967696,-0.42639318,
A194I,-3.510127,-3.491585,-0.9513803,-2.551292,-4.813585,
T174D,-1.0574048,-0.32261944,-0.2337354,-2.0894136,-2.7602754,
F287L,0.83427703,2.967896,4.4007936,0.23233005,0.9632052,"F287W, F287W"
S51D,-0.46724632,1.1563714,2.4521146,-0.48603594,-1.8639376,
F28S,-5.2541213,-5.4700384,-3.9428968,-6.6315203,-5.8310637,
R200W,-7.4430113,-9.089517,-5.6139784,-8.99363,-8.514,
F28C,-4.3225727,-5.961154,-3.4287896,-6.4566793,-5.4507904,
A114F,-1.5657318,-1.542917,-0.7835227,-2.2021544,-1.6419672,
Q155Y,1.576569,-0.4856499,-0.4118504,-1.122583,0.65729535,
R200H,-4.9108953,-4.8913846,-1.3750551,-4.508118,-4.2236986,
H77M,-2.2876902,-2.6275055,-0.68647546,-2.3470685,-2.5412562,
S175Q,-1.7906356,-1.4696208,0.9279077,-2.9858282,-2.00814,
A79L,-0.36716154,-1.2121277,-0.4763825,-2.1650198,-0.03160453,
P276M,-2.9648569,-5.4297123,-0.3091054,-1.6726921,-0.21707666,
G88R,4.86437,2.5940647,6.4059772,1.6921294,6.571942,
H213S,-4.915599,-5.045039,-3.1408873,-5.032583,-4.2980037,
F297Q,-17.82796,-15.529357,-10.902979,-18.041294,-15.107509,
P115N,-0.31461027,-1.8308058,-0.087631464,-1.9828143,-1.2014507,
L129H,-7.3864036,-8.963051,-6.718231,-9.793882,-5.111591,
H171W,-5.599903,-5.817122,-3.3776636,-5.615217,-5.7197742,
L193S,0.30873984,0.6657514,3.2740874,0.0840325,0.4347996,
T26M,-1.8032877,-1.5072126,2.1012907,-1.4898667,1.4898514,
K248I,-12.654473,-11.377574,-7.866716,-14.119942,-12.689699,
L136P,-9.871044,-9.893048,-6.4998355,-8.333271,-10.013841,
Y146E,-5.4075212,-4.3155217,-2.6872475,-6.7557707,-5.1330853,
S89W,-6.6722374,-7.509011,-4.9862247,-5.9713993,-6.051104,
T84L,-5.7017574,-4.566342,-1.3884141,-5.883145,-3.8528738,
I252V,0.71267724,0.33663633,2.8791218,-1.8386948,0.48243338,"I252A, I252A, I252Q, I252Q, I252R, I252R"
C102Y,-2.5513284,-2.5853825,-1.4071732,-3.8880744,-2.0593896,
T147C,-3.5652344,-4.187132,-3.073682,-3.977665,-3.6115847,
R68Q,-5.141042,-6.808784,-5.0137386,-8.488365,-7.4158278,
S62H,-0.3692775,-2.3660173,2.6774569,-2.235601,-0.55552274,
L249E,-11.655857,-10.6717205,-10.660656,-15.946581,-13.190981,
L191A,-1.7234089,-1.1852481,1.089329,-3.6147156,-1.108725,
Q95E,-6.012605,-7.2736974,-4.024129,-6.4285154,-6.531265,
H8S,3.333004,2.9709585,4.0876307,2.3263712,2.6969187,
E21D,-0.0335719,0.10595396,2.1143909,-1.736949,1.2610487,
L59T,2.9971004,4.4008894,6.582221,1.7375441,5.428334,
P232D,-9.7453575,-10.119528,-8.929458,-13.356337,-11.317202,
G226N,4.98409,3.6386108,5.183633,5.0411925,4.6281357,
L64F,-0.11769208,-0.25184032,1.3632263,-1.3484392,1.9518343,
S175P,-2.6073754,-3.19383,-2.3192074,-4.989381,-4.101548,
I252R,1.5963347,1.4499209,2.7684808,0.26089633,2.9590068,"I252A, I252A, I252Q, I252Q, I252R, I252R"
L195Y,-3.5153756,-3.4601846,-2.1533313,-4.5482407,-4.3779907,
L54E,-3.587947,-3.0180874,-1.8053719,-3.8546147,-5.2045374,
K144W,-7.6282187,-5.1956697,-3.593072,-6.0093174,-6.6085854,
G156K,-3.931635,-4.6143627,-4.1147537,-5.1787663,-2.4504142,
V83L,-0.13483647,0.9088704,3.3800993,-2.0786595,0.90539336,
L30R,-3.9530282,-4.4438324,-3.693719,-5.9118366,-4.6995897,
E133K,-0.73048246,-2.9895723,-1.6455641,-3.4450893,-2.8470237,
C239H,-7.201612,-6.735718,-4.178156,-10.626453,-8.396537,
H181M,-2.0809817,-2.2095568,-0.58328557,-1.3537116,-0.9456717,
T52Q,-2.5516176,-0.82632494,0.9692978,-2.481419,-1.5794464,
C239K,-9.509005,-12.698242,-6.0498405,-12.057617,-9.14644,
A268K,3.012906,1.3481613,3.6118546,1.7415991,4.133864,
S51N,3.3068354,2.2215936,4.5511875,2.7411757,3.925492,
Q38E,-0.06276599,1.1377342,0.31010056,-0.7578778,1.134834,
A286E,-10.573463,-9.11318,-7.7398696,-12.29674,-11.106078,
D76K,3.1787534,0.9310901,3.732614,1.9707704,2.6073065,
G156H,-4.392785,-4.905448,-4.025813,-5.3972654,-3.5560744,
L285K,-4.336416,-7.418066,-0.8078233,-6.1358013,-4.5326767,
P115L,-6.0665627,-5.823113,-1.9826719,-4.9209585,-4.8663187,
A178M,0.014035493,-1.3902901,1.5418978,-1.2451506,0.15110555,
W260N,-8.549213,-7.1701965,-4.639856,-9.238457,-7.6485243,
R288F,-2.3242664,-3.014707,-1.9911475,-3.4880614,-2.6517365,
Q272R,-0.87546647,-1.9916563,-0.6393025,-2.271245,0.28320754,
D125G,-2.9485254,-3.7916574,2.1595023,-4.4581614,-2.2121468,
G105H,-2.4425755,-3.4502227,-1.919939,-2.5635529,-1.8510299,
N258H,-2.8933654,-2.2546756,3.8279307,-2.9672117,-2.8508263,"N258S, N258S"
Q16K,3.4384632,3.1238925,2.8650305,3.9348564,4.579493,
C278L,-2.699399,-3.1929216,-0.88160026,-3.0946724,-1.7965107,
I235Y,-10.618216,-10.629307,-7.3954563,-12.602923,-9.270508,
G121S,4.528228,4.0929337,5.193866,3.2910922,5.4753184,
V221D,-22.04257,-22.189909,-16.82115,-22.369648,-20.95445,
L157S,-2.1261134,-0.73942274,1.2175536,-3.255007,-2.7674353,
V17S,0.8494225,1.9007313,2.2621765,-1.1466732,0.42838675,
A300F,-1.4858025,-2.4115505,-1.435,-3.0121138,-3.2703242,
L183I,0.94856894,1.0864096,1.2053257,-0.0059165508,1.9969598,
G237V,2.7394242,1.5060471,3.6007705,1.2177702,1.5482428,
T315W,-2.2173243,-2.9403062,-1.5271128,-2.603475,-2.3883567,
H87Q,-1.7180961,-0.71369636,1.5607941,-2.5834234,-2.251988,
R302F,-8.300335,-9.645143,-8.770001,-11.721671,-9.74486,
Q164H,-0.26127046,-0.42171466,1.9652947,-1.2586676,2.257896,
L214V,-2.3078,-1.5299975,-0.56764174,-2.900764,-1.125084,
L273E,-19.274567,-18.874012,-14.866045,-22.501503,-21.17842,
Q99P,-1.1803094,-2.3143003,1.0787897,-2.2300503,0.20213254,
S69A,-2.7845724,-1.9236696,2.3190122,-2.8554277,-1.999178,
G9A,0.5891558,0.66948277,4.814703,0.050591715,1.8144207,
S24E,0.47863102,-0.007475376,3.4445834,-2.2589533,0.12516367,
E94H,-4.1844444,-7.007971,-1.9481673,-5.183329,-4.9670334,
L140G,-3.9545605,-1.5592495,1.036912,-2.1244886,-2.5383701,
P86R,-6.2795744,-5.6422157,-2.9676518,-6.291692,-3.1574113,
D166L,-0.7501317,-1.6423078,1.0442157,-2.1850688,-0.8368217,
A153S,3.6476395,1.8269942,4.1081276,-0.24519736,3.4316099,
L184E,-4.337371,-2.648553,-1.6831985,-5.0961833,-4.6576295,
T190W,-5.4189653,-8.357792,-3.8078618,-5.609973,-6.279692,
L266W,-8.832721,-12.3321,-6.001365,-10.534191,-10.77702,
T147H,-2.899919,-2.1968439,-1.5985504,-3.2689488,-3.4374394,
F107P,-11.143094,-9.865519,-10.479483,-15.038014,-10.801465,
F118H,-4.963317,-6.777942,-2.0447721,-5.8511605,-3.6647801,
H181S,3.2891777,2.9931564,3.7560625,1.7755005,1.4875054,
A35Q,-0.44668043,-0.13248606,2.691008,-1.5691339,-0.2944367,
G106L,-2.321925,-1.2646055,0.70187867,-1.2214651,-1.5435374,
Q304N,-2.127903,-1.413023,-1.7334635,-2.284733,-0.34997407,
Q197S,0.8167382,1.585319,0.90437734,0.71723974,1.4988849,
I252N,1.8772777,2.3716414,3.0911903,-0.08994305,3.7573225,"I252A, I252A, I252Q, I252Q, I252R, I252R"
N139D,-5.571118,-6.204406,-3.2188618,-6.262864,-6.190978,"N139A, N139A, N139R, N139R"
I73W,-7.172956,-8.729876,-6.630412,-8.293132,-7.865082,
T190Q,-0.9195766,-1.302111,1.7615185,-2.161151,-1.1715487,
D198H,-2.8216865,-5.0258784,-2.9668062,-3.6216521,-3.3753443,
S69Y,-0.91692305,-1.209806,2.642187,-1.056482,0.97766495,
V83D,-11.650722,-15.588102,-13.111785,-14.55047,-11.038564,
A35E,-0.8285343,1.3330638,2.4308615,-1.607566,-1.0296433,
S61H,-1.9579341,-2.0108805,-0.24433225,-3.2505643,-1.8482261,
C278Y,-1.1709249,-0.2246683,3.6151967,0.33080336,0.67678183,
S242C,-5.187834,-5.730338,-2.4589493,-5.9116583,-3.981182,
D227V,-3.2316737,-2.886144,0.31711498,-2.0939121,-1.1080847,
P254I,-6.5038815,-6.0758104,-3.72864,-5.439233,-4.893123,
S61I,-3.5653524,-3.033822,-1.9285502,-3.1332006,-3.1018012,
Q95A,-4.396758,-4.9514036,-2.1675112,-5.100067,-3.9428515,
F291P,-18.885529,-19.248486,-16.669561,-23.67643,-23.569244,
E205L,-1.2846777,-1.3494613,0.18130606,-1.4815003,-1.1941333,
P228V,-0.55210716,-0.8805453,2.9749613,-0.012151748,1.0719213,
R302D,-15.401845,-17.2177,-18.172235,-22.022745,-18.552738,
M1Q,-7.8500466,-3.347036,-7.747537,-6.3238416,-4.541983,
T122Y,0.8762542,-0.8523772,0.73134583,-1.3935429,0.16311395,
K137Y,-1.0589836,-0.3797567,1.0923867,-1.3651687,-0.45529032,
R18H,-2.3562322,-2.5869064,-1.7271433,-3.82,-2.5349274,
S61R,-3.3503833,-4.1032143,-3.0452156,-4.7624607,-2.4314063,
S89T,0.5864267,0.14684987,2.6040518,-1.0261731,3.1887271,
Q123W,-3.6946568,-3.7086854,-1.6537492,-4.3834734,-3.830547,"Q123D, Q123D"
A194T,-1.4148452,-1.4958743,2.6063166,-2.1788788,-2.1007085,
S55D,-1.9326857,-0.7638053,-0.30198768,-2.8482783,-1.94048,
K144S,-4.3082523,-0.75001854,-0.38724834,-3.865282,-3.9282165,
L230H,-11.156954,-10.2881775,-8.247881,-14.408373,-10.576331,
R271T,-2.863532,-3.05549,-2.424765,-4.902392,-2.0366292,
A236T,-4.4877887,-5.883275,0.9438448,-6.2840714,-5.511469,
V201T,-2.425065,-3.4940588,1.2956827,-2.72816,0.5596787,
L266A,-8.707651,-6.9488306,-4.5276704,-10.814085,-8.016436,
L30W,-8.237704,-7.1500587,-7.795735,-10.6845455,-9.825262,
C102H,-3.4569533,-4.5612383,-3.2467847,-5.328249,-4.6255827,
Y81F,-3.655946,-3.0913732,1.1214656,-3.0398827,-2.3957305,
G226Q,0.11869025,-0.6613814,2.91927,-1.0609893,0.6533774,
G106Y,-0.80660737,-0.5642732,2.5699,-0.62334937,1.5940762,
G9L,2.570665,0.8214145,4.2148504,1.0044065,2.5819664,
E218P,-10.626062,-11.739849,-4.3294864,-10.280165,-9.844437,
E311T,-1.3264892,-5.0752506,2.6504683,-1.1439848,-0.15340391,
P254M,-6.9053435,-7.4238605,-4.167101,-6.063542,-5.680005,
Q16W,-3.7725465,-6.420586,-3.2965896,-4.8911366,-4.6103573,
S188K,0.9957941,-0.39668313,-0.33133078,-1.4710892,0.11126446,
E33D,-0.6392028,-1.0215063,2.3676777,-1.6425164,0.4925254,
P115C,-5.0725536,-6.002297,-1.9960442,-5.0106096,-4.950315,
S175T,1.3009108,1.5278599,3.788551,1.3796848,3.9045694,
W47Q,-1.6587435,-0.8303052,0.29088417,-3.2273214,-1.6588252,
A194E,-9.797134,-8.937767,-8.984066,-11.559408,-10.773528,
F287T,2.1291456,2.6767204,4.593212,-0.32928005,1.5478821,"F287W, F287W"
P232L,-2.4468079,-4.895515,-1.8312833,-4.0606103,-3.7342486,
L56P,-3.924935,-4.6576605,-2.6475344,-6.113162,-4.1101613,
E311P,-11.780245,-14.374752,-5.793747,-12.101252,-9.541569,
Q38D,-1.0394305,-1.2363605,-1.6641023,-2.3163326,-0.44885802,
L64I,1.450257,1.6310406,2.082676,0.8197849,2.6952443,
E259P,-7.69983,-10.065004,-2.2217388,-8.678692,-8.009502,
Y66H,-6.93062,-5.817997,-3.865004,-9.190171,-7.1642284,
G88W,-1.0191929,-1.616756,1.6766553,-1.2788475,-1.9039104,
L273P,-12.577921,-13.803316,-8.945557,-14.006893,-14.739128,
A153Q,-0.29966402,-1.2668413,2.5122266,-2.3966036,-1.2582583,
E185N,1.8873779,0.8192127,3.9263797,1.1768284,3.905683,
S51R,-0.55014056,-0.9975085,2.1499069,-0.6325923,0.94401515,
P132K,-1.6616135,-5.1861315,-0.82695067,-4.7885256,-2.0275455,
G65Y,3.3398645,1.9613746,2.3401115,1.6370639,3.4442084,
E133Q,-0.4041595,-2.448308,-0.5507916,-2.8302794,-2.5461817,
H247N,-1.4100485,-1.49319,0.70866334,-3.4386306,-2.080953,
K137Q,-4.2203097,-1.0861341,0.81736636,-3.6346347,-4.056386,
H98K,3.3187242,0.7197753,3.2017865,2.0454814,3.6401446,
L44P,-5.633484,-8.120273,-6.645176,-10.222472,-7.3625956,
P29I,-8.413013,-8.0183115,-4.343275,-7.942643,-8.1449795,
L167V,-0.7497194,-0.029430449,1.0239925,-1.2978907,-0.07287672,
Q155G,-1.6742821,-0.90332735,-0.7144211,-1.7440859,-1.0594456,
S62N,2.2866201,1.2608699,3.9411817,-1.4396082,3.0688424,
C150H,-1.3669652,-1.6682361,0.9828354,-2.1611419,-1.3288896,
Q99N,1.1221434,0.6725029,2.0185025,0.6397896,4.768125,
F34Y,0.9187602,1.0407882,4.1946497,-0.9282125,2.675969,
H247M,-4.080724,-3.945273,-2.4287436,-5.4083,-5.1133814,
V221C,-11.413954,-10.436247,-8.392855,-10.89587,-8.750757,
V109K,-8.885641,-14.060856,-9.201147,-13.566683,-9.827978,
A179I,1.5445559,1.3205099,1.8367149,1.3336601,2.320406,
Q304Y,-0.49158275,-0.6966956,-1.3921068,-2.1735492,-0.14154689,
S231P,-7.0443316,-6.7070074,-3.2776666,-8.3713455,-6.977995,
P228K,2.7961237,0.60980636,3.5248005,2.4616199,3.6182127,
V221H,-19.1916,-19.1199,-14.158658,-18.566776,-14.7175,
S103I,-1.3214132,-1.4171374,0.4571421,-0.23781617,0.87228507,
G65A,2.1838932,2.4762783,3.8184414,1.2844629,4.1547165,
H247R,-0.9005113,-4.6578436,0.9305581,-4.7950897,-2.2082944,
S210A,-1.0815878,-0.2438637,2.8144875,-1.5162712,2.2495503,
G158P,-5.1651664,-5.424358,-4.029648,-6.509899,-5.133882,
D125P,-4.765609,-7.2504816,-3.4409199,-7.0403976,-4.16615,
A71M,-0.90302217,-1.4876409,1.5109181,-0.17366543,-0.42813545,
D198R,-4.036577,-7.3903403,-4.8832607,-6.149559,-3.6329556,
A22D,-3.1918614,-2.9346323,-0.72983766,-4.530239,-4.268569,
H87M,0.022333607,-0.5719675,0.54427266,-0.7330024,1.9318632,
I100T,-0.18065043,-0.11997473,3.510604,-2.31103,0.105620265,
N124R,-4.889584,-5.46835,-2.1463203,-5.4949164,-4.264965,
Y116H,-4.6228166,-3.925046,-1.9894354,-6.5819364,-4.8326607,
T147Y,0.34041286,-0.7194201,0.09556714,-1.5332174,-1.0058875,
P13N,3.8780487,3.4818654,3.1756725,3.333162,3.4040363,
S242E,-9.9508095,-10.340883,-9.679884,-13.675343,-13.417513,
S51V,-2.8967505,-1.989831,-1.4358547,-2.6583483,-1.5896702,
V217A,1.1692369,-0.38131326,3.8533258,-2.288609,2.1814013,
Q197D,-2.8509922,-0.6974639,-1.4589913,-3.1875453,-2.9942865,
T52R,-2.8396018,-3.510527,-1.7590413,-3.551341,-2.9526541,
K144H,-5.475991,-2.8468843,-1.909115,-4.969227,-4.9327188,
K130P,-11.114025,-10.764082,-9.887434,-12.485009,-10.593446,
N124F,-5.6212163,-5.137403,-3.8588266,-6.25346,-4.817597,
E267Q,-0.3651818,-2.1790414,3.9195848,-0.6735753,1.1051456,
P276W,-9.187864,-9.760981,-4.3255367,-6.6845493,-6.0774994,
D166Y,3.4545617,-1.2353157,3.2251287,-0.8928633,1.294766,
L212Q,-0.6789628,-1.4267313,1.8865618,-2.6871948,-1.9535669,
S188D,-7.564792,-7.122076,-4.761492,-7.9319215,-9.134007,
D275W,-6.900177,-8.029831,-3.0096622,-6.344873,-5.375294,
A295P,-1.1129999,-3.293729,0.40079135,-4.269555,-2.4497623,
L140Y,0.67687786,-1.4953315,0.09173608,-1.8411744,-0.4183001,
L5C,-3.010868,-3.6520228,-0.37166476,-2.7503064,-2.5039415,
R46N,-5.664812,-2.2908978,-2.0688071,-4.796604,-1.2543566,
F40S,-5.203166,-6.9142804,-5.414812,-8.20809,-6.0905747,
G121Y,0.5418511,-1.2724407,2.3394356,-0.8849746,1.3402758,
F93K,-9.62183,-9.757126,-9.188284,-10.499815,-7.965158,
D152N,2.907515,-0.38714927,4.4718146,-0.47841436,2.6430264,
D293K,2.1844113,-0.52439195,3.6458762,-2.2841065,3.0223284,
A35P,2.5697322,2.000935,4.136846,0.16686414,3.8538985,
A238M,-5.169119,-5.66751,-3.7207215,-4.752538,-4.9281483,
T147W,-5.2890806,-5.0641985,-3.1156335,-4.584809,-4.9022646,
S103M,-3.1535373,-3.7529254,-0.71665347,-1.9611477,-1.9419744,
L193K,-3.0547554,-3.8441741,-2.6557288,-2.711797,-1.8643241,
L44Q,-4.4922934,-4.819274,-3.4435816,-6.681442,-3.3846781,
P11T,2.824699,1.6362236,3.9583366,2.365615,4.037835,
R274Y,-1.0885152,-0.8344617,1.0824535,-1.4214807,0.12729812,
G283F,-3.2201328,-4.048162,-2.9349163,-3.845576,-3.7759147,
D227G,-8.441048,-8.067305,-3.5958617,-9.690382,-7.924614,
C150Q,-1.885905,-0.78115225,1.0087098,-2.6641521,-2.4475303,
G42Y,-5.21148,-7.822404,-6.4463763,-10.270073,-7.7795725,
P228F,-2.0375948,-1.7989802,0.912701,-0.8625152,0.38416228,
R58D,-4.9381914,-4.8257413,-4.5143394,-7.322337,-6.1013927,
H171K,-1.5420372,-1.9922264,-0.8640103,-1.3127214,-1.9822416,
A35I,2.419063,0.93455213,2.1502614,2.10359,2.2817426,
G203N,5.1212716,3.2521935,4.595717,5.057131,5.0893264,
H72N,4.5397997,3.0514386,3.8235738,2.2208183,3.4815688,
V109D,-13.208733,-14.017452,-13.983568,-17.032797,-14.527996,
L54W,-5.011696,-4.873955,-2.4471107,-3.8129148,-4.2704377,
D96C,-1.8048246,-2.3583984,-0.030250907,-1.5918603,-1.0410622,
R159A,-4.1871243,-1.0049713,-1.3641244,-3.5968423,-3.125951,
G65V,-0.14952078,0.7266497,1.5734831,0.26202106,2.8520648,
R68C,-10.478257,-10.154858,-6.4693327,-10.577953,-12.302695,
L165Y,-3.8184,-4.1527185,-2.9565668,-4.78971,-3.6328888,
D76G,-1.7421566,-1.6557537,2.2054944,-2.1655138,-0.5475678,
V221F,-3.7591276,-4.2603545,-0.6752909,-2.912406,-3.8159828,
G97P,-4.669876,-6.329856,-3.8108902,-6.080581,-4.4206996,
S6T,2.8392124,1.4103931,4.7708473,0.40414917,3.9769554,
W10D,-1.7120452,-0.4941443,-1.3603522,-3.3368592,-2.2320223,"W10L, W10L"
L191D,-10.976954,-14.8541765,-12.328699,-13.423168,-12.367179,
A135F,1.6886189,1.532639,1.5749304,-0.1275036,3.0082023,"A135W, A135W"
A36Y,0.20900103,-0.69505686,0.42063633,-1.6384174,0.28695625,
G37R,1.9849043,2.2212362,2.9066126,0.6672428,3.4633775,
F93Y,-0.24300398,-1.4962721,2.2322838,-3.4934626,-0.32560176,
G142A,1.7681348,1.847652,4.9319186,1.2229844,2.5240805,
T234I,2.2239301,0.9909842,3.484249,2.7506251,1.9954617,
G156Y,-3.3581343,-3.6685758,-2.8509724,-3.3632436,-2.250952,
W289K,-7.803621,-10.466872,-3.5822234,-9.263807,-6.840961,
W10T,-0.16533047,0.24194175,0.81474555,-0.33194813,1.1295276,"W10L, W10L"
P228T,2.5178401,-0.6491595,3.2655668,1.4114656,2.3736954,
R15E,-3.2888784,-6.9650097,-4.7004128,-7.3596964,-5.495652,
V91F,-0.19872952,-1.1986427,-0.38857222,-1.3037692,-0.5149921,
A292R,2.8429646,1.6083276,4.7040215,2.4681478,4.0957384,
R313L,-6.760477,-7.038454,-5.5522394,-8.073256,-6.8182564,
G142R,2.951425,0.13440612,4.263649,-0.82528716,3.5517476,
F34N,-3.9394264,-5.1471796,-0.34325635,-4.339484,-3.264139,
F107M,-2.8889933,-2.4724507,0.9212801,-3.3780413,-2.1866412,
F93I,-1.8311341,-1.8661945,2.1754494,-1.5758677,-1.7040304,
H277D,1.334907,2.4451044,0.91757953,-0.13818629,-0.081138015,
R274C,-0.0059248656,-0.79591,1.2172074,-1.3822868,-0.13577554,
D76R,0.48531443,-1.4447358,3.1235511,0.6686698,0.038082004,
N124P,-5.752829,-6.6081257,-6.115727,-7.6569433,-5.387101,
D113M,-3.4377453,-4.5213175,0.58279186,-4.203431,-1.5672253,
K144F,-4.1993747,-1.8878376,-2.0102577,-3.6279392,-2.700912,
A178R,0.36640722,-0.8807206,-0.422754,-1.6477724,-0.33425358,
P276T,1.561412,-1.5653915,3.0885336,-0.03903468,2.3612201,
E110Y,-8.989534,-5.068286,-7.005104,-6.0094204,-6.063112,
Q303D,-2.6286912,-2.0521681,-4.007721,-4.530801,-3.006195,
F297Y,-3.8633106,-4.128916,-0.5045842,-4.4819083,-4.068838,
V312W,-1.5521594,-2.1604905,-0.84526974,-1.6059005,-3.0758557,
T84W,-7.7521315,-8.790401,-5.8282957,-8.051881,-6.8837028,
H270T,-0.5197878,-2.9197516,2.486905,-1.2677985,-1.090038,
S57I,-3.4268095,-3.2200923,-1.2904854,-2.3260512,-3.3639088,
L59S,1.8183966,2.3041053,4.465705,-2.3658962,3.8334522,
D227N,5.010723,3.521432,5.6853957,5.105498,5.7177086,
P39I,-1.1577306,-0.5917531,-0.494285,-0.07258837,0.47035614,
H149Y,1.306253,1.0486693,1.7819322,-0.6692676,2.9938593,
L82D,-8.773488,-9.5549755,-7.268383,-9.837591,-8.526104,
T317A,0.43387768,1.7670805,3.9904113,0.073432855,2.0435824,
D227E,-0.5826471,-1.5504344,4.2520547,-1.9568082,-0.6605617,
Q272F,-1.6396832,-2.4971704,-2.3822062,-2.0201952,-0.58926594,
N224I,-6.639084,-8.355077,-2.7002497,-4.4964833,-5.0035777,
R170E,-2.1608381,-0.02995509,-3.112712,-2.671784,-2.5143855,
E33I,-4.325502,-6.4124284,-1.8950844,-2.6692224,-3.6257136,
I100M,-1.6988069,-2.3755813,1.4215273,-3.1260934,-2.4739604,
P104T,0.27411023,1.0492709,3.6225343,3.3390825,2.944933,
L157Y,1.4140842,-1.0468514,0.6020677,-1.3193629,0.8628273,
Q164M,-1.6847453,-1.4083753,-1.0245565,-1.0633669,-0.38216347,
D96L,-4.301855,-2.976357,-1.1948197,-3.0346684,-2.6072485,
D25R,-0.40523112,-1.521573,2.0345054,-0.10696814,1.2069457,
V17K,2.4862552,0.8160377,2.9148388,2.801671,3.9697526,
G106D,0.4130674,3.6033168,2.0967348,0.97045445,0.5629402,
E185F,-6.669345,-13.9409485,-6.3038597,-8.203477,-7.788838,
L141Y,2.8924065,2.8131807,3.3416014,1.6454914,4.2556124,
R68N,-7.8842006,-8.192673,-6.338989,-9.93758,-8.86821,
E110L,-6.2042284,-4.750575,-6.5249367,-4.7706547,-5.7193246,
R60M,-1.3034217,-1.5642575,-0.52403235,-1.8934155,-0.068327546,
G97Y,-0.686301,-1.6908698,0.7118752,-1.337619,-1.1686113,
P2C,-0.13368258,-0.84876776,-0.6274424,-1.1511325,0.6337812,
I100Y,-0.46406317,-1.2760699,-0.3818353,-3.2115889,-0.48291656,
S204I,0.55271477,0.101316795,1.6090727,1.5640099,1.7225449,
L59V,-0.47831815,2.8676624,3.9886215,-0.06119071,2.845349,
S67G,-0.79444116,-0.87210935,3.8307118,-2.3765461,2.2375498,
V201S,-3.7038171,-4.24897,-0.25282612,-4.514917,-2.2548103,
L64G,-3.4231048,-2.8031812,-1.5594624,-5.523877,-3.140266,
F287N,3.7860785,3.9543567,6.1116686,1.2549179,2.5496273,"F287W, F287W"
V128W,-10.715268,-10.94005,-10.900949,-10.391274,-9.31247,
G226E,-0.5268683,-0.23437448,1.5621186,-1.6452495,-0.6085545,
T26L,-2.4109244,-1.8497167,-0.80285925,-3.6924338,-1.7647772,
F151N,-7.8160777,-8.233311,-4.763276,-8.226326,-6.503195,
E90A,-1.0520127,-1.6743621,3.4815803,-0.7019242,2.7517068,
K130I,-10.013596,-8.954384,-7.452634,-10.119336,-8.9857645,
T315Q,2.0899818,2.0825448,5.198928,0.105821736,3.6702602,
G121R,1.3574882,-0.122259,3.449405,-1.096456,3.1422875,
R18L,-4.867009,-3.55927,-2.397217,-5.544902,-4.171261,
P104N,3.3537772,3.314828,4.85549,3.347852,4.3574505,
P177Q,-2.4516935,-1.0394692,1.1096611,-1.170133,-1.3215092,
A22G,-4.106606,-3.3792024,-1.1820768,-5.315118,-4.4170732,
H92Y,2.6761138,2.6753004,3.0276327,0.07356736,1.9733901,
R46V,-5.2223024,-2.7267852,-2.082386,-4.905574,-2.9327521,
A153E,-2.4857206,-1.1115396,-1.3721693,-3.793623,-2.7376695,
L182D,-5.8082857,-4.9489226,-3.3547177,-6.1231823,-4.994362,
A179H,-2.7497368,-3.7547612,-0.6107289,-3.8202648,-3.0470662,
Q186P,-9.038458,-9.0591135,-5.814437,-10.938357,-9.007206,
A295R,3.5989995,2.7853997,4.1332054,-1.8641737,4.2900763,
A300Y,-1.1567476,-3.6847196,-0.1935857,-2.2780886,-1.9923006,
G283C,-2.4926405,-3.5722952,-2.068727,-4.312766,-3.567025,
Y305G,-23.639503,-20.430897,-14.681887,-23.635662,-20.031996,
R154Q,-2.724453,-1.6456401,-0.4067201,-3.4328976,-3.5093207,
L184M,0.82013834,-0.574446,2.538311,-0.8661799,0.8570769,
G9R,4.266789,2.4344041,5.8615494,1.6522865,4.6537895,
H213M,-4.4964304,-5.9579268,-3.1057563,-4.993252,-3.801717,
Y116E,-13.749285,-9.803167,-10.68269,-15.986202,-12.85414,
V17Y,0.12717542,-0.30916125,3.3598,-1.4962704,0.5799502,
L212W,-4.2306085,-6.620496,-1.8362856,-4.7447414,-4.968981,
R274K,2.4622774,2.3753421,3.2666988,3.2655215,3.3018534,
L230Y,-3.203307,-4.6272554,-2.3268359,-5.2014933,-4.268496,
S6A,-1.5698982,-0.4227626,1.7499149,-2.614435,-1.9329314,
R148H,-0.91539454,1.7843902,1.717771,-1.1002257,0.39366722,"R148A, R148A"
F250E,-13.83989,-16.040468,-14.419134,-17.581846,-15.051832,
G158Y,-5.245347,-9.355555,-4.1982884,-8.53045,-6.5216246,
R299I,-10.154844,-10.973233,-7.3151913,-10.987075,-11.952814,
V162H,-2.5410671,-3.3584623,-1.418034,-3.6245034,-1.788785,
P50L,1.0817116,0.37171346,1.4403464,-1.0868776,2.0748909,
S231Y,-0.6342854,-2.1214778,2.6221337,-1.8997808,-1.1162369,
L246F,-4.236808,-4.476723,-3.552,-6.1844788,-5.7413883,
S57D,-5.324588,-3.4399023,-2.8651516,-7.395749,-5.974526,
W289T,-2.9146495,-4.4900093,-0.059362352,-5.7505445,-4.0019617,
S61T,1.4269456,0.94867146,4.070507,0.30267975,3.4041605,
S89A,-1.2024862,-0.10329224,3.207235,-1.8787558,0.96609384,
R316W,-4.421378,-5.0872526,-4.0383897,-6.149954,-5.7428885,
R68I,-10.917092,-9.059004,-7.144054,-10.851683,-10.445671,
L131P,-9.715332,-11.868294,-11.482042,-12.987916,-10.48143,
L195K,-3.7598805,-6.5359564,-2.6595705,-6.821149,-4.7010207,
A138C,0.5970766,-1.9046376,2.26443,-1.8718786,-0.66289616,
F80K,9.355898,6.284667,9.886797,3.1952252,9.830414,"F80A, F80A, F80C, F80C, F80S, F80S"
C278P,-5.543088,-6.4019856,-4.1733627,-8.560773,-5.546397,
L5P,-9.154899,-9.4297695,-6.6948595,-8.640131,-10.139245,
R134D,-2.1688328,-0.72353816,-1.931381,-2.1411433,-1.5665629,
D275P,-11.602547,-12.446981,-4.3223395,-10.8445015,-8.7317095,
Q296H,2.969388,3.4175608,4.4833913,2.8983815,5.528806,"Q296H, Q296H"
I282G,-12.744822,-11.210602,-8.495909,-14.66321,-12.260151,
W19I,-4.3223333,-3.218368,0.38201642,-3.2827032,-2.7644217,
A187R,-6.071205,-11.156508,-6.9541698,-9.760788,-8.190651,
T52K,-1.4964437,-2.7925386,-1.9034414,-2.9219398,-1.5194709,
T84Y,-3.1761656,-1.6706378,-1.0813849,-2.0545409,-1.475107,
L56K,-1.3437774,0.06571616,-1.6049536,-3.64725,-1.2403724,
A138W,-3.9845212,-3.553252,-2.2353506,-4.1619396,-4.7992444,
E110N,-5.7186136,-4.7426476,-4.2718573,-4.3233294,-3.9292212,
R148T,-2.2981138,-0.20254192,0.26659662,-2.6277342,0.2685458,"R148A, R148A"
T211N,2.5636873,1.8063936,4.271368,0.5090941,3.1282024,
R302G,-12.261296,-10.9790945,-11.075327,-16.170172,-13.325271,
Q264E,-2.9431405,-3.1704996,-3.9258008,-4.8690395,-3.1538305,
I100R,-4.9162927,-6.960963,-4.0182652,-7.489391,-4.648576,
L195G,-4.5776777,-4.8430634,-1.8996987,-8.333264,-6.094448,
T308P,-1.4921076,-1.3550384,2.0138772,-3.2158384,-1.8623629,
D275R,-4.2147794,-4.025202,0.16977766,-4.131401,-2.1743667,
H8K,4.0169873,3.0451727,3.2658615,0.3390763,2.1147485,
R58C,-1.4936838,-2.5190601,0.9710932,-2.2438865,-1.6513057,
L44D,-5.4232187,-6.8039594,-5.087799,-7.5581193,-5.2458105,
H247S,-4.6311846,-3.2470152,-1.7733897,-5.692683,-4.5349383,
V128M,-3.1341987,-3.5246282,-2.4536858,-4.094716,-2.2680705,
L280G,-0.7991369,-1.5822284,0.28822717,-2.7325435,-1.5209209,
A135R,3.1101627,1.4930636,3.851232,-0.37816778,3.0481226,"A135W, A135W"
L249V,-2.429067,-1.0637095,2.435294,-3.2078502,-1.6708918,
Q296A,-0.23590682,0.370204,3.2285523,0.22228628,1.7887545,"Q296H, Q296H"
H270K,5.0537643,5.1088586,5.267299,5.913103,5.2449875,
V312A,-2.5814118,-3.1069403,2.6788573,-2.286544,-0.7343799,
G74D,-0.055539846,1.0024747,1.2376518,-1.5518792,0.5010244,
A179Q,-3.6640275,-2.305926,0.024711996,-2.611319,-2.6683476,
L195T,-3.1155891,-3.242557,-1.7945344,-5.5028944,-4.721483,
F250M,-4.4194555,-4.213457,-2.3977423,-3.645166,-4.1169243,
T7P,-5.7987986,-7.095063,-5.190911,-8.556826,-6.794285,
Q294V,-3.6311736,-2.847337,-2.757991,-3.0835524,-2.284536,
L44I,2.5016885,2.4212394,3.848959,1.1183246,3.9073312,
N258A,1.0980769,1.0511651,2.7614303,-1.5683846,2.2544851,"N258S, N258S"
L140W,-3.500348,-4.8406873,-1.5053588,-2.8905535,-3.6511874,
S61W,-8.105009,-7.4982724,-8.153979,-9.005737,-8.922178,
K248T,-11.323221,-9.629793,-6.805958,-11.706295,-10.8633,
P176A,-1.0612148,0.59393597,1.7630632,-0.38582507,0.90539426,
S231A,-1.5638816,-1.9171512,2.5398974,-3.2234592,0.01865092,
L32W,-3.3076925,-3.8152852,-0.8135027,-4.8273067,-4.1970186,
S6D,-1.4492371,-0.06106834,2.491377,-2.0364115,0.98787534,
S204A,0.13895196,0.39146423,3.5880895,-0.9777881,2.6281242,
S207N,2.4754748,0.2640301,4.6235175,-1.8205806,4.2462006,
V162Y,1.1826735,-0.27367485,2.8134975,-0.7924031,0.78486353,
Q303H,-1.224174,-1.8035686,0.053694382,-1.1889089,0.4974295,
P254K,1.6928598,-0.123768225,0.66173697,1.5366278,2.3792098,
Q186I,-4.9400406,-7.778798,-5.794582,-6.13597,-3.972351,
E229T,-1.1813557,-2.0853093,1.2006415,-0.5170738,0.56258893,
L184P,-4.6963673,-3.8931763,-0.9561155,-5.7234097,-4.6259265,
S55R,-1.3884271,-2.2888799,-0.3480199,-2.3121066,-2.176394,
E259Q,0.045989633,-1.98192,4.32826,-3.165163,0.50385374,
P53M,-1.3079684,-0.960034,1.5495312,-1.9479071,0.48934734,
L212H,0.7616528,-0.8858523,2.497229,-2.8977802,0.3246772,
E110A,-4.799944,-3.7436469,-5.2455115,-4.0305176,-3.8543587,
W127P,-3.378994,-4.5671887,-3.9867334,-5.2590647,-2.2347493,
L141T,1.5050204,1.2450855,3.5970511,1.0850476,2.0800424,
S242R,-7.238186,-7.7964797,-1.7209017,-7.600095,-7.145296,
D125S,-2.0352955,-2.3855224,2.7077131,-2.8680038,-0.774374,
F93R,-6.097492,-5.920498,-4.7581596,-6.027408,-2.9684043,
A138M,-0.2659666,-0.9818709,1.8230584,-0.26326782,1.0215781,
T234G,-8.157381,-7.125427,-4.1323094,-8.9748125,-7.313342,
L193Q,-1.6929328,-2.2432132,-0.16769338,-2.6612124,-2.152855,
E311W,-7.8932467,-12.872477,-4.574209,-8.336401,-8.621767,
I160N,-3.2198277,-2.7338922,-0.72809625,-4.148264,-2.9636126,"I160L, I160L"
Q294E,-4.990396,-4.4540973,-5.01176,-7.074836,-5.9972115,
V162I,2.5042992,2.652248,4.5751224,3.7148733,3.0832481,
A79S,4.430432,4.8976,5.335088,5.1567764,5.318308,
E284Y,-3.2458491,-4.6988697,-2.341403,-3.0953186,-2.6741848,
D166H,2.9107103,-1.9622136,4.672594,-0.956024,0.6131239,
L191G,-3.7095983,-3.4594347,-2.244104,-5.6103745,-3.9580173,
L183Q,-7.499873,-11.228388,-7.3977313,-9.988804,-8.809387,
G306D,-2.8720613,-2.7555242,-1.7182114,-4.0296974,-2.7960737,
Q264L,-3.7867653,-4.470433,-1.9912487,-3.6960273,-2.5941718,
S55I,-2.3005972,-1.9482384,-0.80405176,-2.0514367,-1.4634522,
Q45N,2.5075717,1.1775038,1.6768523,-0.0441152,3.1716354,
S188V,0.14308825,0.3583154,0.90388703,-1.0343486,0.36237153,
S62K,2.331035,1.1842741,4.1500516,0.5692525,4.5559015,
Q219W,-6.684617,-7.277045,-3.7038105,-6.125614,-7.3569355,
E199S,-0.6903634,-2.8157291,0.40184352,-1.4301684,-0.16177866,
T253S,1.3480207,1.0218588,2.3438435,-0.30404514,1.3811247,
R262H,-10.688965,-12.151308,-9.704189,-13.248823,-11.85821,
T122P,-2.9505372,-1.7262704,0.27333042,-4.4116254,-2.6319065,
I252S,-0.033827923,1.2946112,1.4308301,-1.6363475,-0.24160166,"I252A, I252A, I252Q, I252Q, I252R, I252R"
R313N,-9.272973,-9.556124,-7.1356115,-10.177584,-8.330408,
L280W,-0.71428096,-1.9447153,2.4264855,-2.206574,-1.1584355,
F172A,-5.4753304,-7.029832,-2.228404,-6.155074,-5.986329,
Q222E,-1.0455875,0.27917743,-1.4291108,-1.7193944,-0.39197242,
I235C,-14.118849,-12.044676,-8.727888,-15.266526,-11.527782,
F34I,-2.4363618,-2.107504,1.841799,-2.5619967,-1.6556581,
Q95P,-8.572563,-9.103136,-9.000713,-10.691076,-7.5502477,
R111L,-5.291173,-3.7006552,-2.2587328,-6.1479187,-4.640006,
L129K,-10.618723,-13.167469,-10.206875,-12.754077,-6.5738454,
Q95W,-8.60369,-11.657459,-7.8141937,-9.253831,-9.693168,
L273S,-11.381119,-12.043492,-8.13308,-13.32201,-12.011478,
P177D,-2.2800615,-1.0822093,0.05636877,-1.4295883,-0.80630696,
A22C,-1.6970468,-2.2861564,0.8615177,-1.8782625,-0.14283195,
T147Q,-4.259803,-2.7975965,-2.4747567,-4.0376816,-4.4504786,
R46G,-4.9848394,-1.8385917,-1.7586982,-4.398321,-2.3866177,
A114R,2.3095899,0.9234058,4.6326637,-0.5287586,3.781456,
T147M,-1.3194299,-1.331548,1.200764,-0.8938425,0.37926957,
Y255R,-2.9537463,-6.1078424,2.0330546,-4.7869444,-2.7497323,"Y255L, Y255L, Y255M, Y255M, Y255T, Y255T"
L184R,-0.33921438,-2.1066837,0.17156819,-2.279244,-0.5861407,
P86E,-9.704247,-10.692372,-9.34951,-12.482702,-8.078058,
A295T,2.0799706,0.885216,3.8025293,-0.6095531,2.3859015,
L230M,-4.3936005,-4.910158,-1.7654365,-5.5010767,-4.918918,
M1C,-7.5298815,-2.9492724,-8.501235,-5.612296,-3.1948524,
A135E,-1.4688003,1.4123602,1.386072,-1.4951079,-1.3485472,"A135W, A135W"
P50D,2.197471,1.78428,3.7896543,1.7511804,1.0155271,
F297C,-6.195344,-4.9452677,-1.3909411,-6.2915874,-5.1560116,
R274W,-3.7965508,-5.292071,-3.037167,-4.472316,-4.4154572,
Q95C,-5.411964,-5.3452606,-4.2444344,-5.4589252,-5.348881,
L249F,-4.101103,-4.1067715,-1.8600768,-4.5750875,-4.084317,
P29L,-7.895594,-7.1893244,-3.3171704,-7.1577506,-7.4052677,
V221Q,-21.957043,-20.418617,-14.667005,-18.838923,-16.125595,
P29N,3.2369041,2.8579962,4.5399413,1.0991327,5.032839,
S51I,-1.9737014,-1.8892213,-0.69251263,-1.9312763,-0.78736067,
L249S,-9.531114,-6.8642354,-6.5213976,-12.322046,-9.330765,
Q63V,-1.3626812,-0.8320637,0.37149546,-0.838055,-0.51533204,"Q63A, Q63A, Q63G, Q63G"
Y116P,-15.643275,-13.766971,-14.630333,-19.50708,-16.060389,
T26C,-2.7997575,-3.446186,-1.4875427,-3.6773882,-1.6674912,
Q75I,-0.31318203,-0.3235307,0.6824109,0.681551,2.287341,
Y245H,-2.064608,-1.0942007,2.5706747,-3.8613033,-3.7191334,
P53L,-1.3479902,-1.2661071,-1.6429489,-3.64862,-0.156314,
F172K,-5.785838,-9.822879,-4.128642,-7.256281,-7.030701,
V201I,1.7936468,2.2070444,3.877954,4.063895,4.400505,
Q294L,-4.723158,-4.1067667,-3.4018762,-4.2820797,-3.9769344,
A251W,-8.774873,-10.974168,-5.483224,-10.510658,-10.263068,
G112Y,-2.3053608,-1.5100514,-0.21683162,-3.2947357,-2.1323464,
K137P,-3.1019263,-0.205513,2.798901,-2.2476244,-3.2385936,
L212F,0.08421835,-1.4125597,-0.42326018,-1.4700344,0.11784229,
L209K,-1.6571193,-2.8960452,2.3699875,-0.33716816,-1.0766336,
P104E,-2.5217,-1.6850015,-1.2933631,-3.3492174,-2.9909434,
H318A,-1.0558066,0.6021508,2.566175,-1.759481,-0.99839574,
A36M,-1.8354726,-3.5987477,-0.86303806,-2.5039744,-1.6974877,
F250W,-8.777436,-9.127629,-5.487945,-10.303778,-8.542326,
V128F,-4.4423313,-4.126864,-5.236624,-5.5057125,-4.4230976,
A281C,-1.5110514,-3.251793,-0.8230774,-2.8558955,-2.1235805,
S6G,-2.5051851,-3.0155926,-1.042764,-4.1044674,-2.7428303,
R170K,1.6094279,2.2762303,1.4304475,1.4886945,2.393004,
E218R,1.0159773,0.33675545,4.781597,1.7463472,4.405148,
A194C,-4.104209,-4.269763,-1.2940545,-3.8206081,-4.5378723,
Q16V,-0.936549,-0.79494405,0.04419346,-1.5996168,1.6629448,
S31Y,-0.42669716,-1.2081661,1.9937266,-1.4164097,-0.57308066,
Q303I,-5.0284433,-4.356789,-3.1164742,-4.3438663,-3.7271693,
Q155C,-0.037278503,0.50336534,1.2005373,-0.53551865,1.2654699,
L246A,-4.77157,-5.0661697,-5.0531077,-8.606535,-4.6623793,
V109Q,-7.2795596,-9.638968,-6.6430492,-10.627155,-7.754439,
S103A,-1.021364,-0.7076298,0.6263914,-1.1255398,-0.24702549,
V312G,-11.331665,-11.612442,-7.4130974,-12.061268,-10.919155,
Q12I,1.0573885,-0.0605995,0.62749267,1.2278212,1.1265221,
L241E,-12.076681,-11.066808,-9.83126,-14.586954,-11.449327,
E4D,-2.9747486,-4.5560055,-0.8010974,-3.401166,-3.5301323,
P232R,0.2692061,-3.7971985,1.565594,-3.3269389,-0.78388304,
D166F,0.26866403,-0.65093803,0.83012843,-0.44210818,1.3168503,
S103W,-3.387986,-4.628471,-1.0049714,-3.3520885,-3.738207,
K137G,-6.146977,-3.2057624,-2.6037445,-4.9789486,-4.7626715,
V85G,-9.885365,-11.176506,-9.109097,-13.856446,-8.786083,
A138Y,1.1491969,0.27704632,2.5966816,-0.5505951,2.7460928,
L202P,-7.4983516,-8.690042,-3.8714294,-8.057154,-7.5755577,
D96F,-2.9892645,-2.6379101,-1.6687491,-1.89468,-1.7990334,
L257M,-0.23934896,-1.7209454,1.8532429,-1.5014677,-0.6982868,
L30H,-4.470234,-4.49364,-5.2064176,-7.428542,-6.612498,
A138F,1.0973363,-0.58987045,2.2067595,-0.96528494,1.7549193,
S69H,0.25922725,-0.6417138,4.426152,-1.3779446,0.03212732,
G37W,-2.0505495,-3.1659317,-0.8822856,-3.0977898,-3.073213,
R111I,-5.448141,-4.5807567,-3.0014753,-5.6430206,-4.438002,
R302L,-10.646824,-10.790224,-9.104858,-12.838345,-11.939085,
G142I,2.8668885,0.7881652,2.6387956,2.2621827,1.9934988,
N224G,-15.375124,-14.501672,-9.758091,-14.726038,-14.186107,
V83P,-8.4720125,-10.816826,-9.359443,-10.973192,-8.180742,
P39T,1.4572563,2.0558631,1.6303425,0.9236653,3.164606,
R262A,-15.555247,-14.545417,-13.668621,-17.6842,-15.600688,
S89H,-1.7497199,-2.7058914,2.4940293,-3.0242662,-1.1132462,
E78M,-6.8277326,-9.147336,-4.8671875,-7.046085,-7.510294,
F297D,-23.95871,-23.813087,-18.20824,-27.238255,-25.578705,
S101C,-1.2300514,-1.722517,0.0995224,-2.0552888,-1.2773745,
Q186L,-7.819705,-9.974678,-7.809769,-8.8754835,-6.3787603,
Y146V,-2.5759397,-2.2497742,2.6621513,-2.3087533,-3.2913623,
E21G,-6.4426923,-6.9197726,-2.410561,-5.424842,-6.2953234,
D76S,1.7654629,1.8110057,4.514224,2.2752142,2.7154152,
T215S,2.3582811,2.5931802,4.3245854,-0.22545102,2.6047606,
D275I,-2.548797,-3.2660203,0.3762601,-0.2645117,0.7403013,
L214C,-4.8566303,-4.97506,-1.8131402,-4.623524,-2.3061728,
S310A,-3.9439971,-3.5028691,-0.7899849,-5.340619,-4.5388846,
L140A,-2.7974055,-2.8880253,1.5308971,-2.094101,-2.479707,
H270W,-2.624877,-3.3740413,-1.3006575,-3.1704578,-3.0808518,
H119L,-3.2844868,-1.4740332,-1.2087455,-3.7193513,-2.2639318,
P50N,3.7470336,2.486858,3.4832983,3.2100983,3.036859,
W10V,0.025963783,1.8712234,0.8353474,0.16015711,1.8166034,"W10L, W10L"
F28M,-3.3428078,-3.8022468,-2.1448529,-4.6145473,-4.448589,
P276V,-2.9121125,-4.37027,-0.39361024,-1.7014002,-0.45870668,
L30I,1.7853402,-0.050069436,2.9222693,-0.645048,0.22522898,
I73L,-2.053675,-1.8123124,0.20460841,-3.842814,-2.5976138,
W289H,-0.822966,0.9327596,2.170539,-1.964636,-3.2205143,
F118L,-2.299376,-3.3382285,1.2835852,-2.282128,-2.9268563,
K137V,-2.411712,-0.97992456,-0.18147059,-2.3907022,-1.8501112,
T190Y,-2.1308277,-3.3106608,-1.7742016,-3.434525,-3.1446762,
G240C,-6.313079,-6.072049,-1.3233712,-4.7954364,-3.941481,
R274Q,-1.8490615,-1.7662351,1.5239271,-3.0349402,-2.239735,
Q12A,0.34665516,0.1622642,3.4855144,-0.33601886,2.539197,
D166K,3.334363,-0.007764429,3.207279,0.7960377,3.4670663,
F161L,-2.8340547,-1.6254294,0.45991343,-3.788363,-0.7796954,
H149I,-4.3200283,-2.3900585,-2.226161,-3.8872516,-3.2275195,
WT,3.604078,3.338829,5.1443024,1.9010835,4.439635,
F301W,-8.369271,-8.965876,-4.4830103,-6.402275,-8.234067,
F172L,-2.8140569,-3.329591,1.8965119,-4.082217,-3.0896213,
P50Q,2.0127017,1.9201303,3.9021368,0.045584373,2.7796354,
H119S,1.1524727,1.385496,3.022063,-0.1988488,1.5411285,
W19Y,-2.4810514,-0.62563264,1.1446877,-2.4597685,-1.3203866,
G306P,-8.032551,-9.0822735,-3.4791543,-8.697361,-6.947738,
A135N,3.2617922,1.3573087,4.3139606,0.23754331,2.4607193,"A135W, A135W"
T84A,-3.473362,-2.9612582,-0.107548386,-4.9530163,-2.1913204,
Y220H,-12.2465,-10.525816,-9.0329895,-14.732872,-10.790894,
T317N,3.147488,2.1660771,4.1743927,0.66436636,3.8355193,
A35N,2.624808,1.7674977,4.1824083,0.2158364,3.363743,
E133Y,-0.18707062,-2.4613407,-1.8422947,-2.526449,-1.223089,
H318Q,3.3444126,3.1280327,4.8168383,-0.2824229,3.8086612,
V162N,-1.5718064,-2.3308542,-0.092644215,-2.341708,-0.60350716,
Q99L,-2.4527848,-1.9824216,-0.93965685,-3.200913,-2.463863,
V128D,-12.3636875,-11.055147,-10.474768,-13.388586,-9.77573,
G105S,0.8059892,0.39407998,2.5824468,-1.1013198,1.5296516,
H318P,-1.8378366,-0.7936379,0.54201955,-3.9596515,-2.035725,
F297I,-3.3965163,-2.5781412,-0.56896555,-3.0594444,-2.1267452,
L193T,1.4796108,0.62831235,4.2662535,-0.51084185,1.3311629,
T234N,2.4270153,1.686377,3.6179333,0.5884629,3.2101567,
T298G,-4.0315223,-3.429299,0.46592826,-4.666727,-3.2314584,
Y27D,-9.729039,-9.882761,-7.6257305,-10.204802,-12.583475,
A314Y,1.146617,-0.37262958,1.4947929,-1.3617194,2.5345626,
R18P,-3.3533123,-3.7709198,-2.047852,-4.6978188,-4.3734417,
G74N,3.8707836,2.5805366,5.143213,3.599893,4.1331153,
L273R,-12.810216,-14.99043,-7.9478726,-13.674103,-13.46879,
L263V,-0.49988186,-0.055088073,1.4906964,-1.1653525,0.5993065,
E4I,-0.38375884,-0.93243086,1.2500657,-0.43104106,0.43452194,
V312P,-13.308676,-13.572214,-9.874296,-13.894873,-14.0226555,
H87N,4.7263837,4.693762,4.924277,3.6822658,4.5367246,
D173V,0.74348885,-0.24631055,3.0625372,-0.44539848,1.476871,
V91N,-5.8939,-7.5865383,-5.3673286,-7.8440456,-6.104896,
P132G,-5.2123423,-4.8733244,-2.6064253,-4.728368,-4.0078707,
G306Q,-3.8039489,-3.0254626,0.72465396,-3.046247,-3.6907444,
S31F,-2.2865462,-2.0436692,-0.69116473,-1.9527037,-1.6734779,
E90L,-1.8990736,-3.805972,0.084784284,-1.8368434,-0.76870537,
Q155R,0.29773882,-0.5321524,0.7250244,-0.24252972,2.3588185,
L266M,-1.0425625,-1.5067608,3.0461218,-1.9900744,-0.33764535,
D227L,-5.058367,-4.2930927,-1.163223,-3.5607233,-2.2019987,
A114V,2.7874935,1.5992644,3.965198,1.4957647,2.9034839,
D227P,-12.480797,-13.958539,-7.3608913,-13.761407,-12.740622,
H181Y,0.47384718,0.9878929,1.1204879,-0.9141312,2.6512547,
T3C,-1.0044973,-1.6166109,-0.52596724,-1.1555943,-0.046793897,
T211P,-3.3406196,-4.3543434,-1.1683345,-5.818104,-3.7993495,
E199N,-0.4217734,-3.5043197,0.27455038,-1.8273221,0.38592917,
Y305S,-14.953754,-13.128336,-9.253684,-17.017445,-12.662725,
L5H,-3.897764,-5.000782,-1.0781125,-4.2398844,-3.585187,
A281D,-2.6993423,-3.1317673,-3.7061324,-4.5384755,-3.8488164,
D41A,-0.41474345,-1.4385321,5.0158043,-1.7834318,1.0423149,
E163P,-6.6483564,-9.401093,-3.602453,-8.781826,-7.2126813,
E259N,3.7301383,1.3478203,6.354752,0.55298835,5.3033633,
T315I,3.127483,0.8347583,3.0805519,0.45810843,2.3986511,
I23V,3.2853463,3.0629654,5.251833,0.11498056,2.500917,
H181F,-2.8516564,-2.0377908,-1.5984883,-3.0353441,-2.0507946,
E133M,-3.125287,-4.5782275,-1.2289174,-3.0068817,-3.3402524,
W47L,-1.2930593,-0.35234195,2.8191223,-0.75849366,-1.4680923,
T49M,0.1729846,0.92967606,2.599035,0.083556384,1.9187022,
L54P,-0.16955206,-2.36489,-0.6344527,-3.256087,1.7687206,
I73P,-12.254974,-10.233891,-7.7514677,-12.508175,-10.3119545,
A286H,-10.437304,-10.059322,-7.5004206,-13.850741,-10.749717,
T26V,0.9163844,1.0021894,2.8180118,0.5735076,3.797788,
W127F,-0.41966307,0.10460922,-0.37488502,-0.9394894,0.4932062,
C168Y,-1.4771283,-0.49600565,0.25573236,-1.8261311,0.086639635,
S48H,0.22783947,-1.153616,2.41153,-2.2300472,1.3568172,
E94A,-2.459525,-2.326593,1.8893023,-2.2569895,-0.79613835,
R288T,-1.9422381,-3.0320702,0.07061261,-4.3703003,-2.0867171,
T215E,-2.6402385,-2.1684842,-2.2662845,-4.004925,-3.8537462,
K137W,-6.047596,-5.855992,-4.346485,-6.7067127,-7.3861475,
L140R,0.68286604,-3.5882406,2.9160266,-1.9586577,-1.319239,
N139F,-2.2437525,-2.8898072,-1.8322492,-3.6342962,-2.16758,"N139A, N139A, N139R, N139R"
G206E,3.9214165,4.106851,4.306682,2.4681509,5.136517,
L56D,-6.13789,-6.4242234,-7.617834,-8.320446,-6.2553577,
F287E,-1.8955052,-0.20361038,-1.100929,-2.0077603,-2.3223615,"F287W, F287W"
H119Y,0.859246,0.8567592,1.7682723,-0.3891435,2.022501,
H43C,-0.37548125,-0.23708358,3.4906769,-1.1023624,0.32712108,
G237Y,3.2028499,1.4592453,1.7872982,1.5094464,1.5866203,
L209V,-0.46494243,0.42309082,2.06156,-0.2913857,1.059327,
Q223P,-9.632482,-8.824585,-5.4894414,-11.080304,-8.769056,
R145N,-0.71962106,0.1111837,0.6652114,-1.5208662,1.488349,
L230E,-16.907001,-16.803886,-12.013531,-20.96579,-18.15002,
L285C,-3.702752,-4.7443686,-1.9429338,-4.472179,-2.6781812,
L165T,-3.2531662,-5.5935726,-2.1101887,-6.222831,-4.369346,
Q75K,2.3597531,1.7524507,3.5964856,3.2504451,4.6037397,
T3Y,0.012558956,0.55022097,1.2242537,-0.6787851,0.89265215,
T234K,3.8330507,1.7415185,4.3545933,3.4708428,5.127387,
L5F,1.3018212,1.0175838,2.2119007,-0.5434853,3.7932034,
R154P,-6.641381,-6.1068306,-4.914946,-9.155467,-7.2853384,
H149Q,3.0249417,2.2716827,5.086426,0.9067166,2.3665078,
A169T,2.9037833,1.8591915,4.8607874,1.9064035,3.47851,
A20H,1.7244341,3.9410863,4.383917,3.3822012,4.4712486,
D76P,-1.0619762,-2.2312937,2.9917417,-2.1574392,-0.23049024,
Q155W,-3.7447865,-4.764782,-1.8439668,-4.0436335,-4.22482,
A114W,-3.6465874,-4.2429304,-2.3027487,-4.795665,-4.293127,
T215G,-3.8193703,-2.6849499,0.47586152,-5.0062137,-2.520175,
T317P,-1.1030858,0.00019654632,3.6209512,-2.6312237,-0.43262693,
T215R,1.9840606,1.8804729,5.488883,0.95770717,5.2891326,
P86F,-9.568783,-9.305902,-6.4051414,-8.388873,-8.283858,
Y66E,-13.24189,-12.30047,-9.887544,-15.48354,-13.712039,
S61F,-3.7975025,-3.0792336,-3.2642646,-5.3508663,-4.203602,
L136G,-7.091748,-9.15405,-2.6404526,-6.745448,-5.7543545,
A36T,3.3417497,1.8903313,3.5359685,1.9956188,3.9886074,
L246P,-17.041157,-15.5125,-13.220603,-21.974003,-14.986556,
Y305R,-11.115135,-11.5225725,-3.9234676,-12.256773,-8.177367,
R159Q,-2.5264459,-2.1006606,-0.4472572,-3.2282803,-3.0829089,
H98Q,-0.3616141,0.56823087,3.0347028,-2.0584145,-0.06664273,
A135I,2.5034976,2.7452788,2.2859607,3.0864203,4.2685604,"A135W, A135W"
L257K,-8.814438,-10.809821,-6.179697,-9.885674,-9.798128,
L243M,-0.39896512,-1.2021047,2.490525,-1.0633079,0.6984898,
C278F,-0.98568666,-1.1315739,0.9008219,-0.46230525,2.0753934,
L126D,-9.562468,-8.60205,-5.883825,-9.037788,-7.582963,
S51F,-2.6892824,-3.1297426,-1.8582087,-3.408909,-1.7127147,
S101M,-3.090819,-3.9427562,-1.2159612,-2.712078,-2.632883,
A309P,1.2441883,1.7016318,3.3349261,0.13972095,3.4467864,
I23R,-9.546354,-11.488429,-8.129522,-11.422759,-10.740934,
L30V,1.3480222,0.1025663,3.4255953,-0.73519206,0.3332638,
A189Q,2.9939988,2.016098,4.985173,1.1741952,3.5012765,
D41T,1.9931586,-1.8672371,4.274208,-0.24307749,0.91662884,
F287D,-2.027341,-1.8590968,-1.5525973,-2.6277723,-2.7950346,"F287W, F287W"
S204R,0.7106565,-0.6374184,2.622653,-0.9863849,2.8902087,
K248W,-13.76005,-15.763903,-10.949841,-14.333929,-15.416763,
A314N,3.7968223,2.4202852,4.2290382,2.2354338,4.276668,
G283E,-4.0663147,-5.31389,-6.1902723,-6.347924,-5.977389,
S210G,-2.403487,-2.1581454,1.714365,-2.5821865,-1.1588423,
Y116F,-3.9218538,-2.5968056,-0.75759256,-4.4619284,-3.8475266,
P53T,2.8754027,2.89685,3.7049398,1.4270263,2.5487757,
D96H,-0.46264836,-2.0029414,2.0122728,-1.9325361,-0.89999926,
S57T,2.0317702,0.4505407,3.258509,-0.38572323,0.5805317,
L209H,-2.1829188,-2.5668404,0.4738882,-2.8674588,-2.488072,
T234L,-5.36027,-3.3845758,-0.91728824,-5.435483,-3.7185173,
D96R,-1.1524165,-2.8730292,-0.5416831,-3.1026087,-2.7295709,
C102A,-1.1260142,0.062490046,2.9936347,-1.5401139,-0.23384911,
P177M,-0.4701842,-1.0426996,1.943236,-0.024342066,0.52217484,
G106S,4.25562,4.086973,5.274109,4.3161592,4.180216,
R216H,-3.5492485,-4.521017,-2.364666,-4.4917493,-3.402629,
L214K,3.3611972,0.7240789,4.64265,3.5171046,4.802891,
A236L,-11.359638,-11.159748,-8.323287,-12.88122,-10.659628,
L246W,-5.7904644,-6.84105,-4.291395,-7.1507616,-5.7492175,
Q294M,-3.9245493,-4.861119,-3.62117,-3.2999282,-4.028567,
L59P,-2.678885,-2.5728602,0.52134347,-5.2190347,-2.3726256,
D166W,-0.93118256,-4.0313683,0.45250237,-2.6568193,-3.3771377,
C239F,-3.6996179,-3.12192,-2.8709464,-3.2134216,-2.3313546,
Y220L,-10.570604,-7.6375113,-5.1444864,-9.641455,-6.7083416,
E284N,-0.035435647,-3.126414,2.3936987,-1.3161924,0.2551655,
S61E,-5.864571,-5.1873465,-2.7447584,-6.9769254,-7.140434,
S101A,-1.566313,-0.9344965,0.6136195,-1.6555607,0.24847737,
A20K,3.8249028,2.0591507,4.224246,3.5541124,4.925755,
Y116V,-7.584796,-4.837244,-4.9140916,-9.491239,-8.536331,
L56A,0.5165642,0.9309499,3.1946306,-1.2808995,2.9205294,
L56G,-0.8534254,-0.86078656,0.16418213,-2.3733122,-0.6239973,
R180T,-3.268502,-2.2357783,-1.4136266,-3.6085248,-2.9267156,
N124A,-5.2213335,-6.530256,-4.176548,-6.7709928,-5.061566,
F28D,-7.7604876,-8.885147,-7.054871,-9.978767,-8.452537,
S210R,0.801129,-0.33749872,4.087597,0.54003096,3.9344625,
R15W,-5.2270265,-8.800781,-5.3986177,-7.8903265,-7.5162344,
D198Q,-2.9409652,-6.3848624,-2.6399164,-6.318245,-4.0167656,
R159E,-4.169817,-3.9543889,-4.5626054,-5.8935013,-5.233617,
A153K,-0.29613948,-0.8092691,-0.84136343,-2.3014638,0.5217703,
W127V,-0.8993091,-0.011531636,-0.3048313,-1.4298544,-0.10912216,
W289D,-10.666111,-10.649997,-7.4756866,-14.195126,-11.115103,
R60W,-3.1753976,-4.243535,-2.437635,-4.7165956,-4.363709,
G290N,-6.301422,-6.2142763,-3.1286201,-5.6725483,-5.408785,
E218M,-0.85637337,-1.6996236,-0.5452006,-0.48902255,-0.34658694,
Q45R,0.11348553,-0.65751517,0.9410904,-1.2972261,2.9872742,
L182V,-1.9892533,-0.4424149,-0.6997261,-1.8213205,-0.38479847,
T215N,2.3198543,1.9299905,3.4967732,-0.35476705,3.34605,
C168W,-4.6278048,-6.135284,-2.570379,-5.9239388,-4.827445,
P2S,0.98150057,1.1618395,2.6436648,-0.44748002,2.0965765,
Q12N,2.306871,1.4215508,3.4070857,1.71153,3.4662423,
L32V,2.2842898,2.1690254,4.2352343,0.32308045,2.683407,
G42M,-4.77214,-5.9965653,-3.0433016,-7.0559435,-5.886517,
R117C,-2.0087438,-2.2607074,0.52480334,-2.836155,-2.1255999,
Q222G,-4.6661696,-4.0755568,-3.4187307,-5.530835,-4.21719,
Q233P,-2.4700947,-3.7177565,0.17197862,-4.1507616,-2.8978693,
M1W,-8.872283,-5.126096,-8.609061,-6.71387,-4.4934397,
E218N,0.87808955,-1.1372995,3.129215,0.1091191,2.1715343,
G142Q,4.3917203,0.059304446,5.064786,0.5169104,2.1236143,
R18M,-4.0503407,-4.6462483,-2.8859835,-4.6680665,-3.8123627,
R117K,-0.50688255,-0.24157538,1.8452083,-0.621771,2.1652522,
G283V,-2.4541028,-3.0683668,-2.500176,-3.8267255,-2.5629978,
G226K,3.4322171,0.4067035,3.2632842,2.5126076,4.3402042,
T7M,-2.039134,-3.485976,0.5660955,-2.3332014,-2.310763,
S67C,-0.8610429,-2.709095,0.10692692,-2.622086,-2.4987543,
L280P,-0.7894513,-2.3003435,3.1992507,-2.7999265,-0.44950467,
C278N,1.587462,0.7415055,3.4980006,1.0847516,3.225021,
R180N,-2.6285965,-2.5355701,-0.056480706,-3.3577275,-2.2572773,
E33F,-4.3768325,-5.9171853,-2.3646207,-3.1828246,-2.9686377,
Y81W,-10.005628,-7.959119,-5.2019897,-8.168879,-8.393241,
S69Q,2.0079322,0.6485293,6.407446,-0.4055503,2.173082,
A187E,-11.20307,-15.143389,-10.616193,-13.44663,-12.623884,
R58Y,-0.22977015,0.22992992,1.8448691,-0.85612226,1.5028939,
F161V,-3.6841836,-2.8013406,-0.7918298,-4.3234944,-3.7328746,
H92R,0.33568203,-1.9154726,3.2310498,-2.4678092,-0.68701506,
C239Y,-5.1632643,-5.0870104,-3.8933382,-4.5303946,-4.091353,
R288M,-2.575943,-2.7966304,-1.5285261,-2.5909107,-0.9827771,
H8F,2.1387944,0.58054006,1.6317989,-0.26585412,1.293344,
F172N,-6.396272,-8.519471,-2.3901672,-5.7513137,-5.2466183,
L212N,2.0646195,0.9156278,2.5484805,-1.4104481,1.0321685,
L157K,-5.819233,-8.314172,-5.3604074,-7.850258,-6.15817,
V312T,-3.5379887,-4.247034,-0.5074111,-4.4711523,-3.3248405,
E78I,-5.6660457,-8.006454,-4.6152744,-4.8222313,-5.781828,
F80E,8.516242,6.699211,12.344179,4.332177,7.5218344,"F80A, F80A, F80C, F80C, F80S, F80S"
R299G,-12.500926,-12.624765,-11.19802,-16.488003,-15.844697,
A35K,2.4040704,2.4798515,4.516445,1.8697295,3.7985516,
P228I,1.7765651,-0.014714062,3.2863338,1.7723144,2.3058577,
T122F,-4.2000513,-1.9522903,-1.066385,-2.817294,-3.4864817,
E110K,-4.8206844,-5.097087,-3.7790713,-5.067665,-3.3212924,
P39C,0.14057805,-0.939579,0.4158284,-1.1769724,0.8035954,
D275Y,-0.93983364,-2.7803807,2.618051,-1.9397731,-1.4208002,
L192R,2.4180098,0.46194857,3.5857685,0.36144325,2.2238474,
L246K,-9.490221,-9.180174,-8.9556465,-14.077696,-10.402187,
F297P,-15.603975,-15.743091,-11.462923,-19.15036,-15.928186,
L56Q,-4.0830374,-2.0699465,-4.635683,-5.643261,-4.701559,
F287Y,3.0863798,1.8276451,4.8544846,-0.6834395,3.2060304,"F287W, F287W"
I100Q,-4.15421,-5.072055,-3.5121386,-6.975087,-6.1630263,
C168F,-0.6737008,0.17715704,0.21812254,-1.1364638,0.4063297,
A22Y,-0.5452768,-0.2074439,-0.6334862,-1.1265543,1.1787564,
R18G,-2.289485,-1.1987566,-0.11537459,-2.421405,-0.88163364,
P2G,-1.1696503,-1.6071422,-0.8684937,-1.44084,0.061578806,
Q197N,0.008529253,0.48097363,0.20770204,0.010462739,2.478708,
E199G,-4.442769,-7.5081825,-1.9310219,-5.311753,-5.090041,
A178V,2.0007162,1.2189608,2.5846157,-0.26870504,2.7563066,
R265E,-17.999012,-17.826805,-15.110535,-18.752165,-20.790297,
L243T,2.2585087,0.99896,1.6906091,-1.7866814,1.4286366,
C307R,0.30713218,0.09397768,2.5868044,-0.5559622,0.9151922,
Q16P,-1.0514627,-1.4594338,0.7638903,-2.5531883,0.34000596,
L263R,3.13381,2.4455829,5.268539,3.6142612,5.481735,
S231L,-3.7602348,-3.860044,1.3038129,-2.9577274,-1.0120796,
W127I,-1.2757127,-0.4081496,-1.0340503,-1.1838278,-0.57596934,
V201D,-6.9219704,-6.5225315,-4.839033,-6.8886185,-6.461115,
Q197K,-1.350039,-2.5024014,-1.71769,-1.4463457,-0.2620593,
L230N,-9.71241,-10.109076,-5.9696865,-11.990213,-8.914402,
V83K,-10.012192,-10.48207,-13.251181,-10.316791,-8.1059675,
P177Y,0.342346,0.3715847,0.8550536,-1.2559811,0.6529635,
P232T,-0.3578859,-2.4757009,3.2210832,-2.866766,-0.9289485,
R271K,1.5491323,1.5791163,3.4802086,1.5013242,3.0365136,
H8P,-1.6176584,-1.1194346,-1.2323397,-4.4659557,-2.6131434,
N224Q,-7.5872498,-8.479397,-2.9552329,-8.139498,-9.737356,
L64C,-2.2158077,-1.7541735,-0.14357767,-2.7150483,-1.3004699,
Q63E,0.012155123,1.7492317,1.8713373,-0.92613506,1.5574378,"Q63A, Q63A, Q63G, Q63G"
A35D,-0.8363955,1.094672,1.7562468,-2.1468198,0.22083682,
Q233F,-3.5617876,-4.3531322,-2.1232536,-2.7325017,-1.3537639,
A178K,0.76993185,0.63942146,0.87993276,-1.1333458,1.1549339,
Q197Y,0.035970286,-0.099437594,-0.7044571,-0.41240072,2.9804418,
P86M,-6.426075,-6.4493475,-4.6278915,-5.6172113,-5.769471,
H143W,-3.266951,-3.2379527,-2.0240328,-2.636829,-4.4894457,
P104A,-1.6924548,-0.050263077,3.1058722,-0.14487293,1.9352602,
E94T,-2.0557792,-3.1634147,-0.19561824,-2.6890821,-0.9540428,
E94M,-4.066105,-5.8934755,-2.615905,-4.091537,-4.671563,
A35T,3.7826507,1.7328613,4.167721,1.932498,3.7214408,
Q63G,-2.9990876,-3.2068062,-2.1689627,-3.4290233,-3.2227063,"Q63A, Q63A, Q63G, Q63G"
F250C,-5.4330006,-6.4797807,-4.562202,-7.3072314,-5.8437147,
G112M,-2.3211703,-2.9528325,-1.0302219,-3.1261733,-2.8794117,
Y255H,-7.053049,-6.750952,0.11845267,-6.4074063,-5.9913845,"Y255L, Y255L, Y255M, Y255M, Y255T, Y255T"
D76Y,0.9208741,-0.63113177,1.5518272,0.057257548,2.3047094,
R111F,-5.483865,-4.051935,-2.5326982,-6.061626,-4.3379493,
I108Y,-3.6233084,-4.8069177,-3.8691938,-6.966357,-5.25438,
R302Y,-5.5038195,-7.611787,-7.0520983,-8.2459,-7.6416245,
P2N,2.615863,2.9470644,3.2410095,2.131692,3.2854128,
A314C,-1.1071861,-3.1933467,0.053426936,-2.3948631,-0.71392393,
C168S,-1.1183149,-0.4892336,1.2378906,-2.3970304,-2.6137776,
S210Q,0.5696031,1.5876696,4.238254,-0.5126975,2.9459999,
A292H,0.6427298,-0.019772232,3.9526258,-0.17066984,0.4366365,
F301M,-6.4584193,-5.914724,-3.2482848,-5.943075,-6.023198,
D76A,-1.0860724,-1.7439296,3.845406,-1.149765,-0.37204844,
L246T,-6.3813257,-5.572897,-5.539659,-9.346552,-5.815288,
H87C,-0.3628251,-0.5592029,1.8814632,-1.2674752,0.67692506,
Y120M,-2.943634,-3.4345698,-3.3767138,-4.7534037,-4.260827,
Y245L,-7.539233,-6.8903704,-5.0837545,-7.45426,-7.4603243,
A138V,-1.2435257,-0.8706341,2.6969614,-1.4427531,0.31725806,
T147D,-2.2696805,-1.785773,-1.6412766,-3.0613933,-2.198545,
D76F,-2.1120043,-1.941779,-0.91669,-1.1209259,-0.21130306,
A286G,0.6753321,-0.03865367,3.6110702,-0.653708,0.25756812,
G226S,4.2592974,4.3858404,4.9999485,5.618843,5.1514254,
I23T,-3.2017534,-3.0609603,2.3130097,-4.8199005,-4.5782366,
G74S,3.9124424,4.1382346,4.557494,3.9017737,4.4468417,
L184I,1.1792165,4.122812,0.89065903,3.576867,2.0534422,
H181T,0.96038324,2.256898,2.0446634,0.8086102,2.440732,
T7E,-7.1908627,-6.9224896,-7.400917,-8.529705,-7.143817,
L209F,1.4483445,-0.5328992,2.4765697,-1.1058713,2.509528,
L193G,-0.8289753,-0.13003731,2.8333344,-0.7822884,-0.15579766,
L214W,-4.2922063,-5.768675,-2.6597116,-4.772742,-5.5666385,
Q164N,-1.1641953,-1.5999588,-0.16802621,-1.896692,0.2798941,
I282N,-7.56795,-7.133564,-4.2796974,-8.974813,-7.458517,
R288Y,-2.3477688,-3.0763447,-0.9788054,-3.5818949,-2.4348762,
E199L,-3.887605,-5.303603,-2.2477999,-4.862115,-4.2090683,
Q223F,-4.227405,-3.214109,-2.2649364,-3.7543411,-3.631781,
L280D,-2.0391111,-1.4530983,-1.2541013,-3.5061736,-1.6809306,
N139H,-0.3396199,-0.08386952,1.2765486,-1.1767339,-0.40907323,"N139A, N139A, N139R, N139R"
S242T,-2.4424489,-2.950593,1.0933523,-3.253986,-0.52095735,
I160S,-2.6245437,-2.3071198,-1.6388252,-4.53796,-1.9360645,"I160L, I160L"
E311C,-5.9356556,-9.987558,-2.8773062,-5.173978,-3.6918507,
A189Y,-0.71886694,-2.5908463,-0.589362,-2.9845228,-1.6073837,
H77Y,-0.1561353,-0.0103028715,2.3988216,-1.4584849,1.0818516,
L246S,-9.90757,-7.787509,-9.480636,-13.601006,-8.931655,
H143L,1.9498152,1.3646823,4.23046,1.4730198,3.253694,
E14H,-3.9993103,-4.6691694,-1.3502676,-4.136306,-4.0487504,
A300G,-5.2960443,-5.0965414,-2.0064614,-5.6408033,-4.8436804,
G240H,-3.008151,-3.9404655,3.2397444,-1.939259,-2.800437,
H279E,-2.216445,-0.9225042,-1.7142439,-2.5943372,-2.9751387,
D173S,1.3621801,-0.8486759,4.106532,-0.67129415,2.3471065,
S55M,-2.3449426,-2.732096,-0.27672067,-2.035418,-1.818583,
R154V,-3.2067955,-3.6664042,-1.6612445,-3.9688478,-2.3806725,
R68Y,-8.116128,-8.977062,-7.4155126,-11.554485,-10.761448,
H247G,-9.798952,-9.385302,-6.729982,-11.349012,-9.296091,
L273Q,-15.472435,-15.55381,-10.249592,-16.535868,-15.359332,
Q296Y,0.53260416,0.30193543,2.2151332,0.6882224,1.6864481,"Q296H, Q296H"
R68W,-10.48384,-10.507087,-8.575385,-11.34106,-11.442213,
E205H,0.2627045,-1.9180532,2.2683482,-0.1366474,2.0037494,
Q294F,-3.9222999,-4.995202,-3.7029586,-4.0063705,-3.5711064,
S67Q,-0.05885278,-0.7521235,2.2878866,-1.8073237,-1.0219779,
V109A,-3.7054262,-4.4747114,-1.1774869,-5.8114743,-3.7085438,
R316V,-0.5040254,-1.8317451,-0.12968105,-2.1458683,-1.4936767,
D25Q,0.6348181,-0.32462546,2.9855316,-0.6537211,1.5202484,
V162T,0.8709949,-0.5573237,4.6348667,-1.2797723,2.6410859,
V162W,-2.309001,-3.1836019,-1.2204874,-3.890667,-3.3954372,
F161G,-8.226925,-8.676672,-4.742535,-8.84042,-7.46146,
G37T,2.3838427,2.6583967,3.3241394,3.0957308,2.036445,
G156M,-4.246576,-4.4586086,-3.3034208,-4.1270833,-2.730659,
Y116D,-13.028511,-9.594341,-10.516659,-16.641525,-13.214392,
Q233Y,-0.0720221,-1.9300175,-0.23105781,-1.7252456,1.6795785,
Q123D,2.5270586,2.7646422,3.962404,2.1227698,4.4740977,"Q123D, Q123D"
G105T,-1.4233148,-2.5571728,2.1561112,-2.6452143,-1.4038714,
L54K,-1.7854171,-3.7194352,-1.3938556,-3.2636423,-2.321055,
Q233V,-0.5543209,-1.4067609,0.926906,-0.74819756,1.1791226,
D198L,-9.88357,-11.475086,-13.060857,-11.973208,-8.947336,
G112N,0.77348447,-0.0068085194,1.994203,-0.81886315,0.71195734,
E14W,-7.196265,-8.944179,-3.9770908,-6.423128,-7.538504,
Q296W,-3.5627086,-3.3127499,-1.7134287,-4.7839923,-3.007411,"Q296H, Q296H"
T49R,-1.3311749,-1.7403858,-1.2351305,-3.0831237,-0.7067038,
F28R,-4.3108907,-6.725888,-2.9224634,-7.1057725,-5.394916,
L184N,1.7052534,-0.124779195,2.1293423,-2.1863315,0.9927213,
L257V,-0.13081986,0.22545531,2.258132,0.74231076,0.50654244,
Q99F,-1.144824,-1.3149836,-0.6105315,-1.5669205,-0.5445657,
D173I,2.6776738,-0.04152432,3.7382214,-0.2722721,3.1863117,
T190R,-4.0458508,-5.4434404,-2.3804278,-5.5606856,-3.3157434,
H92M,0.6360008,0.7132367,2.9735956,0.83796406,1.6420921,
Y146R,-4.0727725,-5.456278,1.3005155,-4.1046133,-3.059714,
Y305V,-10.503391,-8.387002,-5.879654,-12.866765,-9.302317,
N258C,-1.1640577,-0.13797617,3.4685528,-1.2263818,0.1707992,"N258S, N258S"
L157C,-4.3482523,-4.24428,-0.83988625,-3.4642591,-3.445081,
I235W,-16.694328,-16.98559,-14.2284355,-17.819988,-15.048241,
W47E,-2.0860975,-0.40374464,-1.3145115,-3.3268218,-0.9463371,
H270E,-2.9469817,-1.4488589,-2.0435486,-3.2307835,-3.0019817,
S31K,1.7078271,0.5890347,3.4859366,1.8567698,3.0358224,
R159N,-0.061105635,0.2815303,3.7699351,-1.9702487,0.26846415,
G97F,-1.5577538,-2.395763,-0.6658959,-1.7823287,-1.256232,
R18Q,0.008784473,0.025036603,2.273365,-1.0295676,1.1733214,
Q99D,-0.74307346,0.30326578,-0.44125152,-0.44778353,2.429555,
W260Q,-11.859744,-7.943087,-4.885433,-10.685114,-8.704811,
Q186A,-3.9711947,-4.680901,-2.7452142,-3.9432666,-2.658259,
E21P,-8.422594,-9.023575,-3.0972524,-8.305831,-8.560802,
T7R,-7.0378294,-9.673807,-9.751226,-10.186524,-8.302262,
V17T,2.9989297,2.3130474,3.6236212,0.8841044,2.4021451,
T253V,-3.9403052,-2.6878672,-1.6292055,-2.9910476,-2.5090342,
S51L,-3.4940681,-4.4397707,-2.7447665,-4.04981,-2.7139072,
G206S,6.0811977,5.3196816,6.1230364,5.5654755,5.61214,
R68H,-4.7810593,-6.757685,-4.974621,-7.230791,-6.4147716,
V269M,-1.9802109,-2.4070888,0.53138435,-1.7972144,-1.869133,"V269C, V269C"
S103R,-0.22781733,-1.2636356,3.4032786,-1.5294213,0.13675402,
S103D,-1.8853686,-2.0214498,-1.8887486,-4.007788,-2.6378138,
S310Y,-3.3930888,-3.43064,-1.2767336,-3.5997672,-2.5680795,
L184H,-3.5284815,-2.70955,-1.0453095,-4.2372866,-2.944258,
L126E,-8.562944,-7.0451756,-4.864251,-8.355799,-6.5995855,
T7G,-5.289707,-5.867613,-5.1514397,-6.7608337,-6.253109,
R159S,-1.3375292,1.2479551,2.0839515,-2.6193604,-1.5681481,
F28Q,-7.905856,-10.078693,-6.025089,-10.151842,-8.355749,
R58V,-3.597182,-2.2741418,-0.84752023,-3.1313426,-2.9081242,
P228D,-2.689042,-2.2290683,-1.4507484,-2.8709607,-2.1071346,
A309G,-5.2869983,-4.5175385,-0.048344195,-5.748605,-4.890432,
K70G,-4.990529,-5.203401,-2.50219,-5.664297,-6.6545224,
F151H,-7.4564695,-8.1010895,-5.428551,-9.949869,-7.763732,
R159I,-9.073362,-6.0836964,-5.183896,-7.035953,-7.9402165,
P254R,-0.28281298,-1.2626622,0.086308464,-1.6740191,0.6475596,
T49G,-0.054376543,0.42657548,3.036004,-1.152311,0.09331024,
D125N,2.5273836,-0.7796651,3.6925745,-0.93288666,3.3584666,
A178I,2.2268662,4.0024996,1.3420355,3.2407513,2.1804929,
T317W,-1.5218362,-2.0871377,-1.0733998,-2.5009482,-1.1883172,
S48V,-0.5063733,0.31726542,1.6089504,-1.9282714,2.2967787,
D173L,-1.8538575,-2.3198626,-1.319964,-3.019136,-2.633095,
T49A,1.6887878,1.9285345,3.9180913,-0.015604172,1.5926975,
E94K,-1.2677913,-2.8817737,0.40120995,-2.711268,-0.6590116,
K248G,-14.447003,-12.880474,-10.405321,-16.377218,-14.464434,
T256Q,-8.738388,-5.4118195,-4.4181986,-8.85367,-7.3699703,
F291M,-7.726104,-7.2265,-3.6339192,-10.092166,-8.191321,
H43L,-0.6042198,1.1935794,2.9198847,-1.1863762,1.3912028,
Q75F,-3.0050673,-2.1659527,-1.0061069,-2.6631684,-2.0843377,
Q186F,-6.3755646,-8.329027,-5.9897194,-6.7853947,-5.7015276,
S210T,1.3183845,0.0715214,3.5286553,0.21316522,2.7415874,
D76W,-2.6569605,-5.1707125,-1.212055,-1.982903,-1.5324302,
G237C,2.7077603,0.5357949,1.8952656,-0.49280173,0.7550542,
L54C,1.1791729,0.5747345,4.305187,0.33195472,3.1381679,
D275S,-1.4507093,-1.7216756,4.4045715,-1.0168972,2.1047068,
A179R,-2.8579316,-4.8770914,-2.5877008,-5.172389,-3.6574173,
F40I,1.7343677,2.554694,3.2648673,0.3088743,2.048199,
Q123V,-2.0754566,-1.4574386,0.9244871,-2.2923746,0.06121196,"Q123D, Q123D"
A194S,-0.8109151,-0.95084685,2.3745756,-2.6158154,-0.7395674,
A187N,-4.097937,-3.5260673,-1.154408,-3.0852523,-2.5280454,
Q155I,-1.8503845,-1.4757738,-1.4405625,-1.0890129,0.4058621,
V17N,2.2097147,2.6921706,3.9908535,2.8250217,4.2413692,
W19S,-6.802781,-6.3574,-3.5588665,-5.381972,-8.917252,
Q304S,-3.3610103,-3.360756,-2.7765512,-4.1845064,-4.129945,
G306A,-4.2236967,-4.979827,-0.20971349,-4.2513666,-3.0327375,
A194V,-5.2006893,-3.8301573,-1.4775357,-4.189952,-6.2810116,
D41N,3.8104434,1.2719024,5.662077,0.40850157,4.7814074,
G112R,0.5251086,-0.9990595,1.9017376,-1.9560009,-0.6371913,
S101K,1.0768322,0.8140225,4.103145,2.000613,4.4310617,
F34A,-6.033813,-8.690493,-4.787654,-8.155369,-6.5939045,
A314G,-2.3960166,-2.4066067,-0.75007737,-3.625252,-1.8045354,
E133I,1.5120233,-2.0904627,1.5209048,0.026186164,0.9960175,
Q223T,-1.2742985,-1.705996,-0.024565786,-2.636417,0.292958,
Q12T,2.372115,1.8481708,2.5308704,2.0623035,3.5964856,
E267P,-8.934051,-10.28497,-3.4255583,-10.060631,-7.909293,
L140M,-1.1994436,-1.608523,1.877032,-1.693706,-0.515408,
L59G,-2.6008515,-0.40880555,0.50090456,-4.852448,-1.7636654,
H213A,-5.2828903,-6.065138,-3.2734463,-5.6149635,-3.9945605,
R15M,-4.008717,-5.0465236,-3.4140742,-5.736544,-4.0166874,
H77I,1.1925311,1.394732,2.099553,0.17206842,2.539307,
S48P,1.1501487,1.7185112,4.5754237,0.12383492,0.20440125,
R244H,-8.299559,-11.7095585,-9.115541,-13.289448,-11.374866,
I73Q,-9.674819,-9.331566,-7.5874033,-10.416645,-9.059216,
Q45F,-2.351366,-1.6206915,-1.3857613,-3.0228915,-1.0126543,
Q223N,2.8790503,1.7887574,2.220439,1.3497653,3.4988704,
R299L,-12.906186,-12.519762,-10.259804,-14.361642,-15.08049,
H277M,-2.8288412,-2.6693475,-1.2608889,-2.528513,-2.332574,
A169P,-6.854059,-8.233072,-2.82495,-7.729724,-7.082117,
P53G,0.21526518,-0.08963129,0.6064997,-1.2620928,-0.5573567,
V85D,-10.7523775,-11.632428,-11.095613,-13.810981,-9.540714,
A179E,-3.530297,-2.2240117,-2.1980352,-3.5969718,-3.1709132,
F161S,-9.921053,-9.468876,-5.610642,-10.928373,-8.946596,
F28W,-4.425911,-4.615637,-0.55997825,-4.7744255,-3.915424,
F34M,-3.7096267,-4.746749,-0.7354773,-4.5562243,-3.8822024,
K248A,-12.277586,-10.617761,-7.6263337,-11.410124,-11.466459,
R262V,-13.2733555,-12.768023,-12.1325035,-16.917515,-15.200014,
P39V,-0.661343,0.4338375,1.1854799,0.43772012,1.1935742,
H43D,0.67762667,0.983987,2.8624983,-0.51595193,2.2611191,
V85P,-4.978948,-7.406111,-6.010918,-7.3215275,-4.000085,
E259I,-3.393194,-6.108119,1.5169083,-1.4684532,-3.041869,
T3Q,-1.0307916,0.5029388,3.3806343,-1.316585,0.373252,
L209Q,-1.5308304,-1.352664,1.5170814,-2.6691966,-2.7778952,
A286I,-3.999311,-4.516908,-1.845481,-2.9522858,-3.073247,
V217S,-8.804159,-9.134169,-6.5841117,-10.160735,-8.257352,
G237T,2.888194,0.9820133,2.5360317,4.2388287,1.581744,
V85A,-3.5786283,-3.6390536,-1.9989238,-5.399021,-1.3244694,
K130C,-9.552822,-10.734767,-8.758323,-10.49855,-9.8970585,
F301H,-8.1918545,-8.37565,-5.206532,-9.122026,-8.28261,
V269F,-4.308593,-5.015075,-2.3184907,-4.591891,-4.1945515,"V269C, V269C"
T317F,0.9336002,-0.14125127,1.1399932,-0.8450304,2.0505798,
F40H,-5.42565,-6.4406443,-4.0995154,-8.181884,-6.1480904,
E229Y,2.132967,-0.9363848,2.8462439,-0.50313497,2.255638,
T256C,-6.8206606,-5.643736,-4.608021,-6.2780294,-4.719901,
S24P,-5.3655157,-3.8596883,-3.5007234,-5.232937,-4.5889525,
T122W,-4.781312,-5.5305357,-2.422038,-5.428118,-5.752061,
F250P,-12.533521,-14.469349,-11.047432,-16.80524,-13.957313,
E218I,-0.88706416,-1.6712708,-0.6080494,-0.40199637,1.509382,
S69N,3.357779,1.8363867,4.7890797,1.7863319,5.0785227,
R271V,-6.2081695,-4.6232634,-3.8400106,-6.328708,-5.2864294,
Y81R,-3.8440838,-2.2888455,-5.464766,-6.2887506,-0.16145676,
Y81C,-1.9516891,-1.9064851,2.313018,-1.5739706,-0.40357804,
C278T,-1.990309,-2.3157048,-0.9056603,-3.1128278,-1.5639064,
P176H,0.9047555,-0.51144433,-0.65940785,-1.8150418,-0.15979615,
L241C,-5.2086043,-4.776519,-4.74965,-6.8820324,-5.330573,
H247I,-6.2481413,-7.289742,-3.4064727,-7.166065,-5.8498178,
L182A,-1.3906759,-0.2340944,1.8291006,-1.1972187,-0.14280519,
L241K,-7.2526627,-8.296232,-4.31487,-7.8690467,-4.9566674,
I252W,-3.4032,-3.1059628,-1.6998177,-4.4297614,-4.122718,"I252A, I252A, I252Q, I252Q, I252R, I252R"
G203S,4.679392,4.431093,4.8067427,4.535178,4.731753,
R148D,-2.6080203,-2.0885553,-1.9983618,-3.7438037,-2.865944,"R148A, R148A"
G226P,0.4585768,-0.8631284,3.1439838,-2.004568,-0.11806774,
G203T,3.910582,2.2423155,4.2233686,2.0032458,3.585353,
K248P,-18.012226,-19.53263,-14.68056,-20.826466,-20.497068,
S207E,-0.9075024,-0.086524144,2.1130943,-1.7313226,-0.94187075,
H77A,1.8011802,2.074774,3.2698994,-0.2243539,3.241549,
Q223K,-0.09772918,-1.2869539,-0.735411,-0.27359673,1.3969178,
C307T,-0.69481707,-0.9435149,0.70792663,-2.3686695,-0.8974819,
V162L,-1.9180071,-1.7883875,1.3978168,-2.7049756,-1.6258619,
Q222W,-2.9380355,-4.0750427,-2.364056,-3.5374508,-3.9397142,
V269H,-16.002777,-16.746702,-13.6763,-19.171204,-16.054386,"V269C, V269C"
L44V,1.3021712,2.0637457,3.6408644,0.36104146,2.71815,
A281M,-1.3926718,-2.5252743,1.1609821,-1.822408,-0.023429692,
T298H,-4.122551,-3.8199267,-2.1893122,-5.3038,-3.6999052,
E90S,1.7921969,0.39048755,4.9955177,2.3320012,4.2441297,
S6L,-1.4999726,-1.3443508,-0.8600625,-2.3576174,-1.5983934,
Y66D,-10.845505,-10.928242,-8.331671,-13.987946,-11.660651,
Q303N,1.8686767,0.013997227,0.99576485,-0.052557513,2.3433113,
L191K,-6.9259796,-9.54466,-7.042919,-9.851397,-5.679335,
C278W,-4.823323,-6.058342,-2.122025,-3.678325,-4.535645,
C307F,0.70950526,1.3153791,2.7703142,0.64098555,1.878149,
L56E,-5.7525477,-4.0016723,-6.435773,-6.2233887,-5.661956,
S210H,0.100103065,-0.4423271,3.8639164,-0.162969,2.5128167,
V261W,-13.933292,-14.972439,-11.272676,-13.758314,-12.927746,
Q155H,-0.424525,-0.15967059,1.9726858,-0.38086903,3.167957,
E284R,-2.23751,-4.852573,1.2432516,-3.7002022,-1.010886,
V109Y,-2.6950748,-3.861946,-1.1142907,-3.3727133,-2.801527,
Q197G,-0.80281377,0.12243934,0.06134139,-1.1940843,0.34974077,
T174R,-1.6965326,-1.6123309,-1.145812,-2.6047802,-1.8550482,
N139M,-3.6562774,-4.543936,-2.3157852,-2.8706717,-2.1498027,"N139A, N139A, N139R, N139R"
R200M,-4.169018,-4.944785,-2.8396258,-5.0939856,-4.01037,
W47G,-2.5333655,-1.764121,-0.5264852,-3.5422971,-1.9342756,
L243N,-3.849677,-4.3924766,-3.3011403,-5.905555,-3.454529,
T147G,-1.0142125,0.31758508,1.8500998,-1.5659583,-0.08183247,
Q63M,-2.073907,-2.1211572,-0.7269616,-1.9998462,-1.7978884,"Q63A, Q63A, Q63G, Q63G"
G203W,-2.5207942,-3.899466,-0.60845006,-2.1655293,-2.9078238,
F80W,-2.6780586,-4.572611,1.556556,-1.9707139,-1.8855838,"F80A, F80A, F80C, F80C, F80S, F80S"
A268R,0.9287529,0.25620246,1.9030836,0.8403554,3.2918682,
G9M,-0.45506865,-1.3817424,2.2554553,-0.8478277,0.3967626,
L64P,-3.222714,-3.3261127,0.017474055,-5.7335105,-3.274684,
S51T,3.3521273,1.9618821,4.8771267,1.0534397,4.0075016,
F34G,-7.539746,-8.830545,-5.778239,-9.46801,-7.9326534,
L263F,0.93196005,-0.13428739,0.57161355,-1.4724365,1.157136,
S310G,-4.311226,-4.327158,-0.09677291,-4.687298,-4.175842,
N208V,-2.6682577,-2.9233656,-0.99747777,-2.6179352,-1.8916984,
P11D,0.154832,-0.50595903,-0.47720432,-2.3852015,-0.14014003,
R200A,-3.6425066,-3.1082299,-1.2575514,-4.8080726,-2.7575264,
C278D,-5.105487,-5.3973026,-3.8116782,-7.804824,-6.382947,
S31I,-2.3720243,-2.370262,-0.33405614,-1.3777847,-1.2284963,
T315M,0.6677046,-0.13726689,2.2311754,-0.15225032,0.5146649,
L126W,-3.7954943,-4.255615,0.044971824,-5.1265645,-4.688273,
C150K,-1.1214325,-0.82354987,1.0390792,-0.58922106,1.4441428,
S31E,-0.6815405,0.19664852,1.4891425,-2.3815174,-1.5222683,
S310P,-9.351371,-9.549259,-6.4645195,-11.933546,-10.393915,
A238L,-7.239473,-6.996545,-6.034176,-7.20207,-5.8571258,
V221K,-14.502661,-15.762774,-9.282016,-12.0964775,-10.954249,
E94Q,-2.206055,-3.6575217,2.0257754,-3.0267174,-1.7278888,
H8T,3.9846318,2.9918206,4.4367247,1.6652664,4.1196575,
D96Q,-3.3727493,-4.1808195,-1.8447586,-4.5231714,-4.3725433,
C168I,0.78549975,1.8579266,1.5181282,1.0771481,1.9386054,
P276D,-3.1738596,-3.3192518,-0.7515929,-2.8482575,-2.8929548,
H279M,-4.5663967,-6.4615088,-2.006175,-3.1112888,-2.573352,
G105M,-4.6439414,-4.883864,-2.9723117,-4.6412983,-3.7891488,
G112Q,-1.5354204,-1.360168,1.6595595,-2.829164,-1.2658882,
Q63H,0.6493212,-0.13778518,2.9444637,0.09117991,3.220531,"Q63A, Q63A, Q63G, Q63G"
A281F,-2.8807964,-4.009965,-1.1949759,-2.8848462,-1.8269966,
H171S,-1.9384983,-1.4433708,0.74880993,-2.0892959,-2.4571097,
R117L,-3.8592677,-2.544674,-1.1391588,-3.5268588,-2.3231738,
G74P,-0.039583378,-1.7507329,3.2151594,-2.6231942,-1.6287768,
Q38H,-1.6852739,-2.0443442,0.23999758,-1.819807,0.5169833,
V128R,-9.010638,-9.127462,-9.538772,-9.286577,-7.5078707,
G97T,-1.1680392,-1.4381883,2.5884194,-1.0959673,-0.83992785,
C150A,-2.5321078,-3.0004659,-1.8217869,-3.9780753,-2.9011953,
G121L,-2.231908,-1.3125179,-0.18453804,-1.7352862,-0.0078026503,
S231K,4.7485533,2.2051477,6.098162,4.9126954,4.7301545,
F107G,-6.4822793,-5.2802095,-3.808776,-7.514564,-5.927381,
E185A,-2.2076378,-3.603757,1.9859854,-2.4707656,-1.0785738,
L225K,-8.278392,-8.593698,-2.0479603,-7.615716,-5.3213797,
G37P,-1.2180029,0.4468785,1.9033216,-1.5268807,-0.8487796,
P13M,-1.4275031,-2.2813346,0.43877748,-0.9429728,-0.41776112,
S175D,-5.0505953,-5.9945083,-4.10392,-6.7144055,-6.2390785,
C150W,-3.2209072,-4.1297216,-1.8242263,-2.6976256,-3.5302718,
E14L,-6.8393517,-5.3521986,-3.6788187,-5.0539575,-5.491951,
R60K,1.6731977,2.590784,3.715047,1.8932269,3.628107,
A153G,2.5439754,2.4325511,5.1800776,0.18668018,4.3799086,
T3R,0.62710875,-0.88518876,1.8967717,-0.82346165,1.7759501,
R159K,3.0304646,2.2762585,4.747909,3.560174,3.8538885,
T26I,-0.18421419,0.07075715,2.321909,-0.99647325,2.363112,
R299T,-8.149607,-8.902914,-7.160923,-11.250997,-10.393814,
Q294T,-2.6287532,-3.5507812,-1.480392,-1.7046496,-1.449374,
E199I,-2.4157581,-4.2806587,-1.5765738,-1.55692,-1.5710745,
T256M,-7.4517627,-7.5480356,-3.935516,-6.7074394,-7.059327,
L246D,-9.353943,-8.826275,-8.560574,-13.489867,-9.725024,
E4A,-1.5269661,-1.6992626,2.1600838,-1.3820735,-0.4284877,
P254L,-7.8048058,-7.1207576,-4.1512213,-6.904146,-7.295009,
A178W,-3.93716,-6.0069575,-3.2248662,-4.7118063,-4.9610405,
E205F,-1.127208,-2.7430956,-0.5236637,-1.5045879,-0.1883772,
R274D,-5.285759,-4.976915,-4.2533417,-7.720757,-5.7792883,
L195W,-9.3054495,-10.995702,-5.5554457,-9.843134,-9.882971,
Q63D,-0.5186289,0.2264383,0.1823681,-1.8161669,0.16156778,"Q63A, Q63A, Q63G, Q63G"
A135M,1.610065,2.1549156,4.3199124,2.1494334,3.773835,"A135W, A135W"
N124E,-7.235814,-7.0047894,-5.241175,-8.813738,-7.755583,
R265D,-20.30887,-20.506607,-17.527775,-21.668207,-23.945839,
R200Q,-3.8313117,-3.7810981,-1.9540153,-4.738612,-4.0250425,
S55L,-3.0044909,-2.6723275,0.08241348,-3.3688931,-2.9320118,
R134T,1.3481183,2.7242103,3.3388681,1.636519,2.1153107,
L202C,-1.7063978,-3.2401984,0.26916093,-2.0602899,-1.0768038,
G97A,-2.6572173,-1.4905603,1.0971318,-1.8666139,-1.7969302,
I235P,-21.286356,-21.786978,-16.6936,-23.372242,-23.84155,
Q294R,-1.3200824,-2.657161,0.7183755,-3.2116246,0.044648454,
L183Y,-0.3759667,1.059984,2.5054073,-1.8182962,1.9805617,
E163Y,-7.225775,-9.164322,-4.598881,-6.172278,-7.04257,
Q296S,2.998941,2.419126,4.700312,2.2790565,4.3152394,"Q296H, Q296H"
R46I,-6.0611367,-2.847402,-2.446526,-5.0307293,-2.9430299,
E284P,-8.366213,-10.358138,-3.5756853,-10.775128,-7.858094,
T315G,-0.6465465,-0.58728254,0.41399032,-2.6778152,-0.6981795,
V217T,-2.6910257,-4.919595,0.035199285,-5.210883,-3.7987156,
P11A,-0.005460918,1.0815609,2.7572327,-1.115139,0.6824608,
A22W,-2.6654048,-3.7081966,-0.87829304,-2.2826931,-1.8760066,
A135W,-1.1754717,-1.6280408,-1.2658234,-2.2534661,-2.1715844,"A135W, A135W"
Y116W,-9.590172,-8.868769,-8.4379425,-11.053831,-9.802433,
F301R,-19.335842,-21.858072,-13.890554,-18.919035,-18.405703,
L241I,0.6388073,2.8150725,2.072144,1.2633035,4.1618614,
T253I,-3.1148472,-2.475359,-1.5656912,-1.7869005,-1.4453042,
F301D,-25.15963,-23.611057,-18.381762,-25.4617,-24.75674,
R134L,-3.4931297,-1.7254393,-1.132441,-3.1174693,-2.9271424,
S188H,-1.6700034,-0.9797653,-0.33934164,-1.7793702,-1.8952589,
R148M,-3.6928127,-2.4399385,-1.8775127,-3.470285,-2.6801147,"R148A, R148A"
P13G,-1.6116878,-0.7343726,0.51393676,-1.8076142,-0.39949012,
D125I,-4.205411,-5.0943193,-2.8070338,-3.5991664,-2.7466774,
L249R,-4.6101027,-7.346099,-0.3681905,-6.843046,-4.563286,
T315K,3.6835232,3.9727528,4.4794517,3.2241392,4.017482,
G88A,2.6198087,2.5672367,5.8526335,0.8428865,4.2824106,
P39L,-0.21633177,-0.04637724,2.0392427,-0.023506444,1.641626,
H181N,3.9617615,2.9018595,3.478734,2.8193552,2.742403,
W260L,-5.0017157,-3.4652739,-2.279863,-5.342866,-3.465157,
T298V,-3.8362784,-3.234859,-0.9504075,-4.226633,-2.8897681,
R68D,-11.623919,-12.950596,-10.952911,-13.914278,-13.191255,
D293S,1.8320006,1.0592108,3.2586777,1.4105518,3.8327374,
S6C,-2.1292496,-1.7357612,0.93495154,-2.3811884,-1.2745756,
S89N,4.0601015,1.7001561,5.680787,2.1742315,4.2944374,
I108S,-6.356761,-7.511432,-6.1865005,-9.547047,-7.153349,
Q164D,-10.30283,-8.556353,-6.716015,-9.979542,-10.163854,
S207Q,-1.0445316,-0.074108064,4.307496,-1.437597,-0.023825914,
Q304T,-2.7580895,-2.726296,-1.9277066,-2.9420383,-2.8317142,
V83N,-8.055862,-11.267798,-9.835712,-8.950663,-7.2154713,
P115A,-4.1540995,-3.5031526,0.34030983,-3.3492465,-3.4871726,
G121I,0.70804787,-0.3555835,1.2487626,0.858924,2.1621256,
A169E,-0.26878405,1.582744,2.3493888,-1.8212389,-1.5847027,
A286N,-6.8170967,-6.684719,-4.117695,-7.689755,-6.6373887,
D113H,-0.30395943,-2.8255649,3.5650113,-2.7803087,1.632601,
L5S,-5.5110145,-6.4916015,-2.903903,-5.0975847,-5.673453,
I73G,-8.238558,-5.26223,-3.8931198,-8.312481,-6.2596807,
L212R,3.9414258,0.6499543,5.761986,0.4519558,4.357106,
S188C,-0.5442773,-0.44919598,0.5859698,-1.2559984,-0.12309585,
L54G,-1.9238799,-1.4582143,0.80668867,-2.252399,-2.2020254,
A20Y,0.81727266,2.4919624,3.5899725,1.3389289,4.145276,
A194D,-11.574285,-11.762808,-10.796522,-14.285532,-12.528982,
F291K,-15.650948,-18.135727,-10.997128,-17.149199,-17.899418,
Y220D,-17.218153,-15.806786,-11.907106,-19.311161,-15.945369,
A238P,-15.403738,-14.393665,-10.1144,-17.655895,-13.936478,
L30D,-4.827887,-5.4219418,-3.9419346,-7.7519197,-6.99704,
A153H,0.7908478,-1.5799439,1.5661818,-2.9144568,-0.61456573,
T122Q,-2.4167237,-2.0908158,1.0787522,-3.1193013,-2.528983,
Y220V,-6.5998745,-4.2072096,-2.4453568,-7.0416727,-5.5379095,
P115E,-2.544044,-1.4920597,-1.0680864,-3.220407,-3.2006338,
H270N,1.9254272,0.44856605,3.0032656,1.3867614,1.1236724,
A22S,2.5320158,2.1227202,3.9998155,0.297438,1.4557191,
P132N,-1.0942945,-2.2695048,-0.014558166,-1.3733228,-0.49332196,
L182K,0.40731594,-1.7558584,0.47245103,-2.2597494,0.8752122,
A268Y,3.2638521,2.7651155,1.740479,0.790045,2.588069,
F301T,-13.477173,-13.588495,-8.74519,-14.939182,-12.863576,
S6R,-0.5205707,-0.8792341,2.5186288,-1.9993699,-0.58866453,
F161D,-15.355919,-16.388596,-12.712286,-19.332428,-16.91264,
Q222P,-9.298347,-9.361488,-6.6986866,-11.872424,-9.746805,
D125E,-0.32894534,-0.2717259,4.2454767,-2.3443189,0.8376058,
A292M,-2.1662767,-2.7560709,0.010717481,-2.1973357,-1.8919499,
L141K,0.22803804,-0.22558942,2.058442,0.97043735,1.318542,
L225M,-2.521779,-3.309153,1.592963,-3.3237815,-1.8331501,
L183D,-11.862171,-15.657735,-12.920904,-16.375134,-13.758896,
Y120A,-2.4201608,-4.9062643,-1.7943726,-5.2223053,-3.1199188,
Y116S,-10.468836,-7.2074933,-7.4260864,-12.323023,-9.399453,
P53C,2.0541756,1.676384,2.7788386,-0.6209673,0.63599813,
L126I,2.4692116,1.6712289,3.136349,1.8688464,3.87248,
I73N,-4.949382,-4.5841947,-2.1340237,-6.0270343,-4.6822014,
W127Y,2.2928872,2.2874153,1.2323599,0.56647944,3.3389776,
D275K,-0.41265345,-2.5931304,2.0214376,-0.5983658,0.9510734,
D41M,-2.5559952,-4.271611,0.8416755,-2.594891,-2.0003793,
E33P,-4.824356,-5.721962,-1.4727486,-4.3282175,-3.7510781,
S61K,-4.5815268,-4.830167,-4.128593,-5.590231,-3.6013122,
F287R,6.370016,5.24664,7.349312,1.7275224,4.881776,"F287W, F287W"
H247C,-4.7990947,-5.4762635,-1.7762175,-6.178341,-4.8178673,
E311V,-3.6122499,-5.326318,-0.107246935,-2.0755546,-1.7868252,
R216I,-6.089234,-6.823577,-4.0191216,-5.8412795,-5.695805,
Q197P,-3.9112763,-3.4659948,-2.6166916,-5.015023,-5.0477257,
T234M,-2.8801706,-2.409531,-0.22770086,-1.5578533,-1.90058,
R148V,-4.1378384,-2.4952273,-1.6666853,-3.819065,-3.348345,"R148A, R148A"
L191N,-8.125935,-9.564033,-7.8545175,-12.726139,-8.935579,
L209G,-5.1295033,-4.905778,-1.7675984,-5.1951733,-4.7773438,
K137C,-3.4506836,-1.9007672,-0.9677615,-2.891292,-2.2559915,
P132I,-6.8225183,-7.5748405,-4.9820294,-6.3924227,-6.075466,
D166N,4.197458,2.0116816,5.829059,1.2496172,5.079095,
T3E,-0.88468194,0.84094316,0.57033366,-2.0385478,-0.17626995,
L280M,-1.0156336,-0.7164795,2.5012686,-1.6191053,0.46609062,
Y146W,-6.245443,-4.8433676,-1.4447916,-5.104108,-5.0272765,
V201C,-5.7578316,-7.5573683,-3.9505308,-5.158223,-3.914871,
R200F,-4.3296604,-3.6670828,-2.7377093,-4.2594995,-3.583312,
A295G,1.6322155,2.2000976,3.5484505,-0.02965559,2.063384,
Y27A,-8.395065,-9.03697,-7.844136,-9.626797,-11.389334,
P132C,-4.142984,-5.691773,-2.3918147,-4.250025,-3.0235853,
G306M,-6.5946054,-9.420421,-3.7542534,-5.81796,-6.2456822,
D125R,-4.64872,-7.8470583,-2.5284538,-6.8433065,-4.8666873,
A292T,3.8209891,2.3373003,4.631275,2.2400904,3.7226415,
P115Y,-4.299454,-4.6770678,-2.8843117,-4.896478,-4.0888166,
A138E,-1.40502,0.25666058,-1.4084622,-1.9812231,-0.3142892,
D173T,0.21188003,-2.8582187,3.8908162,-1.296039,1.9656413,
T147A,-1.2187667,-0.6997224,2.9897103,-0.88236296,0.68355966,
S67H,1.7013705,-0.094944745,5.34771,-0.14424786,2.918842,
P53D,0.9458591,1.3733165,0.14856479,-0.5299298,0.23607183,
V128H,-9.337912,-9.993963,-10.163761,-9.558589,-7.1655593,
R159Y,-3.0934114,-3.0619535,-1.6944337,-3.5818043,-2.9900656,
F291N,-15.499928,-16.499302,-10.751883,-17.36128,-16.215277,
F297R,-17.75022,-19.780302,-12.468825,-18.658628,-17.45529,
R134V,-1.640372,-0.4250517,1.1340142,-2.0219443,-0.5643691,
R170L,-7.1911726,-5.6525474,-4.0088754,-6.210582,-7.067616,
I235L,-5.775467,-5.4592075,-3.1561637,-6.2105646,-5.4183025,
L266Y,-4.294092,-5.2142572,-2.7078419,-5.1107445,-4.261781,
T317G,-1.9791179,-1.2893982,-0.88663834,-3.6851192,-2.2032409,
G206Q,6.4001784,4.786089,6.1861553,6.114006,6.316164,
F107Y,-0.9126475,-1.8684046,0.82402354,-2.9738717,-1.1647846,
A153M,-1.0352576,-0.7151189,2.3490813,-1.4209173,1.3141867,
A36N,3.8801417,3.8201046,3.5612245,5.6250334,4.2210264,
I235N,-20.783249,-19.712158,-14.124771,-20.460514,-21.395554,
P39R,2.8877468,1.9514894,3.1720977,2.1799345,3.0758295,
L64S,-1.5320876,-1.0281624,0.11754519,-3.1219,-0.903581,
V269D,-17.22585,-15.223675,-12.44222,-16.291767,-18.237532,"V269C, V269C"
E284F,-8.628771,-9.766729,-5.730396,-7.9674063,-7.923028,
Y255P,-14.854705,-13.412014,-8.616347,-16.123526,-12.548783,"Y255L, Y255L, Y255M, Y255M, Y255T, Y255T"
Q197V,-1.8849738,-0.6184479,-0.43990052,-1.4000778,-0.2707923,
E90H,-1.5823076,-3.5265338,1.5410304,-1.3112619,2.0787244,
L263A,-1.3152952,-0.18299367,1.3389974,-1.8284416,1.0445186,
F297T,-9.042402,-10.271189,-6.2766304,-11.911753,-10.05225,
S6K,2.0633597,1.5033555,3.7014503,0.0013868064,1.2033578,
L82C,-7.0826592,-8.692017,-6.5123444,-8.357298,-6.0528884,
E110V,-5.8639097,-3.3995094,-6.2041473,-3.9730148,-5.1257205,
P53V,-0.09097171,-0.41063753,-0.43857926,-3.0069742,0.26943496,
K130E,-10.004081,-9.353773,-9.236486,-11.452952,-11.215822,
V109S,-5.2008395,-6.2800565,-4.167245,-7.159786,-5.0349073,
Q123A,1.3737173,1.2542069,4.0210342,-0.38688853,4.2666783,"Q123D, Q123D"
Q38V,-1.5315943,-1.4323769,-1.1148126,-1.6026511,-0.5051924,
E199K,0.67567074,-2.6761107,-0.17121883,-1.7986629,1.4393468,
L202V,1.209713,0.86642987,3.212476,-0.088698655,1.3988427,
P115W,-9.691666,-11.551385,-6.091771,-9.816126,-10.19357,
T147K,0.39776865,-0.9081259,0.09090017,-1.5237749,0.35756588,
P176Y,-0.13713154,-1.3942132,-1.1852136,-1.7807137,-0.32095638,
F118K,-10.472581,-11.95889,-9.874374,-11.663298,-8.717016,
W19G,-6.264198,-5.655411,-2.2699099,-6.4865737,-7.3070626,
D96A,-0.6359397,-1.4106376,2.736659,-2.6289146,-1.7476406,
L167N,0.6654792,-0.29020146,2.120475,-0.76882976,0.57273364,
A187P,-8.704975,-8.991736,-5.3979793,-8.826941,-7.8328667,
H171N,-0.31654412,-0.26397693,0.15778863,-0.7176335,0.30251873,
F34V,-5.0203857,-3.308757,-1.7824576,-5.974054,-4.340769,
R302M,-7.572795,-8.662549,-7.7155304,-9.501194,-9.135961,
V217Y,-8.093964,-9.7794695,-7.9745626,-8.534943,-6.3171263,
Y255D,-10.195359,-7.6432843,-6.0325003,-11.953638,-8.85357,"Y255L, Y255L, Y255M, Y255M, Y255T, Y255T"
Q75C,-2.0667765,-1.0155895,0.38169312,-0.98169196,0.7557614,
L30Q,-1.8011818,-2.2430706,-0.48225477,-3.525664,-2.746244,
R274V,-1.1499455,-1.1677178,-1.0238936,-2.6750755,-0.5583976,
I252G,-0.7099203,-0.51616824,-0.19569403,-3.4756584,-2.490107,"I252A, I252A, I252Q, I252Q, I252R, I252R"
Q233D,-2.216834,-3.2254114,-2.4801636,-3.9241247,-3.007083,
R313I,-5.6085353,-6.4220295,-4.413294,-5.86249,-5.0686107,
R262Y,-11.790302,-14.3272295,-12.347593,-15.921114,-13.409959,
V17C,-2.4618545,-2.9975016,-0.085428074,-2.5402853,-0.64344525,
I252Y,0.5462965,-0.43121386,1.2805492,-2.084591,-0.092898294,"I252A, I252A, I252Q, I252Q, I252R, I252R"
R271P,-11.021652,-10.617984,-8.04384,-14.461539,-12.305494,
K70V,-3.5716536,-2.9097102,-1.9116764,-3.6582355,-4.6888003,
Y116A,-10.288486,-8.303586,-7.6981816,-13.072516,-10.6233425,
P39W,-2.3957076,-3.4389775,-1.6315842,-2.8262112,-2.6100423,
T190H,-1.7335532,-2.2586453,-0.88109696,-3.7698221,-1.9792831,
S24W,-5.0638533,-6.361513,-3.0875583,-6.5572414,-7.7662416,
D96P,-6.357445,-8.441414,-4.809652,-8.525496,-6.231196,
Q123L,-2.6093903,-2.208588,-0.6860422,-2.8185496,-2.3527083,"Q123D, Q123D"
G74K,1.9721029,1.9543074,4.720914,2.7464151,2.9391115,
L157V,1.0700884,1.5781758,3.1227148,-0.97689235,1.3224167,
L5V,0.414474,0.17720538,4.084648,-1.8411946,1.9433167,
E185K,0.9788251,-1.0455985,-0.015721262,-0.5202265,0.98591685,
A189K,2.7635703,2.5762458,3.5823898,0.6159939,3.405884,
A292Y,1.0558411,0.53655386,2.784243,-0.9683306,1.2944114,
L183M,1.3598385,1.2751575,3.8904512,0.9522867,2.1319623,
V312E,-5.8540874,-6.2312994,-4.7759523,-7.5730085,-5.3764725,
A300V,0.65740865,-0.18344674,3.1358702,0.008525267,1.521616,
Y66I,-7.399134,-7.8063984,-5.520337,-8.472692,-8.248823,
Q45C,-0.87674236,-0.988427,0.019660227,-1.5085267,0.16479453,
Q196R,-0.93022543,-1.4954569,0.49949095,-0.685266,1.4827859,
P232E,-9.159264,-9.1781845,-7.596522,-10.663431,-9.339405,
Q233K,4.0944657,1.2781568,2.530408,2.2705896,2.8898501,
L214R,4.587904,0.17396548,4.516407,1.9721102,4.3459253,
V312R,-6.193295,-7.552887,-4.216858,-5.7091827,-4.622299,
F161K,-10.732956,-12.3506775,-8.094528,-13.463878,-9.624673,
E14C,-7.0054636,-7.707882,-4.017748,-5.232973,-5.749587,
A236Q,-13.789792,-11.742662,-10.360109,-15.537504,-13.165611,
I282H,-10.215494,-9.471247,-7.188778,-12.628841,-10.644833,
H143R,-0.9507182,-1.7582222,0.5540495,-2.8789048,-1.4169924,
D152R,-5.770244,-6.775012,-3.3709846,-5.7863264,-4.471261,
H171C,-2.4404845,-1.1197295,0.21480024,-1.9127502,-1.4125786,
W260Y,1.2540411,1.6025999,-0.07230097,0.07495697,1.311035,
A238C,-6.091645,-6.6465025,-4.6675315,-6.696068,-5.2975917,
L266Q,-12.32299,-10.847276,-7.276498,-15.471114,-11.8067665,
T190P,-4.719331,-4.816282,-3.9654462,-5.7701454,-5.1219673,
L249N,-8.464987,-8.618366,-5.9808993,-11.955426,-9.318068,
I282K,-8.721927,-8.873207,-4.981804,-10.226107,-7.2847238,
C307W,-3.0709887,-3.328649,-1.3316112,-2.6351552,-3.6811566,
H247Q,0.6786854,0.21675034,0.3165353,-1.4001697,0.18391295,
L230K,-8.2323475,-10.611982,-5.0771594,-8.581312,-7.6643963,
Q272P,-13.350736,-15.850321,-10.8710575,-16.666822,-15.355055,
D198N,0.17463265,-2.1067357,-0.74557614,-1.488304,0.4316507,
A251G,-3.1933594,-2.692429,-1.7430631,-4.806728,-3.802642,
H213W,-9.408856,-11.356379,-5.9809027,-7.7399073,-8.372799,
R302H,-5.0966845,-5.8944817,-3.6516042,-5.480879,-4.6122093,
T308H,-6.294798,-6.820776,-3.2423093,-7.439911,-5.385819,
E21M,-10.106287,-11.604294,-4.810673,-7.2057266,-8.91859,
L285I,-0.019574165,2.8751225,1.1704773,0.23773834,2.4569533,
E133F,-2.0231113,-3.520597,-1.9990532,-2.908577,-3.284678,
S62F,-4.2699537,-3.6245131,-0.81721413,-3.356953,-3.414654,
V217N,-10.281427,-11.01111,-7.158754,-9.994885,-9.431233,
Q197C,-1.2582138,-0.60433245,-1.2253728,-1.219022,-0.5783715,
V201L,-0.90985024,0.69782615,3.127794,-2.812345,-0.47314388,
G156A,-3.758326,-3.3544545,-1.6501776,-4.3978786,-2.273694,
L209S,-1.7162911,-0.8914387,2.394761,-2.3674662,-2.0546412,
G156V,-5.057581,-3.8211946,-3.6406531,-5.2350407,-3.348878,
L140T,0.5355159,-2.0876544,2.925632,-0.97346616,0.32026422,
T3N,2.715858,2.6599078,3.6661944,1.1801519,3.4325929,
A169M,-1.522433,-2.7141824,1.597016,-1.7608112,-1.0883139,
H318Y,3.662187,2.8041973,4.8068285,0.17745653,3.7696843,
E4H,-0.11554609,-1.1406186,1.8146167,-1.1776841,-0.09333111,
L241V,-0.055010647,2.7298846,1.8775622,-0.86310506,2.7706137,
D227Q,-4.063409,-3.9137678,0.2085791,-4.8376393,-4.368641,
Q45E,-0.91147625,0.57366663,-0.577138,-1.1143274,1.6083965,
L157E,-7.057426,-7.1582913,-4.988757,-9.340387,-9.305239,
Y120S,-3.230363,-4.0979614,-0.16765803,-4.230577,-1.5318279,
F118T,-6.6889706,-6.7433243,-5.2297416,-7.4410477,-6.1833763,
S24T,2.171568,1.0539126,5.1618485,0.121753335,2.7388153,
L195N,-3.8067203,-5.1497707,-3.4726944,-8.047356,-5.4940944,
D25V,-8.831459,-7.7202597,-2.9144895,-6.1138945,-6.844817,
E259D,-1.6391673,-2.0076163,2.9803793,-2.9880412,-1.0084426,
E110G,-4.782233,-4.26715,-3.9277308,-3.9069433,-3.8207293,
A187Q,-3.0960703,-4.0918655,1.1178857,-3.3628387,-3.4039047,
Q63P,-1.6672041,-1.6459148,-0.8385434,-2.7670906,-0.71273017,"Q63A, Q63A, Q63G, Q63G"
F250Y,-7.605009,-5.7969713,-3.4491882,-7.7423935,-6.821837,
R117S,-0.9786287,0.4255116,1.3873154,-2.0721939,0.50068164,
A20D,0.76687926,0.6134852,1.9139287,-2.2244997,-0.3853349,
D293M,-3.8655477,-6.4633512,-0.21427242,-3.9677508,-1.3155901,
Y120H,-0.86608166,-2.0429034,2.3089101,-2.7312727,0.8937991,
F301C,-13.565657,-12.234217,-6.9627028,-12.734644,-10.30357,
T49D,-1.3073264,1.1126355,2.5333316,-2.103209,-1.0999466,
Q197A,0.1985372,1.5499839,1.8183947,0.05542132,3.11259,
P86W,-11.894001,-12.0828495,-8.313698,-9.300773,-9.850926,
R111V,-4.94907,-4.4829493,-2.9756439,-6.2948704,-4.786418,
Q186W,-9.407709,-12.347986,-8.31934,-10.273169,-9.68444,
D293N,1.4418399,1.0324715,3.6556349,0.34472418,3.4766512,
S67K,2.1473577,1.591234,4.544222,3.6127348,4.869673,
E267K,4.3585467,1.0935792,3.959283,1.4559401,4.667735,
G9N,4.373414,2.2695775,6.0567207,3.269302,4.3205347,
R134I,1.132339,1.4567204,1.2511276,0.799371,0.6845292,
H279C,-3.1206028,-3.7821698,-0.4922636,-2.296179,-2.1465917,
N208S,-1.6977403,0.6828309,3.3258004,-1.7113097,-0.8593081,
Q164E,-6.650321,-5.245347,-4.9184785,-6.9826717,-6.2747483,
P2M,-1.1603659,-1.3026919,-1.5514138,-1.6511905,0.47357023,
D152P,-3.356584,-3.8115275,-1.6841378,-4.125993,-2.943966,
A281G,-0.66946566,-0.4483783,2.4515991,-1.6989648,-0.7229006,
F80V,9.682173,8.083713,9.4392185,6.4722013,9.205062,"F80A, F80A, F80C, F80C, F80S, F80S"
Y120W,-6.258897,-6.955765,-4.407284,-7.4686236,-7.669926,
D76L,-1.4068172,-1.795143,2.512675,-1.1691821,-0.04644931,
F161T,-7.139773,-7.8907,-3.980756,-8.307474,-7.292618,
R262K,-1.9743751,-1.0435835,0.22683105,-2.541048,-0.89857465,
L126V,1.2484953,1.1228514,3.657099,-0.16783042,1.2030402,
V312S,-6.511626,-6.4292483,-3.278365,-5.020625,-4.610702,
A179T,2.3214755,2.1095774,2.971304,0.79564995,2.9482691,
T308I,-2.9136252,-2.711668,1.8533232,-2.4371996,-1.7422023,
G237N,3.5374484,2.164506,2.8277726,6.17198,1.9478791,
Q16G,-1.3140347,-0.66221106,1.3621155,-2.1160097,0.35428542,
L5K,0.35957307,-3.8541505,0.37419122,-1.7266386,-1.5622494,
L56Y,2.6772428,1.2294729,3.6078923,-0.87086976,4.2359533,
V85S,-6.368246,-7.938176,-6.295363,-8.618912,-5.1175046,
E311Q,-3.3175778,-4.2044535,1.9585245,-2.6225414,-2.9769688,
R170D,-3.0788336,-2.445866,-4.3453436,-5.195389,-3.529929,
Q164P,-8.88616,-9.237392,-7.6525135,-10.531834,-9.611124,
Y27N,-5.5325623,-5.327245,-4.1935697,-6.2494082,-7.7045393,
L82E,-8.194731,-8.005619,-6.022167,-8.364928,-6.806638,
R46K,-2.3786592,-2.271778,-1.2071211,-3.4906554,-1.2858052,
V109P,-5.5245314,-7.1454096,-5.6952343,-9.381791,-6.766227,
L246V,-0.55045503,0.76523936,1.8372676,-2.2274854,1.3644414,
E78V,-6.3166003,-7.2831287,-3.5259323,-4.903693,-5.8093853,
R274F,-1.6780794,-1.38774,-1.5661007,-1.6177291,0.026408881,
W47C,-1.0234106,-0.5474124,1.4877632,-0.740701,-0.28136778,
R180V,-2.4055834,-1.4716405,-0.18433812,-2.3035798,-0.8479318,
Q233G,-3.5958443,-4.2502017,-1.9378707,-3.0873618,-3.8688278,
Q63K,2.884324,1.2585416,1.9946767,2.4237235,4.1737866,"Q63A, Q63A, Q63G, Q63G"
R262P,-17.372662,-19.968555,-16.440636,-21.818115,-21.278164,
Y305K,-8.313194,-8.834467,-3.422386,-9.771395,-7.1897182,
P50R,0.032821745,-0.8671762,0.26037627,-1.4539024,-0.1848286,
Q219C,-4.711012,-4.804986,-2.8533962,-5.0107136,-4.882412,
P254Q,-0.27871865,0.0026864558,3.458301,0.28678796,0.6266464,
Q272Y,-0.5255538,-0.45612898,-1.1372263,-1.2243416,-0.16471526,
Y146D,-5.388996,-4.4275904,-3.0842366,-6.6962376,-4.9787903,
P50A,0.88775575,0.43327498,4.280966,1.534712,2.8293567,
T147R,-1.9788203,-2.222249,-1.3544371,-3.2627058,-2.3527126,
F297V,-4.8059015,-3.5990613,-0.78377223,-6.1499553,-5.466536,
H98T,0.21237066,0.11870107,2.3720973,-0.7771146,1.5810721,
P176G,-3.11143,-1.8653088,-1.340726,-3.8971627,-2.9451299,
S175C,-0.579437,-0.323033,1.0437717,-0.46407568,0.1441541,
A35M,-1.5437887,-2.05378,0.41509384,-2.0734324,-0.5608203,
S242V,-10.912858,-9.382635,-6.212138,-11.183538,-11.468354,
H171R,-3.3057508,-3.5479126,-0.22696653,-3.1374452,-3.1373384,
A292D,-5.606283,-5.1756415,-5.6972184,-7.704835,-6.4220567,
I235V,-3.4034088,-2.6918936,0.07167414,-4.5135803,-4.093209,
D173A,-0.22087637,-0.35299665,4.373681,-0.51679087,1.8961345,
V217P,-11.286788,-12.378294,-9.467251,-12.111216,-12.44112,
P104R,1.417238,0.74080575,3.3329654,1.3958256,3.0120554,
E94Y,-1.0289595,-2.053133,-0.36101833,-2.797626,-0.71244234,
H149T,-2.3824844,-1.4155965,-0.30628264,-3.3686097,-2.7035406,
D152Y,-3.1354952,-5.83325,-2.9111147,-4.295843,-4.0445604,
D198P,-5.592845,-7.7018294,-3.6206703,-6.746976,-5.310457,
A35W,-3.8590374,-4.7848415,-2.6651459,-5.024109,-4.876798,
P86D,-7.7093678,-7.3243704,-6.0769806,-9.407911,-6.105741,
H181I,-4.677869,-3.6104486,-2.357974,-3.720422,-4.3500595,
E229K,2.9115303,0.23846826,4.1548977,2.1169858,4.308369,
T84M,-2.9219556,-1.5740364,-1.2024215,-3.0265853,-2.9040272,
L30S,-1.4286051,-1.6018133,1.2967628,-2.6281307,-1.6602517,
Q296D,-5.8116283,-6.832495,-6.5489025,-8.436735,-7.6483827,"Q296H, Q296H"
P176N,2.8174558,0.09903368,1.0983777,-0.11972817,1.4023764,
M1H,-9.9820795,-5.0800915,-9.59677,-7.5648327,-5.2500467,
L241P,-13.104179,-12.889419,-9.671178,-15.181244,-12.673045,
E33M,-4.5288467,-7.2407093,-2.1812,-3.1797042,-4.0435143,
K70E,-2.6241739,-3.1206815,-3.2198136,-4.9385633,-5.351551,
Q296N,1.33557,0.49422455,3.0285597,0.19797538,3.220762,"Q296H, Q296H"
D198Y,-5.13523,-7.9990463,-6.927504,-6.084794,-5.0415587,
S231N,3.7875848,1.1580613,5.7854786,1.8810623,3.4176693,
E4K,1.4912149,-0.34268314,3.3204384,1.7165022,2.1947634,
G9Q,3.1412365,1.7859327,5.889963,1.9660959,2.4814756,
W47H,0.63516754,0.51233315,0.98333937,-1.7434322,0.6176452,
R299V,-11.867107,-12.113275,-9.707836,-14.069812,-14.519503,
G106M,-0.8729008,-0.2348797,2.0178223,-0.0021105185,2.701749,
D41R,-0.07562728,-0.9754868,3.0254097,-0.45641673,1.5030177,
E229R,-0.57359254,-0.9622947,2.3768303,-0.17857578,2.1215878,
G237P,-8.032604,-9.099817,-4.1193986,-8.838633,-8.437092,
D293R,0.5506524,-1.2875638,4.469142,-2.1186123,2.907817,
A22E,-1.0398937,-0.85668314,1.9618862,-3.0190759,-0.91070485,
H77Q,1.3412976,1.8314829,4.970831,-1.839964,0.8632877,
R15I,-4.049874,-4.0779123,-3.0901563,-5.5877595,-3.6181579,
W19R,-7.444289,-7.188229,-3.8107917,-8.106149,-8.795321,
S310T,1.6969326,0.106514424,4.0865855,-1.5944263,2.0763803,
V162E,-5.4327307,-5.1964073,-4.1438932,-6.9981785,-5.3854017,
G283M,-3.1473575,-4.0271063,-2.2857194,-3.7718651,-3.762561,
P50W,-3.582008,-3.9750814,-2.228523,-3.8401077,-3.2438376,
R68K,-2.6682143,-3.4037373,-2.71497,-4.2523,-2.4001975,
I108A,-4.4220886,-5.4121523,-2.4733105,-7.990619,-5.810788,
S67V,-2.641868,-1.9486208,-0.57076573,-2.2307281,-1.7459884,
D96M,-2.803224,-3.4610946,0.5511124,-2.2937236,-2.0305061,
L249P,-15.172791,-17.649572,-13.090506,-18.062231,-18.845337,
D275G,-7.7162185,-6.5250893,-2.7116504,-8.515823,-6.3298526,
D275N,4.544037,1.8143786,5.6826777,2.642158,4.81738,
S89D,-0.56485724,-1.1860905,2.7764678,-2.9379082,-1.9378772,
C239S,-3.398021,-2.820963,-1.5879588,-5.916379,-4.1294317,
R134P,-4.4563837,-2.5946934,1.0007578,-4.954068,-3.7660034,
E33Y,-0.82203776,-2.8479497,-0.90409297,-1.8659642,-0.69464606,
L165V,-1.265883,-1.0104775,2.0161247,-2.9109292,-0.5752504,
R302N,-5.503862,-6.260497,-7.25423,-8.710163,-6.588266,
D198T,-4.3038816,-6.7301283,-4.2486258,-5.629355,-4.2120695,
A179G,-1.7474264,-2.1325853,3.4536905,-3.4965534,-1.711584,
Q264P,-13.237443,-14.79296,-9.287228,-15.716911,-14.3047695,
Y255C,-11.755956,-9.957159,-6.1164637,-9.953786,-9.705633,"Y255L, Y255L, Y255M, Y255M, Y255T, Y255T"
F151S,-6.5264454,-6.5275326,-4.040366,-7.9082756,-6.8644,
F107S,-8.896502,-7.1699467,-7.155569,-10.584898,-7.417398,
E14F,-5.3030972,-5.5392065,-2.9707904,-4.640076,-4.053693,
H87W,-3.6145225,-4.097974,-1.6700703,-4.691578,-4.588157,
H213I,-5.0912833,-5.204195,-3.0357745,-4.6691933,-2.4806583,
L192N,0.26946956,0.6154344,3.9288235,-0.2762227,1.983372,
L230P,-12.40511,-12.966553,-8.356109,-14.95886,-11.958153,
Q75W,-6.3358326,-7.977003,-3.3495657,-7.278819,-7.6958284,
A71D,-0.60765344,0.7639803,-0.55683255,-1.8417203,-0.027643546,
P2H,0.83736056,3.0917025,2.4102478,0.7240516,3.5454867,
A153W,-3.620979,-5.608347,-3.6856396,-5.576707,-5.626533,
Q196C,-2.4632792,-3.9036229,-2.8091917,-4.042169,-2.6735535,
L202R,-1.5637393,-2.5197167,-0.029348344,-2.6393366,0.15330853,
Q196P,-5.989999,-6.0259285,-3.802042,-7.7032995,-7.150143,
H213E,-7.8612747,-7.806785,-6.551475,-8.340998,-8.012817,
S231T,3.733377,3.3246446,4.572365,3.2668583,4.343664,
L157M,1.0663898,-0.06837726,4.1094246,-0.7712089,1.0333174,
T49V,3.2730875,3.282236,3.7121277,1.04475,4.5857096,
Q16D,-2.5307193,-2.5171988,-1.3136096,-4.1118574,-3.866618,
L82I,-1.1043696,-1.3089145,1.4239796,-2.2606208,-0.8279007,
T190M,-0.43356907,-0.4190498,-0.123060204,-0.45030326,0.26076144,
P228W,-5.630855,-6.9961724,-2.6943517,-4.69955,-4.4861126,
F161H,-10.727191,-10.087274,-8.761881,-12.995998,-11.033625,
H149N,2.927153,1.3279622,4.048768,0.6405713,2.642827,
R244N,-5.611331,-8.806656,-8.025466,-11.572157,-9.470985,
G97I,-3.3753881,-3.1243176,-2.3608396,-2.04346,-1.9767277,
A71E,0.15453349,1.5390009,0.8993507,-1.0199895,0.62575036,
F93P,-8.793198,-8.637388,-8.666568,-11.565611,-7.8261986,
A135Q,0.35437834,-1.3844804,2.6857328,-1.8971819,-0.8852051,"A135W, A135W"
V109R,-7.437034,-11.752263,-7.543497,-11.294065,-7.713952,
L131V,-0.8287906,-0.6180929,1.8449824,-2.1971583,0.62172496,
P276G,-4.678511,-5.2392344,-1.7987638,-5.182838,-3.5226986,
C168T,-1.7630455,-1.4530567,1.0242598,-3.2201514,-1.8448305,
W289I,-4.325347,-3.4949837,-1.3805763,-4.900421,-3.323441,
K130M,-7.1794987,-6.6240616,-4.7074785,-7.789748,-7.3365836,
S48F,-2.1214592,-2.8616648,-2.093626,-3.7360475,-2.6035502,
T298K,-4.9466906,-5.191869,-3.0980077,-6.90689,-2.1495776,
S188Y,-0.65924764,-1.0763177,-0.69566613,-1.895632,-0.55634654,
H277S,1.0962946,0.4847507,1.3835691,-0.8925391,0.21766125,
A300C,-2.5766666,-3.6412604,-1.2541659,-3.1347713,-2.902081,
T256I,-5.842307,-6.4025316,-3.6176004,-5.953677,-5.426552,
E110I,-5.448763,-3.7122607,-5.4994307,-2.8942406,-5.002432,
N224A,-10.907148,-11.679634,-6.176016,-9.304423,-9.31568,
H149L,-2.5277529,-1.1752477,-0.27210176,-1.8207514,-1.7351985,
F118G,-6.329938,-7.429386,-5.318894,-7.69435,-7.131262,
P11H,0.5720422,-1.67159,3.8853898,-1.4270296,1.5882323,
N139A,-2.118413,-1.8544953,-0.47970492,-1.8814831,-1.1635476,"N139A, N139A, N139R, N139R"
E4N,1.8699441,-1.6126779,3.9750295,1.3672366,2.9633212,
Q155S,1.087493,2.5052814,1.6233242,0.7515954,3.111579,
R145P,-2.688201,-1.0911802,1.3593858,-4.037903,-0.9375602,
Q197H,0.31701818,1.1665314,1.9102279,2.1732678,3.9955149,
E259A,-2.9086359,-4.2991858,4.029954,-1.8790417,-2.1209621,
S69W,-4.7766333,-5.5523734,-2.3749301,-4.3334217,-3.7607124,
G142S,4.7038665,4.4678984,4.7283435,4.4491396,4.759165,
R60A,-0.56065613,1.5361712,3.897076,-1.326391,0.31300035,
R265G,-17.335575,-18.749466,-16.37051,-19.671751,-21.864918,
N208E,-3.3113365,-3.1279726,-2.9049897,-4.39077,-5.6313286,
E205Q,0.9596443,-0.036269784,3.602618,-0.5518597,3.297403,
T3D,-1.1811094,0.9021168,1.9569323,-1.5299809,-1.0339923,
L249T,-5.142509,-5.087088,-2.9363842,-6.921432,-6.034102,
Q45M,-2.4580493,-2.0069158,-0.16364232,-2.3081362,-0.8948475,
N258I,3.7302394,3.223258,3.3910918,3.367421,4.3743124,"N258S, N258S"
Q63S,1.5556717,0.72520006,2.1460624,-1.0544103,2.760836,"Q63A, Q63A, Q63G, Q63G"
A35S,3.1910965,2.7423186,4.6570854,1.6893147,3.3360689,
G226C,1.0897712,0.022965021,1.9561747,-0.45645642,1.5738361,
G74C,3.388976,1.1173277,4.122088,0.14996387,2.7272167,
Q123H,1.5211666,0.48232648,3.4625795,0.9541732,4.1028237,"Q123D, Q123D"
H279I,-4.2989655,-4.9226847,-2.6380248,-3.7479782,-2.7127385,
A292K,4.587388,2.6401896,4.871804,3.5275102,4.770759,
F250K,-8.647683,-7.990981,-4.844023,-7.276584,-6.5924816,
T147N,0.70483506,-0.046876237,1.5740958,-1.5220885,-0.19675471,
G290I,-16.239555,-16.431175,-10.623524,-14.809173,-13.49557,
I235G,-19.722143,-19.368637,-15.161373,-23.815174,-19.932894,
T7I,2.1879067,0.90861017,1.1926816,-0.5821996,1.4178271,
V85L,-1.5429177,-0.76078343,3.490062,-1.8969989,0.34588984,
R60S,0.9838926,2.6299713,4.019395,1.185075,1.8160069,
A153D,-4.6996794,-4.261338,-3.8580484,-6.035028,-4.2365236,
T234S,-2.6602755,-1.2477722,2.1655722,-3.6039565,-1.7791847,
L165K,-9.136562,-13.339901,-7.5377674,-11.474002,-9.343834,
A71G,-2.0814307,-2.4538448,-0.6330599,-3.9906569,-1.5674669,
E229H,-0.5217489,-1.6924145,1.3734279,-0.76124537,1.1092176,
A79F,-3.686129,-3.4628468,-3.778892,-5.2955194,-3.2658052,
Q264H,-1.4464917,-1.3351058,-0.13081029,-0.7639475,1.8660867,
T215Q,0.77959585,-0.10816382,1.8848819,-1.4972775,0.3172126,
Y120D,-6.6060257,-7.8382444,-4.882593,-8.461569,-6.3229966,
H72A,1.3876584,-0.06789678,4.6654534,-1.2538811,1.7134441,
P228Q,-1.6944381,-1.4492915,1.6470101,-1.5027016,-0.5081477,
W47A,-1.8227926,-1.2350614,0.8184583,-3.3281226,-1.679415,
H149G,-1.2831154,-0.66100055,3.9141507,-2.2867374,0.49503142,
H77R,2.2906194,0.4755674,2.4668832,-1.4249109,1.5410432,
Q16A,0.44598597,1.2401527,2.342929,-0.14754583,5.606609,
L64A,-1.8247447,-1.0205534,2.226541,-3.2170658,-0.95641714,
L280H,1.5721853,-0.002067387,3.373288,-1.2229846,1.4802287,
A238K,0.026132442,-0.8367391,0.5118246,-0.6847718,1.1362312,
L64K,-3.2922115,-4.30764,-2.3672085,-4.90944,-3.1329572,
L126Y,-1.4903927,-1.3774645,0.7582542,-2.9140975,-1.9424076,
T174I,2.115849,0.9263295,1.8724449,-0.5055181,2.4232125,
G106T,4.0795584,2.943297,3.9224515,2.4098458,4.21062,
T84E,-7.198749,-6.5061727,-4.4262667,-8.222427,-6.502879,
D152M,-7.109125,-8.870705,-4.008052,-6.541003,-6.6353083,
V91W,-4.191442,-3.2646313,-2.5516224,-3.4612246,-2.803353,
M1V,-7.0094585,-3.20688,-4.154093,-4.4806356,-4.497641,
H98D,1.1215237,1.9405094,3.0204918,-0.49331924,0.93191886,
C102Q,-3.2160883,-3.2111602,-1.2909747,-4.360271,-4.3726287,
R299E,-12.723873,-15.68343,-14.945587,-17.097261,-17.812698,
L249I,0.39634857,0.20560646,1.3492105,-0.57828623,1.6242197,
L195A,-1.9618039,-2.302036,1.9501847,-4.089055,-2.3454456,
L82T,-5.989094,-5.797061,2.7987456,-6.1141987,-4.5668106,
V83A,-1.6452216,-2.9457273,0.47529477,-2.7791862,1.1000831,
H143A,-0.2827696,2.0359275,1.5089949,1.3812569,3.7638755,
E90W,-3.1493988,-6.8248067,-2.7364323,-3.701644,-3.9279501,
F161C,-7.2196984,-7.046778,-4.761097,-6.4592648,-5.3263025,
Y27R,-7.7300363,-9.361036,-6.3368483,-8.760439,-10.333942,
F118M,-3.9087162,-4.081334,-1.707266,-4.123416,-3.8933108,
L273V,-7.406641,-5.9833546,-4.6274304,-8.66553,-7.5306683,
L273T,-12.096575,-13.131353,-9.094542,-15.109154,-13.700811,
F93L,-3.6245384,-3.7967286,-1.5581846,-4.595001,-3.413909,
A114K,2.7248824,1.53317,3.595099,0.68375444,3.8083844,
P2Q,0.7946526,0.950721,2.9375834,-0.21405168,2.4477515,
L129S,-6.3460927,-6.9009585,-4.270211,-6.917852,-3.6823056,
E110F,-7.083827,-4.3539853,-7.266893,-5.400857,-6.388566,
E267W,-4.7356844,-7.451336,-2.8555431,-5.6883955,-5.578481,
I73V,-1.0591404,-0.28157797,3.7427337,-2.7041714,-1.1412705,
H92G,-1.4315002,-1.7675499,1.898938,-2.538361,-0.15690477,
L266G,-16.659279,-15.1459255,-11.145151,-18.837387,-15.191237,
Q16F,-1.5363324,-1.8557167,-0.93130386,-2.6939864,-0.8830683,
H119F,-2.0070882,-1.11326,-0.498385,-2.1471863,-0.8184071,
R200K,-1.1604316,-1.7819821,0.15817489,-1.3232603,-0.36037546,
L30N,-2.8615766,-3.7046733,-0.89055896,-4.390689,-3.2988315,
S62W,-5.676587,-7.8459263,-2.7078216,-5.670197,-6.7444344,
L167S,-0.22911383,0.9149265,2.181665,-0.5573857,-0.31498218,
A169N,2.441359,-0.2943689,2.6218662,-1.9104801,1.5633972,
L184S,2.0861018,2.4436612,3.026444,-0.70412123,-0.7205249,
S69D,-1.1860398,-1.0236294,2.4487367,-2.7554197,-1.2226144,
A238F,-6.3658633,-6.947213,-5.4323816,-6.6375628,-6.3621073,
L30G,-2.168253,-2.1916962,0.7316542,-3.7621748,-3.3408313,
G42A,-2.1291575,-2.2781072,1.4205608,-3.0593786,-2.5306716,
Q75H,-0.4737464,-1.9013804,3.266715,0.6465587,1.4239988,
Q304G,-7.200292,-7.3002214,-4.4704885,-9.269341,-7.3662825,
D25F,-8.870022,-8.252359,-3.2442052,-6.246544,-6.8271923,
T315A,0.41495562,1.086395,3.5015483,-0.47503573,2.9760506,
W289Y,1.7625844,2.9749484,4.011922,0.30512518,0.76761806,
G9S,4.653752,3.1087813,5.2173996,3.922781,4.059899,
E205G,-1.4175768,-2.6768956,0.71937907,-2.4951935,-1.1357284,
A238R,-3.8928676,-3.4311504,-1.7070352,-4.7559986,-2.6929798,
G142H,3.1055808,0.14505634,5.030267,1.7139629,2.9219637,
K248E,-11.829145,-11.862654,-11.8481865,-14.666202,-13.544622,
A179P,-5.152857,-6.9699564,-3.1133037,-6.050349,-5.364949,
Q155L,-0.95238745,0.09207937,1.3360133,-0.24721202,0.8161765,
V261D,-15.029296,-15.55876,-13.7909,-18.407923,-16.843353,
P132S,-1.3080852,-1.0243177,-0.87931085,-1.5956917,-1.5063157,
S31V,-2.991115,-2.0525565,0.25988787,-2.147893,-2.330183,
L167C,0.28091073,-1.5445186,2.339387,-1.080119,0.48527756,
L225H,-9.274092,-7.0122137,-7.175348,-10.906943,-7.9106336,
Y81D,-1.9445393,-2.8142354,3.5165539,-2.789775,0.05853185,
Y116L,-7.0628157,-4.9892015,-5.1489043,-8.428439,-7.368306,
V269A,1.6049714,3.0146883,5.4486895,-0.4745558,4.8298078,"V269C, V269C"
H8R,2.7382278,1.5422708,2.5336401,-1.0959797,2.4508495,
Q12M,-1.146929,-2.5900583,-0.7389884,-1.2019632,-0.8988149,
L32D,-3.4945304,-4.6587143,-2.836369,-5.902478,-4.2747545,
A22K,3.0066931,0.051358037,1.4587262,-1.1111443,2.4027004,
G88P,2.2797618,-0.32836056,5.3225727,-1.283574,2.0248406,
L56W,-0.8046365,-0.612769,2.1406498,-0.85842454,-0.46092117,
G158L,-8.6593895,-8.8802185,-6.6473703,-9.446096,-7.493,
T3H,-1.0293043,0.2895828,2.2864318,-1.0784513,-0.09169337,
N258E,-6.028695,-5.835102,-3.0560474,-6.674214,-7.292662,"N258S, N258S"
T215W,-4.4374857,-5.0969806,-1.9352713,-4.870362,-4.632321,
Y245W,-10.158764,-10.585999,-7.4881234,-10.645037,-8.570677,
H277V,-1.7770694,-1.5270135,0.3638597,-1.8567381,-0.9498118,
F118D,-11.881137,-10.821705,-9.6947365,-11.282453,-10.8663435,
Q272D,-2.0531085,-0.2851388,-1.6017661,-3.173775,-1.4605688,
H213N,-1.8332651,-2.0891478,1.7750521,-2.1596625,-1.0070422,
L266P,-14.673836,-14.542915,-10.882123,-15.374208,-15.976747,
D125V,-5.530962,-5.925352,-3.2054353,-5.984848,-5.135798,
Q186T,-1.5788479,-2.5122423,-0.6584369,-2.3931236,-0.3529158,
S210V,-2.7628374,-2.4074402,-0.17157571,-2.4745274,-2.6048515,
A286D,-10.608784,-11.469734,-9.069353,-12.258131,-12.239681,
Y146M,-4.3123407,-4.4438963,-0.96179783,-4.937722,-4.5726986,
L214Y,-0.29117584,-1.2165505,0.7237513,-2.1382961,-0.29669324,
D96S,0.039230138,-1.895993,1.3235135,-1.8359566,-0.05154866,
N258W,-4.2511816,-5.4090137,0.38716137,-4.7504826,-4.7380257,"N258S, N258S"
L266R,-10.877159,-11.4746685,-4.8384953,-10.418627,-7.5836673,
S103G,-1.5867615,-1.1736288,1.1656153,-1.9728884,-1.1117098,
S310W,-10.816503,-13.6803,-6.8026896,-11.911596,-13.645163,
P228Y,0.40274465,-0.45392278,2.6008291,-0.55600077,0.84229505,
G240N,1.0652535,-0.82008874,3.7708666,-1.5648475,0.288024,
L246N,-11.028732,-10.835546,-10.572214,-14.515374,-10.027931,
H98C,0.21628289,0.39849508,2.164513,-1.1377668,1.2868268,
L266N,-11.019678,-10.667316,-7.1036243,-12.945614,-9.70048,
A236C,-7.628044,-6.3051176,-4.9994545,-8.734112,-7.042673,
Q304E,-3.4468467,-2.8538027,-3.2020602,-4.776886,-3.4500046,
E284M,-6.6737604,-9.086472,-3.4282162,-4.669421,-5.3249626,
H171D,-4.4641123,-1.9464569,-2.5105584,-4.8267984,-4.934838,
H77P,2.2043877,1.9687403,2.6943932,-1.3963251,1.7420169,
L191H,-7.124261,-10.735434,-8.301104,-10.477823,-7.8797765,
A268Q,-0.024757192,0.6651005,2.1718626,-1.6548151,-1.6107479,
A138T,3.3815155,3.207476,3.6548433,2.9735208,4.7556114,
D166R,2.020139,-0.084275514,3.694613,-0.0081052035,2.8006706,
G158E,-7.318309,-8.0443735,-7.238302,-9.553142,-8.699167,
Y220G,-19.046087,-16.166878,-11.90175,-19.989662,-15.766943,
K144A,-9.040993,-5.5024357,-5.321042,-7.706362,-7.1441135,
E229V,-1.3708069,-3.129922,0.8947147,-1.1288975,-0.29127938,
L280Q,0.18008475,-1.0129268,3.5722613,-3.0680804,-1.9103366,
G121N,3.5902824,2.6859848,5.563326,3.4666975,4.5853353,
Q186Y,-5.0707726,-6.6157875,-5.7109027,-6.1031446,-5.5876303,
H270P,-11.291986,-11.244932,-7.316931,-13.578098,-11.424838,
V17R,-0.57877743,-1.073216,3.6445396,-2.224205,2.3702044,
G42I,-3.9487236,-5.2710505,-2.2346854,-5.631062,-5.721505,
A79Y,-3.5143147,-2.985706,-2.8838995,-4.140851,-2.695382,
E94G,-4.0949817,-5.0109744,-0.78089523,-6.005574,-3.1525104,
S175R,-1.2978717,-2.1136842,0.18036716,-3.3256137,-2.5822492,
S57F,-7.138618,-5.969782,-3.2301373,-6.127753,-6.742775,
I252F,-1.1762602,-0.9392053,-0.018449582,-2.887577,-1.4557076,"I252A, I252A, I252Q, I252Q, I252R, I252R"
I108K,-9.12384,-11.400656,-11.531166,-13.265188,-8.9949875,
L202G,-4.042042,-4.3937693,-2.0589476,-5.10785,-3.8759038,
Q45T,0.98114896,1.118167,1.4922335,-0.66397977,2.3342679,
F161M,-4.0393553,-3.5786018,-1.0616133,-4.7001123,-2.6690555,
D293E,0.68916976,0.48424688,5.058038,-0.5633384,-0.24364424,
C307E,-1.6102699,-1.3490069,-2.1776195,-3.2008936,-1.9198908,
E284V,-6.039108,-6.2074513,-2.7543807,-5.115877,-4.4844074,
G290C,-10.305931,-9.125347,-5.454088,-8.978493,-8.5916,
L141H,0.257517,-0.28491637,2.433413,0.31686282,1.7557454,
S67I,-0.84688145,-1.2124465,-0.082852386,-0.07713962,0.926483,
R60D,-2.2035303,-2.3146358,-0.63778615,-3.1449628,-1.7920955,
P13E,0.97714794,1.305238,3.4093575,0.033209875,0.96958864,
L257I,3.38663,2.6769767,3.1926274,4.1381426,4.0522842,
Q303Y,0.07493925,-0.6783429,-0.5257869,-0.6910551,2.190222,
L136A,0.01262483,-2.5115895,2.6702063,-1.9262291,1.6707109,
H8M,-0.7640819,-1.0813488,0.40402147,-0.8861363,-0.499583,
E218H,-1.233919,-2.0950074,2.2809153,-1.1471727,1.6851277,
T256L,-9.587564,-8.337351,-5.362175,-9.225618,-7.831301,
R271L,-6.8305197,-3.94286,-2.9160748,-6.0884156,-5.9342675,
E78K,-1.6871631,-4.6045084,-1.9776616,-3.6934218,-1.7447848,
F151W,-7.2086873,-8.53737,-4.0363083,-8.590895,-8.34984,
D198S,-2.441078,-3.3983831,-2.7228112,-3.7486794,-2.1491868,
S55G,-0.21299148,0.3779273,3.5811913,-1.211952,1.0328597,
A187H,-4.2081933,-3.5869374,-1.8533442,-3.4071069,-3.4612305,
G88V,2.0647044,0.5003272,4.4462857,0.002738595,2.6691217,
Q264T,-2.6757984,-4.4620647,-3.1600862,-3.4045916,-2.6618102,
E14K,1.1107655,-0.62898076,1.955746,0.5989455,2.4755082,
F80H,5.312023,3.2723951,6.933898,3.423942,5.6491985,"F80A, F80A, F80C, F80C, F80S, F80S"
D125Q,-4.688036,-5.5546045,-1.864927,-6.2359004,-5.0843754,
L30M,-1.3550667,-1.7788326,1.8140479,-2.252864,-1.5019636,
P50C,-2.7786522,-2.6984868,-0.12587532,-2.2994885,-0.99422324,
A178C,-2.111058,-2.4566035,-0.9443009,-2.5163496,-1.0620847,
Q296I,-4.041536,-3.4798942,-1.6193087,-3.3909502,-3.5202312,"Q296H, Q296H"
S48R,2.1144123,-0.02540183,3.0404038,-1.3901519,2.7557607,
E163I,-16.653584,-16.12023,-8.653777,-11.494665,-14.1187105,
A36G,0.9836379,0.38666004,1.926157,-1.2203406,1.39498,
G206P,4.1325436,5.2358904,5.851911,3.8771029,5.289173,
F40W,-3.79695,-3.8188677,-2.1672566,-4.494635,-4.500285,
P29R,-2.2905447,-1.4689958,0.50313795,-0.79452515,-1.4706016,
G206C,3.3555574,2.4374068,4.0741186,0.53387505,4.658172,
W47V,-0.04658419,0.79582196,1.3589783,-0.06199784,0.52554405,
S210D,-2.463513,-2.1248763,-1.1989757,-3.2588892,-2.8907406,
A20N,3.4324896,3.2836027,3.3630376,1.8814703,3.100154,
G240V,-11.094219,-10.674335,-4.9677706,-9.557469,-9.411303,
G106N,4.859028,3.8544424,4.9441204,3.870788,4.972707,
D41K,2.2459815,-0.73893625,2.7365565,0.12383759,2.730287,
H77F,-0.70814574,-1.2809489,-1.409476,-2.3282807,-1.0280745,
T122C,-1.8968416,-2.246601,-0.760252,-2.3355598,-2.1637096,
Y305N,-9.623684,-8.703374,-5.3948054,-10.862595,-8.679993,
R145I,-3.0877137,-1.0107465,-1.0478076,-2.727498,0.22297943,
I282T,-6.544349,-6.242091,-3.4001765,-9.311869,-7.319193,
L183C,-1.4299885,-3.3706274,0.7078264,-3.6509595,-1.915069,
W10G,-1.732239,-1.010569,-1.2153854,-3.5176854,-1.8650742,"W10L, W10L"
Y146F,-2.9775987,-1.2031685,1.1466737,-3.5661435,-2.9289515,
R60Y,-1.6862643,-0.9066944,-1.0540566,-2.2694473,-1.0122414,
L5I,2.8175378,2.5625625,3.6196012,0.49369645,4.170291,
Y220A,-7.052109,-6.5072527,-3.583178,-9.192179,-5.803263,
W260E,-12.041208,-10.097212,-8.298007,-15.423034,-9.505276,
Q16S,1.896507,1.7877276,2.3108792,0.766083,2.459894,
A35G,-0.91155416,-1.3310307,-0.5281284,-2.9908338,-1.2583256,
Q123T,1.5607567,0.26111448,2.8826554,0.078764245,3.7144485,"Q123D, Q123D"
S89M,-4.5987587,-5.0860157,-2.1107702,-4.3848863,-4.133441,
W19N,-7.660967,-7.4916363,-4.018196,-6.8905725,-8.006025,
Q16H,-1.7802408,-1.928585,0.711769,-1.456281,1.1318654,
H119E,-0.1276123,1.9002284,0.087819934,-0.5062782,0.48155382,
N208P,-3.4855554,-4.621968,-1.00773,-4.5610466,-3.9616895,
A135V,3.3167882,2.5463772,3.7960143,1.268631,4.1806903,"A135W, A135W"
L183K,-6.8153157,-13.296322,-8.841142,-12.215302,-9.552401,
L285V,0.23252383,-0.04078567,1.6375968,-2.0987241,1.2056557,
P176W,-3.4963794,-4.869974,-2.625838,-3.6078553,-3.8858547,
R265Y,-11.238045,-12.703506,-10.508554,-10.842743,-10.78396,
E163W,-13.706768,-15.450622,-7.3103456,-10.9502535,-13.235247,
T253W,-7.45467,-8.815847,-6.2068233,-7.100443,-7.158683,
S89C,-2.4102235,-2.3303795,0.68554986,-2.4379544,-1.5475528,
P132Q,-3.349857,-3.8790941,0.33317629,-4.302889,-3.3097892,
D173G,-3.004333,-2.732648,-0.35054353,-3.6779678,-2.0109224,
Q296L,-5.511014,-5.3490267,-2.2249627,-5.245981,-5.5610933,"Q296H, Q296H"
W260K,-3.7881002,-2.9771943,-0.55645645,-2.9668612,-1.5165306,
D166S,4.598516,1.7888541,5.535491,1.9166971,4.0264425,
C102L,-3.6595464,-3.1734252,-1.9582734,-4.52859,-2.8076468,
L56F,1.2189748,0.17799625,0.7176454,-0.59004563,2.7965531,
R180S,-3.2534928,-1.4892005,-0.25757578,-3.4810605,-3.1342492,
L193F,1.9805362,0.6626228,1.9018487,-0.55134076,2.4625764,
H247E,-6.3803205,-8.713073,-9.025696,-10.02699,-8.948664,
E4W,-1.0208688,-3.0139165,-1.2101259,-2.4260354,-2.1427321,
P11K,4.840561,2.4495935,4.27205,4.101803,3.194594,
E14R,-5.1752434,-4.5062156,-1.561603,-4.578458,-4.7423277,
L230Q,-15.818935,-13.872326,-10.241274,-16.13172,-13.290215,
H318L,0.7226535,1.583289,3.909959,-0.97610813,1.8930342,
F291Y,-1.0064608,-1.8101249,3.0267792,-2.4924407,-1.4993255,
T234P,-14.552766,-13.426983,-9.173304,-14.262333,-12.060512,
V162G,-2.9873555,-3.778782,-0.2912554,-4.385487,-2.6983917,
L5Q,-4.056784,-4.0972137,-0.18921363,-3.4834607,-4.1390204,
V109F,0.64206016,0.13430369,2.0554757,-0.54954565,0.20253593,
L157N,-2.5828195,-2.7950854,-0.38233498,-4.156889,-2.3931544,
A268I,-0.29399717,-0.31087416,-0.6576934,-0.1250277,1.5056982,
K248Y,-6.9199667,-7.444172,-5.137167,-8.394309,-7.6444426,
A292I,1.6170583,0.937219,2.6531658,2.394618,2.5183725,
R216G,-8.182058,-7.8362017,-5.3146152,-10.19125,-7.8987103,
W260G,-13.196806,-11.313927,-7.079282,-15.32075,-11.77252,
F172R,-6.4929986,-8.241068,-3.8956478,-7.6132298,-6.738814,
W47M,-1.4728615,-0.43682194,1.3808734,-0.9105005,-1.1248448,
H43M,-0.5856031,-0.38941526,2.1289577,0.18583706,0.5148348,
T211G,-1.4032454,-1.5126076,1.1889982,-2.1691222,-0.74724466,
Y220I,-2.683107,-1.3730047,1.5334994,-1.6218561,-0.40805608,
E4L,-1.0268466,-1.4294473,0.11073814,-1.5535023,-1.0899999,
S55H,0.37016386,-0.14936624,2.582067,-1.5378692,1.6633669,
G74V,1.8632095,1.4341468,3.2403438,2.1412406,2.7786264,
H87R,4.006464,3.2591386,5.0078545,2.7279232,4.020421,
L165S,-6.620891,-7.067296,-4.753721,-8.312027,-5.8400297,
Q63F,-1.6755971,-1.320781,-0.24325685,-1.5970781,-0.58163047,"Q63A, Q63A, Q63G, Q63G"
F172I,0.91188145,0.25464165,3.6862097,0.9536173,0.70629376,
R299C,-9.996555,-10.915156,-6.5031033,-10.491369,-13.579784,
E218Y,0.28011674,-0.65167224,0.62793446,-0.7992925,2.0784051,
T308Q,-9.646502,-7.72998,-5.418115,-9.776188,-8.603247,
D76M,-1.3264039,-2.336392,1.7850285,-0.67237985,0.44468653,
Y81E,-1.5512674,-2.0587547,1.763945,-3.003539,2.0961425,
A268C,-1.2733278,-1.1102254,-0.40161732,-0.9848223,-0.002723515,
L195R,-5.699208,-9.122455,-3.953448,-8.657726,-7.1789713,
L44T,-2.8398657,-3.3937325,-1.5060143,-4.721977,-2.2977328,
R154S,1.4990294,3.292706,2.8427052,0.09709065,2.3149986,
T7W,-5.940744,-8.665682,-7.5315638,-7.093516,-7.3203077,
G226A,3.2283247,3.0289454,5.253421,2.123232,3.4125638,
Y245K,-2.285286,-3.5260081,-1.178995,-5.2118454,-3.8907824,
H277P,-5.9690876,-5.570209,-4.0859666,-8.063103,-5.6560717,
L64R,-3.402517,-3.5500307,-2.6271849,-5.402441,-3.3452497,
F172M,-3.9825773,-5.3511267,-1.3290551,-4.059601,-4.6124835,
R244K,-4.3840027,-3.9596987,-3.4826798,-7.6970906,-4.3271427,
E218K,0.6379934,0.5915984,4.3727283,1.5180497,3.0488408,
H181L,-3.9536638,-1.6721349,0.15622418,-3.054881,-2.4137404,
A309N,-6.597075,-7.4803963,-2.584652,-5.8557415,-6.612341,
R216A,-4.451086,-6.0142593,-2.811035,-6.601021,-5.080387,
L136V,1.7768304,0.39810354,3.7301002,-0.51042163,3.3404434,
A286Y,-4.614505,-5.753957,-3.5917141,-5.910577,-4.798075,
H270G,-4.9417195,-4.499308,-1.5481956,-4.737798,-4.0764174,
Q12P,-0.21994492,-0.69466066,2.9851327,-1.5297811,1.743283,
R58Q,-2.6411302,-2.3272707,0.6805236,-3.122024,-3.7556229,
T122H,-0.2817463,-1.2263,2.7358902,-1.9383581,0.89777136,
R313G,-11.685215,-10.908047,-9.294247,-13.22667,-11.092879,
A189M,-0.82973766,-1.9227039,0.89713067,-1.4253259,0.47885776,
G9P,-0.7499883,-1.7435218,1.110456,-2.6688561,-1.5331845,
P11V,1.210825,0.16882542,0.75524515,-0.82722145,0.5056773,
L141S,0.86191297,1.1313711,2.1197193,-1.0885932,0.7740904,
E21W,-13.515829,-15.501376,-6.6336927,-11.079082,-13.241552,
F40K,-6.69047,-9.321417,-8.069761,-10.288338,-7.6482267,
G206A,4.215809,4.507939,5.7603416,3.5925446,5.3797684,
P2V,0.4403391,0.66888136,1.0087703,-0.8678292,2.5291185,
D41W,-3.6390996,-4.8550377,-1.7019544,-4.388434,-4.147896,
K70R,-2.2906277,-1.3070498,1.531409,-3.0279107,-2.8982694,
N224H,-3.7329268,-4.367216,-1.1016613,-3.5695007,-5.3165655,
R68V,-11.564892,-10.017537,-8.50251,-12.125088,-11.168041,
E199C,-4.4110994,-9.237745,-4.1945457,-5.6462064,-4.2407284,
W19E,-8.381231,-8.692532,-4.0325317,-8.830208,-10.423339,
G142N,3.7945151,2.469499,3.322044,2.2236447,3.3186193,
H77D,-0.37384668,-0.6729257,0.8497498,-1.3931885,-0.48729488,
Q264N,-1.3891053,-1.3960056,-2.2735393,-1.1713227,0.38466638,
E133T,1.4235436,-2.3064694,2.12937,-1.957702,0.09218407,
L165R,-9.901647,-13.860659,-6.8388653,-12.207043,-9.404939,
S101H,-0.2555844,-1.0925608,2.823121,-0.77262473,1.9200712,
Q264D,-11.335377,-10.376348,-10.123726,-14.540337,-11.591887,
F28G,-7.48158,-8.878381,-7.2151785,-11.364164,-7.9761086,
F250L,-1.3672799,-0.20018199,1.7905877,-2.134995,-0.42187583,
F118A,-6.303321,-8.12275,-6.427148,-7.8187556,-8.078151,
V85T,-3.2297268,-2.3565001,0.263605,-3.3193789,-1.9199991,
D152K,-5.668641,-7.97515,-5.5321803,-7.3825016,-5.2998567,
Q264V,-2.7131846,-3.8762827,-2.9666443,-3.1482224,-2.2457395,
R271D,-2.0430393,-2.0124273,-2.8299363,-4.198163,-2.3563313,
F297G,-13.393767,-13.138719,-8.852318,-16.087051,-13.810944,
H8V,3.04288,2.0837793,4.183412,0.14435154,2.0200691,
L192C,-1.0288463,-0.7974685,1.624155,-1.2419562,0.18290666,
C168H,-6.553029,-8.46018,-4.537629,-8.817621,-7.6245837,
L249A,-6.596707,-5.3021708,-3.233378,-8.517514,-6.3996778,
D152W,-8.441803,-10.717918,-5.261329,-10.096326,-9.238844,
R159M,-6.67738,-5.3938675,-3.6032863,-5.820369,-7.2153234,
A114E,-1.2555065,0.039936244,2.3592777,-1.8869939,-0.869468,
Q219H,0.35064816,-0.6776822,2.789257,-1.5294049,1.3985305,
G42E,-6.157834,-7.5025425,-5.745883,-9.224657,-6.017317,
C307G,-4.033736,-3.969009,-1.9085109,-6.126793,-3.848185,
C278E,-4.2479086,-4.4466786,-2.886729,-6.5831356,-4.900936,
W47S,-1.1049612,-1.1225041,0.66235554,-1.8888437,-1.5201404,
H279N,3.4094827,2.8634028,3.100442,2.26585,3.6297686,
S57N,-0.29682523,-1.9622784,0.87777245,-3.4488184,-2.2379842,
R145Q,0.7368922,1.0882882,3.4429526,-1.5081998,-0.11848202,
D166T,3.8177896,0.19016872,4.85919,1.5829175,3.0639937,
S62T,1.3446529,1.1529084,3.6834154,1.386212,3.192292,
T122K,4.598178,3.7734442,4.607857,3.3610532,5.419429,
E259W,-5.129653,-8.579838,-2.6309562,-8.407975,-5.6779094,
R302I,-8.108119,-8.8192625,-8.569903,-9.400722,-8.510956,
N258G,-2.9867904,-0.8489412,0.6777948,-2.055717,-1.6396772,"N258S, N258S"
L209N,0.85952413,-1.2964272,4.042078,-0.020715743,0.45029026,
H92E,0.37413365,2.4884458,1.4898947,-0.4368233,1.4445846,
D25A,-2.5865467,-2.5063791,1.9255822,-1.8699237,-0.87470406,
P11L,0.8388846,0.63417065,1.7371447,-0.5610799,0.49207428,
A169K,2.3210268,1.0535665,2.1931877,-0.22518261,2.9808407,
G142P,3.6097279,3.002685,5.149719,1.1186738,4.0797663,
T256D,-8.674882,-6.7239017,-8.496068,-10.592119,-8.999435,
P2A,0.7578311,0.66003454,3.0657544,-0.865711,1.3228817,
A189E,-2.730322,-1.5070137,-2.7719007,-3.548956,-3.2220025,
K70T,0.052148804,-1.0977913,4.0976553,-2.9140627,-2.6877432,
L157W,-7.3968267,-6.18551,-4.3616676,-6.2007036,-7.38185,
L5W,-2.307128,-2.6438656,-0.020338058,-2.177193,-2.0515463,
A178S,1.4914001,1.9652827,2.969698,1.6172891,2.4523191,
T190F,-1.4527932,-1.468715,-1.4480456,-2.021355,-0.96639484,
Q304A,-3.7140212,-3.3942828,-1.3520253,-3.5727217,-2.96569,
H318M,1.1463567,0.43165648,3.6695032,1.1759149,1.2092726,
L263G,-1.0137005,-0.51078993,0.77848345,-2.7185283,0.50673485,
S175H,-1.56649,-2.0319796,-0.02778989,-3.1385036,-2.4062376,
R154A,-2.7521455,-1.9007822,-0.14890206,-3.2760398,-1.6322408,
A189D,-3.5602791,-3.373956,-2.3538327,-5.52787,-4.2135367,
D166G,-0.50547516,-0.7992424,3.0399358,-2.0130455,1.6416568,
V269L,-3.9933772,-3.7094226,-2.4468174,-3.7278209,-3.9890966,"V269C, V269C"
A187G,-5.3564167,-5.489567,-1.5317736,-6.1529512,-6.152403,
F80D,9.144885,7.2759447,12.427318,4.6306324,8.5879135,"F80A, F80A, F80C, F80C, F80S, F80S"
G37N,5.064743,3.9794462,4.7068634,6.3971624,4.743566,
V17L,-1.7715757,1.6429193,4.146972,-0.23787522,0.85885406,
V85H,-3.8308372,-5.298276,-4.7172136,-5.5786524,-4.3323174,
I235T,-10.964703,-10.403342,-6.5200024,-13.41747,-10.265329,
S210I,-1.7612841,-2.5854645,-0.5461972,-1.3514044,-0.34604302,
T211H,1.1644804,0.044990957,2.65164,-1.2883916,2.1402175,
D96V,-3.5663154,-3.027917,-0.08847812,-3.1594477,-3.129892,
L241F,-1.7512863,-1.7677604,2.4258225,-2.760589,-2.6588256,
R18T,-1.8608072,-2.156757,-0.5590985,-2.4507804,-1.1228744,
T52W,-3.427494,-2.7892609,-1.3498384,-3.586913,-3.4163985,
C150P,-2.1356978,-2.9794858,-0.10469842,-3.9171486,-2.1185622,
S204Q,0.38361266,-0.57313335,3.7818027,-2.0460882,0.20954406,
Q272W,-3.083243,-6.5904346,-3.6656637,-4.410809,-5.1656313,
A194Q,-7.7435737,-7.7503133,-5.6980815,-8.908258,-7.646986,
F34P,-5.189228,-7.908256,-4.693123,-8.341569,-6.152746,
Y27P,-9.208498,-12.177953,-9.053555,-11.356309,-11.964669,
A295W,-3.462484,-3.8802433,-0.9754913,-4.5040255,-3.914586,
L54S,1.256774,1.1873771,4.718402,1.7454073,0.39848983,
G306L,-6.318066,-7.0600567,-2.210168,-5.356904,-5.2141104,
S31N,3.8319826,2.339711,5.1196895,2.3962398,4.503651,
A314I,0.20318711,-0.557284,-0.3466484,1.0856086,0.21888883,
S204D,0.12674168,1.4349669,2.0141127,-0.6183531,1.3493631,
S188T,2.0214686,0.7871967,3.7129755,-0.9869952,4.25175,
F291H,-13.822447,-12.872374,-10.010254,-16.17235,-14.205849,
D173M,-1.2801428,-2.2701988,0.039729513,-1.0771458,-0.01735434,
L136I,3.3783112,2.9420915,4.4703035,3.1487298,4.5233974,
L257P,-3.5465229,-3.0383124,-1.4374342,-6.180583,-4.092827,
L192E,-2.0011187,-0.6076999,0.4808208,-2.0296245,-2.374154,
G74Y,2.1917431,1.4182606,3.5623493,0.28411475,2.4581988,
L54R,-3.3181617,-4.000659,-1.5915602,-4.493346,-3.5424786,
K144L,-4.903519,-1.990152,-1.6626787,-4.2125225,-3.788643,
I282A,-8.893739,-7.6307416,-5.374244,-11.451144,-8.557915,
H92K,1.9956578,2.5537262,3.160533,2.3671212,4.005972,
C307I,1.7938564,2.026014,3.3630624,2.6758592,2.7105706,
H213K,-2.0832884,-2.0163758,2.154745,-3.5021691,-0.57836866,
T49S,1.7123262,2.143233,4.056794,-0.5176474,1.8106267,
Y220Q,-14.552693,-12.078253,-9.859701,-16.215612,-12.515207,
I160Q,-4.029602,-4.5789523,-3.2868638,-6.508853,-5.459543,"I160L, I160L"
S207R,1.9397963,-1.3619313,4.399309,-0.84102553,2.3527398,
F291T,-14.188066,-14.275859,-8.208882,-17.859798,-15.260213,
L249D,-17.10739,-18.642609,-15.81375,-22.974148,-19.995724,
S67E,-0.99594665,0.50928915,0.9360101,-1.4639236,-0.9135641,
R313H,-7.938142,-8.901693,-5.2291503,-8.308112,-7.8537064,
L82Q,-5.5625715,-5.671003,-6.069866,-7.3699374,-5.4610353,
W10Y,2.7423415,2.846319,3.0249596,1.6297393,3.1488416,"W10L, W10L"
Q272T,-2.2239485,-2.7178159,-0.84270483,-2.4813886,-1.257303,
T49K,1.1367893,0.44182855,-0.22717759,-1.3075185,0.80198544,
H92V,1.9967846,2.1750405,2.833304,0.77605975,2.473781,
Q303P,-12.035849,-12.672006,-8.54492,-15.244199,-12.526448,
A20W,-2.8864176,-2.7424984,-1.9520164,-3.494104,-3.20999,
A300K,2.980115,0.8901827,4.6802883,3.1357799,4.109714,
R18E,-1.1520565,-1.6729872,-0.559602,-1.7717956,-1.2596285,
Q233I,-0.68611383,-2.1197557,-0.8601624,-0.44864827,0.44631752,
E259K,4.468931,2.782631,6.267726,3.3231287,5.939406,
I160D,-9.55438,-7.9303064,-9.494905,-11.148785,-12.292772,"I160L, I160L"
Y81V,-3.063897,-3.3270826,-0.1579649,-3.5764067,-3.2300744,
D113Y,0.8577016,-0.87122285,2.4089007,-1.1045966,1.4381666,
E133H,-0.4317702,-2.6312323,-0.026203528,-2.3741379,-1.0482228,
Y255G,-13.3883705,-11.358181,-7.3862696,-13.871795,-10.472703,"Y255L, Y255L, Y255M, Y255M, Y255T, Y255T"
E14T,-3.8745089,-3.6965902,-1.6424121,-3.2512395,-2.6471384,
A20M,0.113318086,-0.34690642,3.2988071,0.78860736,3.1904602,
E199F,-3.961296,-6.0154266,-2.816821,-3.9153514,-4.1593223,
V85Q,-4.4298987,-4.825793,-4.4317746,-5.756275,-3.6103928,
A295F,-2.1103172,-3.3904603,-1.1329939,-3.448463,-0.7369551,
R58S,-1.0947763,-0.82271194,2.9085126,-2.0016394,-0.6855286,
Q294D,-10.023499,-9.4597845,-7.342374,-12.272459,-10.51025,
Q38I,-1.8677971,-2.3531485,-1.548455,-2.0281413,-0.7946719,
I160T,-0.84438103,-0.2478345,3.2118688,-3.4890254,-1.7201418,"I160L, I160L"
H119P,-6.9886312,-6.8206425,-7.332264,-9.802766,-7.139705,
E163V,-17.394981,-16.061918,-8.912904,-13.100077,-15.96134,
A314P,-4.0475483,-5.1994486,-0.7531687,-4.752297,-4.2078104,
L243G,-7.2530203,-6.37823,-5.2641373,-9.156029,-6.7831607,
L195F,-2.6652665,-1.9881929,-0.976069,-3.2547832,-1.5269725,
Y66N,-7.05189,-5.5537286,-4.579895,-7.7592554,-7.423364,
I160H,-2.904798,-3.9867482,-3.5125558,-6.105622,-3.5963676,"I160L, I160L"
D173K,0.008703947,-2.0753303,-0.22920105,-0.475979,0.023679025,
P53F,-0.6143844,-1.981421,-2.1005278,-3.9910665,-1.0103867,
E90N,2.7303019,0.91119003,3.6293535,1.6788688,4.854288,
T3P,-2.6306336,-1.5900189,0.0901929,-3.4786673,-3.0930057,
L56T,-1.0324244,-1.9667273,1.3687701,-2.35213,0.37441844,
E90Y,1.2317524,-0.09489551,1.9874674,-0.089489594,4.089747,
A79V,0.8793869,-1.0499527,1.4362569,-1.3424807,1.9371222,
E205T,1.2449983,-1.8278508,4.463744,1.0336831,2.962028,
L129Q,-8.464149,-9.452545,-6.8480625,-10.131357,-5.746229,
E259S,0.5699556,-2.219719,5.3981867,-0.4843151,0.3310305,
R15D,-5.270732,-9.09701,-7.0144567,-8.8185625,-7.025337,
H87F,-0.13566467,-0.49781302,0.06845866,-1.2079554,1.886308,
D227T,-4.0775185,-5.227145,0.45414132,-3.3717399,-2.5260532,
G37L,-1.8856549,-0.9763671,0.15080833,-1.8843066,-0.4571424,
D25I,-9.086905,-9.051076,-3.7659535,-6.567296,-7.5751786,
R299S,-7.9785676,-8.593574,-7.606058,-11.617616,-10.5888195,
S31M,-2.701694,-3.5084095,-0.8809653,-1.9479095,-2.4637184,
A189T,2.28251,2.0248072,2.0959783,0.75575995,2.601761,
Q196A,-1.7864428,-1.4668243,-0.828583,-2.3558273,-1.6994284,
D113W,-5.3239527,-5.67273,-2.8628888,-6.36044,-4.4226923,
T308F,-7.5838737,-7.354996,-4.6717863,-7.631117,-6.9096894,
P132L,-6.690572,-7.7171726,-5.365828,-7.7079954,-5.933386,
G206D,3.7009943,3.6871858,4.0966587,1.0708258,3.6895432,
P53W,-2.1796942,-1.1530601,-0.8438698,-2.8576698,-1.4478976,
N208Y,-2.473304,-2.9927394,-1.3663601,-4.4231133,-2.7832437,
T3W,-2.4935887,-3.8640363,-2.5572925,-3.39159,-3.0633445,
R288I,-1.8102705,-2.441402,-2.1250367,-2.7757099,-0.7417422,
D275E,-0.8653627,-0.14231724,4.240572,-1.7639673,-0.3668536,
A295E,-5.855694,-6.296597,-6.6700807,-9.455711,-8.697734,
E185V,-5.8448315,-8.594648,-2.6758347,-6.0367455,-4.9486,
L141V,1.4584899,1.9778659,3.33851,0.31549323,1.9621542,
V91T,-2.1007516,-3.1150222,-1.3487813,-3.2049994,-2.1607842,
P115R,-5.794302,-6.319189,-3.0526724,-5.413596,-5.849633,
F250H,-16.60334,-15.063062,-11.815657,-18.23284,-14.6181755,
Y305L,-8.721411,-7.7218447,-3.7401123,-9.131253,-6.7322903,
F291V,-8.512369,-7.255312,-4.35519,-10.564901,-9.431689,
S204F,-2.5912006,-1.2916163,-0.7615309,-1.7196221,-1.7555578,
E90I,-0.75750875,-2.9971123,-0.44852298,-0.7010085,2.4145753,
D113A,0.89363873,-1.363276,3.9369283,-1.8985374,3.298395,
T211K,2.241413,1.7109983,3.746895,-0.25634617,4.118352,
Q233N,3.175993,-0.2158254,1.191267,0.5566765,2.0474777,
P50T,2.2998226,0.8266057,3.1935039,0.54172486,3.0748816,
W127L,-0.13108334,0.39715976,0.5520037,-1.3507502,0.3162424,
T253A,-1.4324973,0.2784412,2.6243958,-0.7902471,0.44630352,
E185C,-5.3550887,-11.223919,-4.6940265,-6.893009,-6.7387013,
L165G,-9.960043,-10.86792,-7.4731336,-11.9489155,-8.929447,
Q63I,-1.8759043,-1.3932776,-0.7106533,-1.4474285,-0.99014604,"Q63A, Q63A, Q63G, Q63G"
P115M,-7.672031,-7.7959213,-3.5889416,-6.7673206,-7.3607163,
N224V,-10.398954,-10.6182785,-6.0010815,-9.11201,-8.589561,
L246C,-6.791448,-5.1508512,-4.9614673,-9.816577,-5.389472,
G42N,-3.8421524,-5.557471,-3.1217542,-6.4230256,-4.812428,
L192F,-1.2915525,-1.602069,-0.13432866,-2.6035652,-0.18367091,
I235H,-21.640806,-21.017365,-17.537903,-25.75867,-20.939152,
L56N,-1.6177642,-1.5676541,-2.15229,-4.556029,-2.9686136,
A268D,-3.1779685,-2.785736,-3.1197672,-5.1897583,-3.7750785,
I282F,-4.4830837,-4.001338,-1.7525971,-5.028969,-4.432099,
H119I,-2.5379794,-0.95062345,-1.5661688,-1.6302223,0.40886378,
V261C,-4.751602,-5.367459,-2.2770207,-5.053844,-3.070723,
R170F,-6.535882,-5.461166,-4.7820525,-6.1668606,-5.795451,
F40Y,-0.23601653,-0.91668195,1.7633166,-2.7639413,0.29704916,
A178T,1.7114935,1.2955894,2.8064966,-0.309011,1.5985787,
F250S,-9.041644,-9.451988,-6.662756,-10.889597,-8.816998,
T298A,-3.6109881,-3.2620258,1.1403329,-4.0527005,-2.73586,
E218V,-2.554105,-3.054257,-1.7508111,-1.5042634,-0.9663563,
Q196H,-1.7023144,-2.379274,1.3219175,-2.1650405,-1.1291057,
N139Q,-1.2635541,-0.6459555,2.5209057,-1.6022339,-0.8786614,"N139A, N139A, N139R, N139R"
D166C,0.41215208,-1.0272537,2.408288,-1.382968,0.5229195,
Q233A,-0.7665991,-1.2909291,3.5343823,-0.08821497,1.84167,
Q99W,-3.3081818,-4.938999,-2.6264896,-3.9030702,-4.199816,
N208K,0.9604573,-1.124897,3.2798471,0.108831406,3.4079008,
W260S,-8.203773,-6.4334345,-4.3406286,-8.696356,-7.1292453,
A281H,-0.5244786,-1.9772813,2.3901002,-1.6430986,0.58953357,
R58H,-1.1000366,0.72432107,1.8637843,-1.0501496,0.55966866,
G74F,-0.8803106,-1.1522851,0.42515212,-0.68514466,1.1606644,
H143D,2.1223009,2.3903878,4.2084265,0.24710138,1.6569207,
G240E,-5.563102,-4.66523,-4.410862,-6.1701813,-6.2695546,
F250V,-8.124957,-5.8465347,-3.6568766,-8.452109,-6.144108,
G156E,-2.8649187,-2.5632076,-1.42415,-4.352841,-2.2252748,
H98E,-0.11812719,1.457467,1.0266488,-0.4608498,-0.2459634,
T315D,-0.72489464,-1.0862876,1.0706676,-2.205814,-1.0826985,
E311N,2.0642567,-2.1935527,2.6802711,1.0206623,3.1863475,
L182Y,1.5841175,0.22074778,2.4818835,-0.8231873,0.778969,
S101Q,-0.1452147,0.74436927,3.8303695,-0.50293976,1.3033295,
R180W,-6.082213,-8.180795,-4.072737,-5.991967,-5.9572773,
E21N,1.95896,0.98979366,3.1575918,1.7175295,3.4017653,
H77S,2.5297012,1.9026935,2.8050284,-0.53648883,3.1894395,
Q75T,1.5827568,-0.2795534,1.6466441,-0.46143162,3.4031858,
F151M,-5.646912,-5.70749,-3.0100555,-7.2383676,-5.8938622,
L165W,-6.1888075,-8.22692,-4.063551,-6.007036,-7.1356397,
A138P,-0.44673073,-0.9203206,3.1375725,-3.2772026,-0.45732257,
L246M,-3.0149267,-2.937469,0.2401865,-3.4907405,-2.2947063,
C102G,-3.3084671,-2.231091,0.2015571,-3.8892803,-3.2537978,
E110P,-7.1251917,-6.7645493,-7.9188027,-7.3521013,-6.480262,
E229G,-2.2984247,-4.392109,-0.5574227,-1.6888622,-2.1424937,
S210F,-2.438092,-3.6084108,-1.839823,-4.0991955,-2.4531322,
V109E,-11.176349,-11.804436,-10.322731,-13.5835,-11.612868,
A300W,-6.7073584,-10.0547495,-4.7300186,-8.0987625,-7.720435,
E229S,-0.04186383,-0.5875,2.9754133,-0.06514062,2.6994178,
S62L,-5.4433594,-4.961976,-1.232732,-4.4002585,-5.344895,
R134M,-1.8370423,-1.685653,0.27628708,-2.4952564,-1.451298,
L32T,-0.07017815,-0.9947648,2.5067227,-2.1577597,1.2131938,
N124C,-4.4577107,-4.688285,-2.9911475,-5.6764593,-4.361753,
P86K,-2.4940763,-2.243287,-0.66765875,-2.3555503,0.27141634,
Q272K,-0.23891483,-1.9973419,-0.94471866,-0.59169,0.78876597,
G112D,-2.9287257,-1.5403059,-0.122122705,-3.5906997,-2.9135072,
E185R,-0.055445597,-1.1380508,0.81932324,-0.07396141,1.3277042,
L192T,1.1511157,2.8214226,3.6655,-0.36279893,1.823375,
Y220K,-7.694009,-9.005846,-4.0417633,-8.134262,-6.6208453,
S31P,-1.7325771,-2.2476523,2.7176678,-3.767301,-2.042307,
P29G,-4.8794165,-3.775251,-1.5483873,-3.9476373,-5.0723333,
S55N,3.2799044,1.163501,3.9445386,0.38703555,3.8135743,
E311I,-3.8242483,-6.0018487,-0.7427114,-2.0189013,-0.45579255,
Q264Y,0.0035495684,-0.5426865,-0.920422,-1.2840228,0.77188104,
L182F,2.2640522,0.45160615,2.1073027,-0.49689105,1.5736103,
A22M,-0.38129753,-1.6397206,2.3792012,-0.86369777,1.8512871,
Y255F,-6.220599,-3.9249673,-0.50346124,-5.1187725,-4.8574047,"Y255L, Y255L, Y255M, Y255M, Y255T, Y255T"
P276L,-4.6830406,-4.810851,-1.1756784,-2.7039738,-1.573953,
E4V,0.10004897,-0.4864065,2.0470307,-0.7425598,2.3882294,
E163A,-7.8710647,-7.012478,-2.729545,-4.8735433,-5.4715815,
V162P,-6.880254,-8.677717,-6.4068127,-8.808274,-6.8223424,
L184F,0.09911668,1.335032,-0.13772094,-0.49145517,1.0470444,
F80I,8.087931,7.949829,7.3426576,6.794153,7.5967264,"F80A, F80A, F80C, F80C, F80S, F80S"
I282R,-10.39925,-10.493844,-5.5682087,-11.806299,-9.218259,
S48Y,-1.6685809,-2.2124484,-0.52526826,-2.732263,-1.4580889,
R145T,-2.3234885,-0.19455704,-0.04598421,-3.0759468,0.2967612,
H72R,1.8447988,0.024935389,3.325602,0.25699726,2.867668,
A268V,-0.6403856,-0.5265329,1.7680709,-1.3083673,0.33108103,
A179D,-4.0442905,-4.290576,-3.0000167,-4.707614,-3.3579702,
H279W,-6.879761,-6.1970925,-3.4423733,-6.219404,-5.484357,
H149S,0.5663925,0.29884344,3.3211894,-0.085729316,-1.18773,
Y245S,-5.05618,-4.937951,-3.5703752,-6.1473026,-6.9780717,
G290K,-6.453622,-6.841592,-2.9171355,-6.0694113,-4.7585974,
F93S,-5.2164145,-4.7346926,-3.894381,-6.320629,-2.7414627,
E33L,-7.108069,-9.268101,-3.2411678,-5.427807,-6.198098,
I108G,-7.5051937,-7.3106537,-6.9417577,-10.486544,-8.136503,
G142C,1.0297391,0.3606102,2.9179752,0.013624497,1.5970867,
H213V,-5.573175,-5.356268,-3.2294135,-4.9953203,-3.4648547,
H277F,-1.7841687,-1.7991846,-1.5808873,-1.5768868,0.31226176,
S55A,-0.1588372,0.7042604,4.0234756,-0.0021108538,1.8809965,
V109W,-4.9972973,-6.7422633,-4.0028477,-6.238636,-5.183062,
A194F,-4.7695546,-6.7942376,-4.0024047,-6.347827,-5.7166977,
G112V,-0.72272736,0.674663,0.74696565,-0.8070929,0.29062486,
R154I,-2.3938344,-3.229197,-1.7017627,-2.3831944,-0.6409037,
Y116T,-8.18443,-5.345476,-5.061592,-9.962769,-8.160257,
S101L,-4.5310745,-3.476199,-1.6337017,-4.098501,-3.8207595,
T84G,-5.268371,-4.9962826,-2.74575,-6.2575426,-4.171461,
P176E,-0.9588826,1.1227579,-0.49647918,-0.7746935,-1.2118363,
I23S,-6.8242216,-6.093691,-3.3809433,-7.3706684,-8.183218,
F40C,-4.331014,-4.917542,-2.5415864,-5.0658145,-3.6771479,
D152E,-3.0651922,-1.7180692,0.64951247,-4.0083327,-3.71173,
Y305I,-5.8024845,-6.49749,-2.933229,-6.7802105,-4.7565775,
H87G,-1.1941712,-0.7696098,3.2680893,-2.7737057,-0.5207702,
Y255L,-12.97938,-11.879284,-8.242331,-12.717957,-11.749386,"Y255L, Y255L, Y255M, Y255M, Y255T, Y255T"
G203H,2.486712,1.0234313,4.528343,1.4554259,3.6724205,
Q223I,-4.887173,-3.5611095,-2.8525476,-3.9719083,-3.815154,
G240S,-2.1917655,-3.0442364,1.199516,-3.200386,-2.0303724,
G158Q,-6.250577,-7.4263296,-6.604459,-7.3035636,-7.2791376,
S242P,-5.9464293,-6.524263,-3.5530066,-8.070048,-6.746726,
W127A,-0.3412249,-1.0010462,-0.36139858,-2.495449,1.4591533,
R154Y,-0.9303725,-1.524857,0.3282422,-2.0085425,-0.5795127,
S89P,-3.2669804,-3.9572663,0.5175948,-4.7983694,-3.7558422,
G237S,2.7392595,3.361733,3.455461,5.10729,2.313037,
P53R,2.5910854,1.1838686,3.6871166,0.59159803,0.97331804,
S89G,0.57125556,0.36341816,3.5345283,-1.400131,1.3488405,
A281R,0.5194882,0.24774581,3.8227842,0.724023,3.5438216,
R18I,-3.0584307,-2.2186666,-1.9215188,-3.099593,-2.0924366,
W127E,-2.7629416,-1.8565066,-2.5868144,-4.4257464,-1.5087854,
G226M,-1.0884368,-1.8794577,2.390549,-1.079198,0.7239629,
H72M,-0.11617537,-0.706017,1.2338108,-0.59578365,-0.0066979155,
D227M,-5.4064856,-6.9257784,-2.182763,-2.8987117,-2.9935288,
D25T,-1.2529211,-1.6585848,1.8434734,-0.037544698,0.3839726,
A22I,1.6418996,0.2732418,2.2595525,1.6980011,3.7307234,
R302V,-9.492308,-8.878114,-9.164852,-11.238873,-11.2940235,
E90R,-1.7573882,-3.7954242,1.084585,-1.7679114,0.1410611,
C150N,-1.430644,-0.58863044,0.9202466,-1.9264781,0.7870092,
Y66C,-7.85088,-8.671015,-5.769267,-10.706945,-8.079052,
Y66K,-10.780801,-10.720236,-7.2433796,-12.701516,-9.764385,
K130H,-6.6665697,-5.974656,-5.140892,-7.805775,-6.820367,
Q12L,-0.37479228,-0.13025199,1.3621387,-1.3094577,0.4458568,
A236K,-10.224002,-10.665932,-6.5388412,-11.422553,-8.379433,
L141W,-1.9959936,-2.7460194,-0.3736263,-2.720952,-2.317304,
A135P,-1.8809099,-3.5801387,3.6419163,-3.6517334,-2.7302332,"A135W, A135W"
P29H,-2.074707,-2.308466,1.925069,-0.07198846,0.6517347,
P2E,-1.4005334,-1.0221127,-0.5963012,-1.6663787,-0.06352743,
G37C,0.9308959,-0.94179124,0.6625522,-1.6909797,-0.05429791,
R148G,0.12787592,2.670608,1.7062263,-0.74692416,1.7944515,"R148A, R148A"
H181V,-4.6946645,-3.24012,-2.0738196,-3.866437,-2.9520745,
Q75G,-1.4318304,-0.9891649,0.6507658,-1.3148882,-0.51473284,
G106F,-2.610396,-2.3899593,-1.6506497,-2.7408721,-1.905262,
L183S,-5.2728953,-8.970341,-5.800599,-8.083427,-6.1619225,
T211M,-2.091642,-1.8666565,0.5432073,-1.2861898,-0.36595982,
A153F,0.7470994,-1.1766152,-1.3682697,-2.0887647,-2.159543,
I160P,-2.3702717,-2.7660322,-1.7709216,-5.632592,-3.4995809,"I160L, I160L"
V261P,-11.575699,-12.613792,-8.080767,-11.282268,-12.486341,
E163Q,0.00654646,-1.7594523,3.040823,-1.3258514,0.05182284,
I235Q,-26.640934,-25.51199,-20.923788,-28.482801,-24.942608,
L82P,-8.67646,-8.416885,-8.655592,-10.64691,-7.740861,
R18V,-2.9897244,-2.775731,-2.1421084,-4.086032,-2.7672102,
N258M,-0.029450469,0.25804955,0.54164994,-0.07690342,1.7541015,"N258S, N258S"
H171F,-0.9740113,-0.8557631,-0.759257,-1.5175763,-0.434721,
R60E,-2.196329,-2.0827606,-0.7822585,-2.6089854,-2.002634,
T52Y,3.1769903,3.0231924,4.009284,1.2746189,4.7993045,
T253F,-2.6186738,-2.9653368,-2.3883057,-3.1481104,-2.181631,
S103H,0.94574386,-1.2088287,3.794355,-0.72090685,0.98734087,
L165E,-13.082811,-13.473153,-9.939863,-15.258763,-14.325827,
G156F,-4.5958877,-3.8767695,-3.3947792,-3.9351988,-2.675314,
L225G,-15.919812,-13.301794,-9.383671,-15.149796,-12.599959,
F301K,-17.45586,-18.552399,-11.537188,-17.818832,-15.276699,
P53E,1.85712,2.8643665,2.8791237,1.0620236,-0.0971874,
G240L,-10.688465,-10.640432,-4.8012238,-9.966035,-8.825985,
V83H,-7.425032,-10.036684,-10.355492,-8.366347,-6.2800217,
A194M,-2.2011156,-3.4127228,0.593819,-1.9746275,-2.0906172,
H98F,-4.1816206,-2.000761,-1.1651816,-3.5718145,-2.6477427,
G283A,-0.15468413,-0.54655874,3.3456578,-2.8321698,0.10464352,
I73K,-4.827398,-6.265249,-3.8841689,-7.420608,-4.788233,
G42Q,-6.3611994,-6.759554,-6.0490875,-9.248321,-7.878557,
G142E,1.2466564,2.8002634,2.8462746,-0.64914227,-0.00041639805,
Y146S,-5.240581,-3.1712828,-1.9105313,-5.668337,-4.1914964,
C150S,-1.636575,-0.8598953,0.06828417,-2.5166063,-0.51549083,
A295L,-1.5104364,-1.9558113,-0.11158574,-2.56701,-0.5322354,
F107A,-5.9683027,-4.3381224,-3.7343602,-6.339732,-5.1360354,
P254N,4.1623664,1.8310959,2.322053,2.2317133,2.6739476,
V312H,-5.545541,-6.1960535,-4.500181,-5.4461975,-4.465407,
Q186G,-5.465887,-5.4806376,-2.9260564,-5.4547915,-5.356539,
C102M,-2.7217383,-3.3083224,-2.6437383,-5.1211405,-4.437828,
R262N,-10.210402,-10.42318,-10.629963,-14.29706,-11.301739,
C307A,-2.4962482,-2.3752842,-0.20809072,-4.0463104,-1.6393111,
N139W,-3.5521204,-5.6961737,-2.9111729,-5.203054,-5.2114916,"N139A, N139A, N139R, N139R"
F28H,-5.3133383,-6.4259615,-3.5932362,-6.5526943,-5.4850497,
H277I,1.0573373,-0.99632347,-0.3815091,0.47109634,1.6253632,
S204H,-0.81829697,-0.36930805,2.8227372,-0.642988,1.8372159,
D25M,-5.64334,-6.999362,-1.9365609,-4.090784,-5.224928,
F161Y,-3.6423388,-3.7023523,-1.5978401,-4.209322,-3.7620282,
L129T,-4.404215,-5.3284755,-1.1025847,-5.1896024,-2.2533808,
T253M,-2.9939272,-2.9651272,-0.8332768,-1.7132099,-1.2770355,
V269E,-13.449181,-11.659427,-9.253829,-12.311197,-14.695625,"V269C, V269C"
G142T,4.761425,3.1103091,4.5217905,2.927263,3.6091585,
A71S,3.7317061,3.0144963,3.8574948,1.772223,4.1428804,
E78R,-4.0292363,-5.7838573,-2.4978633,-4.279702,-4.2749796,
H92N,3.380916,3.243979,4.061113,1.3743205,3.3817403,
A300P,-9.501663,-10.17836,-5.69863,-12.287498,-9.781642,
T215K,2.5817323,1.7731141,4.6296673,0.4982652,4.3714967,
E4Q,-0.48884588,-1.1251976,2.498582,-1.412323,-0.07003611,
G9F,2.3256702,-0.50618505,2.0237653,-0.028377298,1.2445347,
Q95T,-3.7773504,-4.776222,-2.4468548,-4.147995,-3.4516342,
E133W,-5.603069,-8.446811,-3.871636,-7.252159,-7.067054,
D198A,-5.854494,-8.821465,-7.2124033,-8.554045,-5.336445,
G106Q,5.7791185,4.770368,6.5540814,5.7910595,5.9955053,
Q219Y,-1.3910258,-1.9734588,-0.9183084,-2.0225983,0.5133498,
A187S,-1.5314493,-0.8928423,0.80372405,-1.0582359,-2.1448221,
A251F,-4.1341696,-4.9946833,-2.4738727,-4.832314,-4.806699,
K137L,-3.2808104,-0.7295728,-0.21703887,-2.8843784,-2.0630684,
H279V,-3.2765944,-3.9380333,-1.7320334,-2.4441926,-1.8434073,
L131I,-0.19647747,1.3284317,1.618181,0.05570755,2.8595471,
G290L,-14.484949,-13.605121,-8.9537735,-12.128902,-11.555353,
R134K,2.0647764,0.16775584,3.7117,1.1550376,2.1414423,
A292W,-8.28927,-8.64227,-4.9542704,-10.070475,-9.995314,
L214I,1.832967,0.46219367,2.125063,2.4014173,3.0751448,
L32M,-1.5572805,-2.110092,1.9753604,-2.2660449,-0.5970049,
P11I,1.9872202,1.1823652,0.8481374,2.0905933,1.1520115,
R68M,-10.191767,-10.152222,-7.2344704,-11.019372,-10.866124,
L285Y,1.8828155,-0.10355744,2.7079966,-1.7201036,2.4175186,
N224E,-8.021587,-8.122054,-5.8691053,-8.956548,-8.295654,
E199W,-5.5581236,-10.095774,-4.39843,-6.741357,-7.0375385,
V91Y,-1.4889424,-2.4848292,-1.1133819,-2.016767,-2.4719944,
G240F,-9.022293,-9.696855,-3.8170455,-7.837022,-7.797347,
V269K,-9.262222,-13.431027,-9.461893,-10.909115,-12.48914,"V269C, V269C"
R15A,-3.063004,-3.9639394,-2.8227844,-5.90048,-4.0614862,
Y81A,-0.4302376,-0.0042828023,5.9697237,-1.5570154,0.23814137,
L273M,-3.8002822,-3.8928459,-0.39050502,-3.6853008,-3.473081,
L165F,1.2846931,0.7681185,1.7739062,-0.103564665,1.8777342,
S101Y,0.3742176,-1.4901867,0.89665306,-1.5911185,-0.31802824,
A189W,-5.3870344,-6.115611,-4.237063,-6.0056324,-6.13532,
I100V,-2.1609273,-1.7658165,-1.6965771,-4.6353283,-3.7451425,
L192V,-0.69545263,1.2179751,1.7717527,-1.438618,-0.82284296,
Q164F,-3.2401004,-3.1952596,-2.7864447,-3.6389565,-2.1371984,
Y305Q,-16.899616,-15.171774,-9.832838,-18.591541,-14.762554,
C307V,0.23343587,2.3174455,2.8128824,-0.23286977,1.8159525,
K70H,-3.704646,-3.5956304,-0.7842866,-3.9186935,-5.264024,
R244D,-15.625797,-19.936327,-18.869434,-21.379581,-23.31724,
L212M,-0.8054156,-0.78892756,2.5585942,-1.3473951,0.007573396,
H318K,3.7746096,2.9201045,4.0684004,3.395965,2.5743542,
L131S,-5.1703863,-6.2382026,-5.181466,-8.729122,-5.5753937,
L202I,3.731902,3.0096855,3.2010674,3.9883296,3.2586746,
E267R,1.3016038,-1.1375775,3.4696128,1.2153664,4.1326747,
S207W,-6.475978,-7.472616,-3.9278703,-6.914054,-6.7709384,
G9C,3.1598825,-1.0659916,4.852444,-0.8508702,1.2500226,
W260T,-6.99196,-6.986238,-3.7528477,-9.544973,-6.8749166,
F34K,-4.939752,-7.134015,-2.315413,-5.666279,-4.3687277,
R148S,-2.126141,1.2301631,-0.43672982,-1.8778632,1.6483166,"R148A, R148A"
P104F,-2.918767,-2.0327687,-1.4889624,-1.8601162,-1.7533073,
C102E,-3.8932781,-3.543725,-3.4951017,-5.0653667,-4.865219,
E21S,-4.9583917,-3.8733413,-0.44618356,-2.6021044,-3.3487535,
V85E,-7.7461596,-8.4969015,-9.272223,-10.699387,-6.9511366,
C168D,-13.760087,-13.619262,-10.75177,-15.5278,-15.1449795,
Q95M,-5.2413898,-6.563527,-3.664014,-6.3657284,-6.346022,
G158H,-6.8851438,-9.892714,-6.936614,-9.119724,-7.2294035,
P177F,0.54127514,-0.65964746,0.19384217,-0.7966279,0.91481364,
F250D,-13.222335,-15.003706,-13.25187,-16.92839,-14.853042,
E259L,-6.3355427,-9.227751,-0.9985617,-6.3915005,-5.2392645,
P132V,-7.4720745,-8.212342,-5.076337,-8.026167,-5.4309196,
L202E,-3.5717404,-3.702836,-3.0862548,-4.283349,-3.5626612,
H171A,-2.6080918,-2.580927,-0.6348287,-2.9665596,-2.0107303,
P2I,1.1001215,1.509558,1.1478605,-0.40261805,3.5358257,
N224W,-9.210188,-12.989236,-6.314395,-9.928069,-10.69863,
S69I,-1.0853086,-1.255636,0.248171,-1.1127357,0.92880565,
L212D,-2.3062077,-2.8935254,-3.7210345,-4.450886,-3.8327456,
S207D,-1.7145078,-1.0500993,1.9063896,-2.6304097,-1.7199593,
H98N,2.4555116,2.2153566,3.2584572,0.63037646,3.0769186,
E21A,-7.705955,-6.761302,-2.1327925,-4.4998207,-5.9597173,
L192M,1.1935807,0.26167843,4.1809916,0.38231847,2.5857606,
L263E,-1.9588926,-0.6907175,-1.3395636,-2.435646,-1.1371347,
T317H,0.56071794,-1.4451728,3.408817,-2.7307649,0.870314,
Q164W,-5.6225033,-7.3067937,-3.1722322,-6.381996,-5.3695064,
L183F,0.23606052,0.035359874,0.12382953,-1.0976611,1.7176585,
A187K,-6.0284815,-13.4644165,-9.6147375,-12.2509,-9.047497,
A36S,2.8297064,2.539778,4.130871,2.798346,3.3985844,
R244V,-14.289179,-14.697487,-11.758961,-16.81777,-15.887765,
R313Y,-6.2216644,-8.04874,-6.3385954,-8.162924,-7.0302286,
S310I,-6.1111703,-5.597228,-2.8944902,-4.0693045,-5.538991,
G306T,-5.293727,-8.096146,-2.1140244,-6.0943413,-5.782234,
E163T,-5.1091366,-6.3520293,-2.4700935,-3.5937119,-3.7707896,
R244S,-5.7500443,-7.1827097,-5.4998693,-9.353068,-8.314023,
L280I,1.3671978,1.1510739,0.21998261,1.0452332,2.9437952,
I235S,-18.964687,-18.278025,-14.460623,-21.685413,-17.959354,
K130S,-7.426601,-6.094064,-6.3870583,-7.925896,-7.1712546,
L44N,-3.6739395,-5.0654144,-3.147521,-5.868034,-2.5588036,
E267D,0.74954593,0.2723112,2.1523712,-1.2031099,1.399992,
L140C,-1.62181,-3.0993714,2.2216384,-2.267243,-0.12350251,
G112C,0.011875719,0.14527056,1.8444316,-0.6637585,0.22190225,
Q155V,-1.4131824,-0.6791177,-0.30886567,-1.5543818,-0.30934897,
R148N,1.6556824,1.7717353,2.4059715,-0.7192701,2.7497826,"R148A, R148A"
D275T,-2.336174,-3.844019,4.1236906,-2.3169794,-0.5084918,
H270F,-0.92797434,-1.0356522,-1.1258883,-1.7771417,-0.67010045,
H247F,-4.831599,-5.024034,-2.824387,-6.475008,-5.4809294,
Q222Y,-1.6549208,-0.6835475,-1.2439461,-1.6330013,1.575982,
L129P,-9.473726,-11.672306,-9.98035,-14.069251,-10.913876,
F93N,-7.615679,-7.822312,-6.3191714,-8.990585,-5.2885246,
Q222I,-1.4784513,-1.0861598,-1.0117443,-1.2862443,0.64806587,
Q197I,-1.392378,-0.63460314,-0.9912598,-1.096626,-0.24032842,
V162M,-1.2133603,-1.9678037,2.1250682,-1.4731877,-0.42326862,
C307P,-7.0107675,-7.7234735,-4.3857293,-10.410604,-7.4871626,
N258P,-3.5470974,-1.9996529,-0.8718529,-4.058927,-4.0183263,"N258S, N258S"
R170T,-3.6892257,-2.1559968,-3.1212077,-4.4240746,-2.8742056,
M1L,-7.041933,-3.256968,-6.119058,-4.55787,-3.0291438,
N139R,3.0403013,2.0815215,4.522331,1.250578,4.8578515,"N139A, N139A, N139R, N139R"
Q296V,-3.1392863,-2.4423423,-0.47284958,-2.7535224,-2.664819,"Q296H, Q296H"
H279L,-5.2414074,-5.2158275,-1.6908282,-3.9508727,-2.1853194,
T234R,-1.3430574,-2.4013062,2.2760215,-2.0668697,-0.7104225,
P176D,-0.64972454,-0.52625716,-1.0074446,-1.9647496,-1.1362793,
A194Y,-5.093617,-6.181922,-4.3880296,-5.733006,-5.5166492,
C278R,-1.3611956,-1.4747052,1.0150747,-1.0118669,0.8956853,
L30F,-3.2024508,-2.3925955,-2.243124,-4.2310987,-3.579723,
A138N,4.125347,2.4866104,5.4065857,2.7418928,5.1088285,
A194N,-3.169807,-3.4116693,-0.0050570965,-4.937708,-2.8979487,
S6Y,-0.055831686,-1.3161952,0.6672866,-2.882816,-1.3426508,
L225I,3.6604779,2.221848,3.930674,3.7962055,4.5536766,
R274P,-13.180114,-12.863026,-8.70762,-14.574755,-13.794813,
C168M,-0.9495474,0.035706848,0.8496578,-1.2058063,0.49097532,
L192Y,-1.051543,-1.4564323,0.64685243,-2.8705957,-0.90252084,
A36V,0.37130782,-0.10120909,0.3717494,-1.1745639,0.54809004,
L209I,1.6292491,1.1441888,2.636169,1.8302469,3.9920626,
T211C,-2.8592377,-3.7509232,-1.3439268,-2.7544515,-1.7802769,
E110Q,-3.52214,-2.6189213,-1.5462108,-2.697425,-1.0507425,
Q99R,-0.6055802,-1.0798317,0.7283584,-0.40899444,0.15262151,
G65W,-0.50805557,-1.7646666,0.65650475,-0.5283275,-0.35816866,
W289Q,-7.1121707,-5.7963247,-2.5646935,-8.959102,-7.224042,
A138D,1.229534,2.053304,3.0895686,-0.5832981,2.361416,
N208D,-2.4201782,-2.1579196,-0.80240095,-3.6427617,-3.9173424,
H98M,-3.8806105,-2.7386377,-0.91700435,-3.0046122,-2.329935,
G158W,-11.684695,-14.925226,-9.169662,-10.504788,-10.584636,
R111D,-7.3152447,-5.7855425,-6.180297,-8.830416,-7.485304,
H87P,-1.958858,-0.6072961,1.6399344,-3.2581291,-1.0926688,
R148K,1.3727033,2.8295686,3.2119966,2.495439,3.3983047,"R148A, R148A"
T122V,-1.032458,-0.24529189,2.8122566,-0.9424536,0.13930921,
P132D,-3.9363365,-2.7608297,-3.1790228,-3.683666,-3.676653,
Q223R,-0.68313,-1.4282612,1.7021915,-0.057829395,0.56801057,
E133R,-1.9571115,-3.8014345,-1.2469871,-3.1423738,-3.893291,
E163G,-6.0426865,-5.1699724,-2.40447,-5.153415,-4.891775,
Q45D,-1.3195776,-2.0731046,-2.1329665,-2.6296313,0.18667507,
T315P,-4.446288,-3.1885502,-0.76699305,-4.1429787,-4.7452564,
P177V,0.32653338,0.20293894,3.2928915,0.6023387,1.0736197,
F151Y,-2.3844895,-3.3374562,-1.0232408,-4.219473,-3.210267,
L82V,-2.1717062,-1.2809458,3.0929642,-2.7652597,-3.4082146,
C278Q,-2.5806804,-2.4569707,0.77740824,-4.1396413,-3.77177,
C168A,-0.22333151,-0.6178759,1.4589369,-2.486316,-0.44222718,
T234C,-3.30245,-4.3494225,1.2169769,-2.1182046,-1.4801748,
H72G,-2.4429786,-2.8870983,-0.6250659,-3.7427535,-2.4772449,
T174H,-1.8911119,-2.511208,0.2130132,-2.7414467,-1.364203,
N258T,1.7590681,0.6597672,3.4216666,-0.7480061,2.6574492,"N258S, N258S"
H279Q,-3.5715823,-1.0829492,0.70944464,-3.001982,-3.7514386,
K130Q,-5.627345,-4.453036,-4.1596994,-7.0916758,-5.864341,
S24V,-1.8295044,-1.7634499,0.14742804,-2.3334427,-0.9174967,
L280S,2.1730003,0.5843091,3.5940576,1.4197279,0.6318729,
T215I,-2.490099,-1.3138797,-0.31649855,-1.9973475,-1.154211,
R265C,-10.820711,-12.178408,-9.065989,-11.416487,-12.727887,
L183T,-5.674658,-7.7344556,-4.8218026,-7.203847,-4.86578,
Q296K,1.8062475,1.1063516,3.4929633,-0.09611836,3.4806108,"Q296H, Q296H"
D293P,-3.702695,-5.3564568,0.9941154,-5.7580175,-3.1352143,
C239A,-0.8275756,-1.0201333,2.1569662,-2.7517123,0.41362706,
W10E,-0.688396,1.4114435,-0.7625475,-1.8065112,-1.4595169,"W10L, W10L"
R145Y,-1.3656654,-0.9912697,-0.4120999,-1.8980908,0.13137543,
T308G,-8.031202,-5.9056244,-3.4754689,-6.8820496,-5.9804435,
L126N,-5.216839,-5.697417,-2.4263413,-5.622986,-3.4277623,
A79G,0.996346,1.1090138,2.0105762,-1.6417806,0.18822923,
A251L,-2.0367587,-2.4802175,0.8889284,-2.9743037,-2.6802173,
A138L,0.17684,0.6839956,3.8838844,-0.24687016,1.1907965,
E78S,-1.6545744,-3.011034,-0.77853274,-2.5743961,-1.6839547,
P176Q,-1.2356573,-0.061518162,1.7026367,-0.9749419,-0.43187362,
G290T,-13.5148325,-13.052898,-8.385273,-13.976409,-12.770006,
R15T,-1.4304962,-2.9536388,-1.6539823,-4.0873666,-2.0099905,
E259G,-4.7860847,-4.2161784,0.20362416,-4.0480623,-3.9228969,
T317S,3.4983423,2.328979,5.1446977,1.0341302,3.5089636,
A71H,4.227869,2.7076597,5.8806767,4.248805,5.026287,
L82A,-7.145627,-6.7775536,-0.50357914,-6.9781575,-5.363393,
T147V,0.021143079,0.11761913,2.8242598,-0.05858735,1.3459756,
L263M,-1.2111666,-1.2027009,0.95176375,-1.8645335,-0.3575811,
E14Q,-4.656341,-2.9050245,-0.8805507,-3.1815228,-4.1627355,
L59D,-4.5438356,-4.9353304,-2.4554446,-6.5599613,-5.3727074,
S6F,-0.92738914,-1.3231506,-1.2471696,-2.176123,-1.5016925,
V162R,-0.7547637,-2.0256279,0.5933586,-1.2238443,0.6117064,
L266F,-2.1331124,-3.205388,-0.68585145,-2.7716422,-1.747065,
P104V,-2.6263916,-1.7720597,0.62001795,-1.0031799,-1.0802298,
A286R,-7.7244215,-8.801432,-3.478169,-8.489956,-6.303998,
A138R,3.0913806,1.3422551,3.884068,0.8978722,3.8943598,
A169W,-3.355567,-5.057354,-2.217554,-4.5258646,-3.867271,
H318R,3.272298,2.1864038,4.798251,-0.6179174,3.8043575,
P132T,-0.98866934,-2.559908,0.5267098,-2.655952,-1.4161379,
T234Q,-4.398361,-3.767169,-0.77630997,-4.6553164,-5.0323734,
R60V,-1.6728907,-1.2033725,0.13652626,-2.31093,-0.24098434,
Q197R,-0.50829506,-1.4918025,-0.5941262,-1.7212877,1.5742793,
F250N,-12.006753,-11.833692,-8.468023,-13.455449,-10.761611,
R159V,-8.457975,-6.330066,-4.68715,-7.7079306,-8.852623,
G88I,3.2311296,1.0200787,2.921092,1.8839722,2.2815943,
G112P,-0.37597477,0.63059294,4.5908175,-0.97130597,0.28682598,
P50F,-1.4325905,-2.4058127,-1.9420428,-2.5159187,-1.0150466,
E163C,-9.937212,-10.25863,-5.123397,-7.615183,-8.955225,
G65H,2.8187819,1.823209,3.4954383,1.3161936,2.892261,
F297L,-0.25571585,-0.6549477,3.6138783,-0.21935403,0.61101556,
L182C,-1.1406637,-2.7966392,0.09112178,-2.6865525,-0.9867258,
A138Q,3.7862673,2.5123467,5.97437,1.368279,4.7758975,
L167P,-6.923528,-8.863845,-5.9785852,-10.212681,-8.479557,
Q222A,-1.198868,-0.75457144,-0.5295966,-1.3529171,-0.089090675,
A281N,3.574457,1.9824413,4.0181174,1.1085954,4.58972,
V201A,-3.5473545,-3.2476037,1.7096269,-3.686685,-2.1868048,
A300L,0.0038391948,0.2928369,2.757844,-2.3751872,-0.37799543,
Y81G,-0.92096114,-1.5582361,3.7318404,-3.5956745,3.1624684,
L191S,-3.5598102,-2.8901026,-2.470447,-6.1274686,-3.6852226,
F301E,-24.85632,-23.584303,-18.312578,-26.515373,-23.54805,
Q222V,-2.606636,-1.5673995,-1.5240864,-2.2841148,-1.5103393,
G283I,-2.0487761,-2.8294163,-1.7962579,-2.6839051,-1.9977081,
T256Y,-6.731696,-7.0004735,-5.355527,-8.143211,-6.3126917,
P104H,0.05130458,0.24741031,3.0858288,0.74976885,2.489939,
S57P,-5.466038,-5.3189487,-4.356031,-8.167297,-6.1528206,
L209A,-1.8878654,-1.0474913,1.2833761,-1.9604988,-2.5337114,
I100C,-3.085028,-3.4925122,-2.816106,-4.1785336,-3.3827763,
R117D,-1.7704525,-1.422951,-2.116839,-3.5363255,-1.7909548,
Q38M,-2.5989206,-3.4695742,-1.5553308,-2.3388703,-2.0917468,
A189I,-1.6848924,-2.2797189,-0.83756655,-2.1053627,-0.6648319,
H77G,-1.2912016,-0.6699625,-0.48236397,-2.442306,-0.9039779,
R313F,-7.082157,-8.163424,-6.388277,-8.673325,-6.9596767,
T52P,-2.9728384,-2.3038955,-1.3228648,-4.6537952,-2.9265535,
L280N,3.2425904,0.061825544,3.6424801,0.721375,3.4691918,
S310R,-2.1330335,-2.8786042,2.3605635,-2.6420434,-1.7343533,
S204W,-3.7587347,-5.0758333,-2.1586516,-4.240256,-4.770028,
Y255E,-10.340578,-6.770101,-6.169664,-11.707258,-8.527919,"Y255L, Y255L, Y255M, Y255M, Y255T, Y255T"
G97V,-3.5300078,-2.6622558,-1.1668081,-2.6343877,-3.0730953,
E199R,-1.9296093,-5.042742,-1.583071,-2.864457,-1.8337762,
S103N,3.854804,1.8192203,5.2502937,0.9771164,5.117304,
T52F,3.4784784,2.1968756,3.5176241,0.68328285,3.3795881,
G283W,-6.560442,-9.424766,-5.725144,-8.518362,-9.373336,
A22V,-0.8516394,-0.57011956,2.021978,-1.4072831,2.4339242,
A295I,-0.72108674,-1.9338783,-0.61307925,-1.5762132,-0.2966293,
V217Q,-16.96511,-16.801243,-12.284786,-17.416409,-13.241665,
P13Q,3.3696728,3.8472714,4.9722934,2.2984965,3.1101592,
P29M,-8.388132,-8.943068,-5.079174,-7.6122484,-8.748615,
K248R,-2.1790729,-2.1281536,1.3233408,-2.8834777,-0.4265604,
I235F,-7.110069,-6.94409,-4.152649,-7.782571,-5.8006735,
L32I,1.9228427,1.6217258,2.918128,1.9881035,2.6096013,
T256S,-0.520628,0.87636006,4.077673,-2.4681566,0.5363952,
L191F,1.5749173,0.27984282,3.1890337,-1.5387719,1.9134784,
R316C,-1.5160651,-2.4469662,-0.047667503,-2.4220593,-1.8093085,
A238T,-2.1034396,-3.8246675,0.21513295,-3.5550883,-1.9384956,
E199Q,-1.5578746,-3.521227,0.16068596,-2.507865,-1.6423581,
R180L,-3.8066995,-3.6505027,-1.8977745,-4.2562294,-2.806648,
R244W,-14.772349,-16.529861,-11.664997,-16.55393,-16.661358,
G206W,-0.6122781,-1.8082991,0.93361723,-1.1023594,1.0899448,
L285Q,-8.13523,-8.070369,-3.153977,-8.529853,-7.199291,
L56R,-2.3392682,-2.361289,-2.1272616,-5.869648,-3.5046616,
A309I,0.35527486,-2.394796,1.7048489,0.39073515,0.76767254,
G203P,1.1222975,0.6040257,4.795299,-0.0018066466,2.4351356,
A295C,0.18746743,-1.9210906,1.6046793,-1.4546643,0.11482913,
L64D,-4.94767,-4.685065,-4.133718,-7.7728143,-5.8905373,
H43S,3.5642803,2.0241704,2.8939867,0.27638403,2.5252104,
I252K,2.6444273,3.269707,3.2468915,1.3042934,4.599987,"I252A, I252A, I252Q, I252Q, I252R, I252R"
N208W,-8.716223,-9.525789,-3.833301,-8.606756,-8.63357,
E199D,0.0033019893,-1.0352271,1.916073,-0.3915479,-0.4738504,
A236G,-5.7710657,-4.697407,-3.46522,-7.492393,-6.217124,
G97Q,-1.6508539,-1.7195976,1.9117639,-1.2117774,-2.2654939,
L285H,-6.473137,-6.609009,-3.3693624,-9.376347,-6.0807967,
G42K,-5.1106033,-7.749491,-6.5137134,-9.28829,-6.5607915,
L141D,-2.4623082,-0.5390299,-0.8300661,-3.0376391,-2.1328483,
R111C,-5.114439,-3.9763498,-3.0503016,-5.791951,-4.2813206,
L202D,-5.2858286,-4.4150066,-3.9363256,-6.053441,-4.443492,
Y220T,-7.2207327,-7.745596,-4.0057244,-9.441904,-7.778555,
E229N,3.6892684,0.95653373,3.7137027,2.6907754,4.423766,
Q186D,-8.698646,-8.285017,-7.0839005,-10.590855,-10.782761,
G226R,2.6065736,1.6026344,4.166959,3.0141673,4.534006,
V201Y,0.12767412,-1.3937974,2.872047,-1.3244528,-0.18942496,
G42L,-4.192939,-5.632147,-2.529007,-6.859971,-6.1796484,
L263N,2.4890542,2.769022,4.3999863,2.9330487,4.610385,
E90V,-0.16421713,-1.4457741,1.5656859,-0.6757001,2.168127,
W10I,0.515625,0.993708,1.5479522,1.0074844,2.1230612,"W10L, W10L"
C150L,-1.7303121,-0.59636474,-0.29646197,-1.9633188,-1.1648062,
L225V,0.03343284,-0.06668967,1.9785836,-1.6329641,2.531261,
G283S,2.1808639,2.568942,3.2482224,0.48945045,2.7336378,
F80R,8.906715,5.609667,10.588949,4.7004232,10.218636,"F80A, F80A, F80C, F80C, F80S, F80S"
Y146A,-4.8478193,-2.8983772,0.04136151,-4.7002497,-3.4634938,
Q219M,-6.3401256,-5.711307,-3.590621,-5.3685265,-5.6959968,
R288D,-4.443218,-4.234536,-4.6507587,-6.6949615,-5.823779,
L184W,-2.8141122,-3.6532614,-1.3242131,-2.8335214,-3.3992083,
S231Q,-2.2919188,-2.388788,3.6781516,-2.7249172,-3.083521,
E90F,-1.381822,-3.7838602,-1.3475672,-2.5039155,0.8793839,
T190G,-4.792435,-3.605289,-0.06670219,-5.3858585,-2.5722635,
A79W,-5.261664,-6.3578577,-5.2810163,-6.3811226,-4.5455337,
A153C,0.72463715,-1.664803,1.0034417,-1.6985903,-0.120060384,
A187Y,-1.3003772,-2.4214926,0.09137178,-1.572372,-0.8273011,
R200G,-4.999626,-5.6898837,-4.401055,-7.2032833,-4.5276847,
V269Q,-16.385878,-16.5593,-11.301922,-15.380695,-16.739523,"V269C, V269C"
T52E,-0.22032495,2.0841067,1.782685,-1.3002037,-0.18084708,
P104L,-3.6995413,-2.2487125,-0.94737136,-2.1192594,-3.2608998,
T253C,-2.2204578,-1.4724766,-0.9996066,-1.9338827,-1.9108291,
P232I,0.1944364,-1.761509,-0.15776703,-0.94547874,0.17666268,
I23Y,-6.543233,-7.5503654,-7.595091,-8.617899,-7.0158114,
E205P,-0.5597059,-2.9329913,3.0490274,-1.7777122,-0.027924389,
F161N,-10.067978,-9.832876,-6.582265,-10.617338,-7.8622484,
L273C,-11.827618,-10.445992,-7.2317495,-11.800601,-10.039687,
I73Y,-2.099517,-3.3036327,-2.1082664,-4.5799356,-2.79569,
R244Y,-8.6208105,-11.515303,-6.956403,-13.072604,-11.229275,
L191C,-2.2564979,-2.8136954,-0.50790393,-4.7697845,-3.1696243,
R216Q,-4.4231024,-4.6579056,-3.3210087,-6.6105514,-5.946515,
E205C,-0.87304044,-2.5379782,-0.20447639,-1.3224947,0.57980657,
A71F,0.9549818,-0.26330408,0.9642185,0.04450165,1.3420892,
G65L,0.13543384,-0.061751872,1.6115036,0.60400254,2.360767,
A114N,3.5987306,1.9464083,4.857872,1.7898158,3.4755173,
D96N,4.184354,1.5941887,4.374343,2.202744,4.1167555,
L257R,-12.062986,-14.266871,-7.95757,-12.432583,-12.443109,
G9W,-0.4580338,-2.4790356,0.8031761,-1.998468,-1.6055088,
P232F,-3.2015698,-4.9961624,-2.968937,-4.398539,-4.1344385,
H77T,2.0217557,1.4664178,3.6465106,-1.1165909,1.8962729,
G240Q,-3.090518,-2.1091237,3.399222,-2.7970085,-3.5405297,
L243P,-2.3207908,-3.48331,-1.4870389,-4.6699634,-2.3945355,
S89Q,-0.09771967,-1.71225,3.8951533,-3.0173945,-1.243644,
S24R,1.11623,-0.24278158,3.5134976,0.68097544,3.4093947,
V91I,1.989341,1.7081096,2.5751038,3.252851,2.9068472,
Q219V,-9.400622,-6.8319106,-4.687942,-8.523001,-8.636667,
W47T,-1.200129,-1.1140627,-0.25220314,-3.2427049,-0.79881227,
D125H,-1.9131826,-4.9029217,0.032690197,-4.0561056,-1.3729688,
Q75Y,0.7434312,-0.26986498,0.99201375,-1.0888479,2.83772,
Q223H,0.31423983,-1.0066803,3.3728013,-1.2817844,1.8749061,
L157T,-2.907856,-3.1544936,0.51700366,-3.9583282,-3.2647724,
R134N,1.9140172,2.7329228,1.8708011,2.0369391,3.3747137,
L266I,3.1671715,2.71336,3.509484,4.048924,4.0208015,
H279A,-2.554637,-3.0035176,-1.0940645,-2.3414211,-1.7380685,
L192G,-0.5745749,0.75168633,2.9469726,-1.9502895,0.092754036,
R15N,-2.0191388,-4.3577805,-2.360025,-4.8784647,-2.7847679,
I252M,-1.3762908,-0.78613406,-0.33334017,-2.146454,-1.9219667,"I252A, I252A, I252Q, I252Q, I252R, I252R"
R316D,-2.1785803,-2.9258318,-1.1895225,-4.2176285,-3.4130769,
Y120G,-2.4686766,-3.525888,-0.99416995,-3.9281583,-1.7473387,
H171I,-1.6888245,-1.3403507,-0.9088981,-1.346523,-0.2647831,
H149V,-3.327053,-1.842455,-1.4212873,-2.6251683,-2.412446,
L273I,-3.0620492,-2.6014924,-1.8237247,-3.192768,-2.1257925,
A79R,0.11649078,-1.5324013,0.94722605,-2.05187,1.2652259,
A79M,0.57438785,-1.2513213,2.3690379,-1.71223,3.3734593,
G65P,-3.6698673,-3.974029,-3.413926,-5.871188,-3.1145668,
Y27C,-5.7838163,-5.575319,-5.1276927,-7.206215,-6.7593865,
L30T,-1.2598201,-1.2580009,1.2069404,-1.4106945,-1.7771311,
A286S,-2.0625496,-1.3005521,1.279151,-3.40747,-2.154437,
P232H,-4.1731753,-5.749019,-4.276715,-6.6714773,-5.335039,
V221T,-6.569213,-7.652433,-3.7597127,-8.088938,-6.5244493,
N124V,-7.065374,-7.1234226,-5.596893,-8.426827,-6.704727,
K137F,-2.6223273,-1.2802566,-1.4490216,-2.737339,-1.4889027,
H247Y,-0.5471741,-1.3270907,1.7459407,-2.4666862,-1.9918705,
S204V,-0.3466463,0.71713394,2.0497,-0.39613998,1.7168806,
R111A,-4.1464367,-3.0254488,-2.1477804,-5.3540015,-3.6538463,
G74Q,1.9120926,1.1015271,5.4625044,0.18521288,1.8253069,
L266C,-8.221861,-6.772539,-4.183214,-7.346839,-5.2162232,
P132A,-4.42707,-4.8452325,-2.2129393,-4.1970162,-2.234806,
N124Q,-4.6493864,-5.0663424,-2.5777512,-6.357879,-4.6062,
A189N,3.0313091,2.8232636,4.6915483,1.3569673,4.0141835,
L212T,0.26275566,0.38080126,2.7411754,-1.5530449,0.94126767,
E259R,3.9502845,-0.50284576,6.080238,0.3506988,5.317089,
H72C,-2.1772294,-2.832786,0.035330776,-2.0986185,-1.3609512,
A238W,-11.758377,-13.435187,-9.726532,-11.710935,-10.617605,
E311K,0.25815958,-3.4753559,3.2112794,1.5604799,2.4041,
V217F,-3.854148,-5.0316987,-3.2935095,-3.7267714,-3.0524135,
R180E,-3.8382897,-2.6357198,-1.6910853,-3.8670883,-5.3723783,
A71P,1.0034223,-0.13705899,3.863554,-2.6385322,1.6370461,
S61G,0.69071996,1.0149605,3.1181805,-0.56746906,-0.5027337,
T3I,2.0462544,1.5057178,2.7904425,1.3777037,3.255466,
W19P,-9.163658,-8.855301,-4.7728443,-10.863644,-14.378461,
L266T,-7.5869737,-6.696981,-4.074335,-9.404755,-6.773828,
F107T,-5.7076845,-4.8109303,-3.6608381,-6.715024,-5.436608,
Q223D,-1.6085593,-1.6165737,-1.2108358,-2.438025,-1.0516195,
F34W,-4.25247,-6.5474753,-2.3645096,-5.244148,-5.5719566,
R262M,-10.754347,-9.730757,-8.5039015,-13.307575,-11.762126,
V162K,-0.58389914,-2.4465268,0.05546148,-1.7805562,0.590038,
T211Y,0.97287816,-0.6848825,1.5606697,-1.5902063,1.8022771,
K130R,0.5006977,1.2524456,2.722697,-1.1653996,0.88900095,
L54M,-0.19135976,-0.92041534,3.0035439,-0.40874666,0.25613406,
G237W,-1.4847296,-3.341157,-1.656008,-3.0681562,-3.2130835,
I108H,-7.447295,-9.310757,-9.010832,-11.096054,-8.508165,
H8Y,3.2242823,3.0433235,3.2249608,-0.11411682,2.0597916,
Q164R,-2.9507084,-6.1128583,-1.5608237,-5.0739937,-3.5263195,
G42W,-7.380265,-10.590077,-7.515873,-11.992435,-10.641945,
G290H,-7.8316555,-8.867119,-3.8255944,-6.2830296,-8.02544,
H318S,2.6321702,1.5042387,4.3972554,-1.5745025,1.0533699,
T7N,-3.1392612,-3.8349106,-1.7999551,-4.7041984,-3.5324914,
Y120R,-5.7757607,-7.392449,-4.961632,-6.7336025,-3.4561212,
M1P,-8.844971,-4.2676983,-8.497015,-7.1622286,-4.707607,
E205N,3.1859624,0.74897903,4.709791,3.6318457,4.5894065,
L131M,-0.5697305,-0.7595999,3.0926151,-1.2806193,0.24785745,
V201Q,-5.492821,-5.6289244,-2.4669528,-5.340167,-4.498791,
V109G,-6.2915955,-7.594291,-6.225554,-9.62645,-7.340988,
T308Y,-6.2194405,-7.340086,-3.8579292,-7.314625,-6.2262793,
E110M,-5.929764,-3.799392,-5.382943,-4.1653953,-5.5922003,
P176I,4.611472,3.7207077,4.298296,4.804615,4.322845,
Y66T,-8.157492,-7.597448,-6.1732264,-9.981381,-9.407568,
W19K,-7.363508,-8.736637,-2.9187956,-8.370257,-8.299101,
P176C,-0.33750096,-1.4091932,-1.0580709,-1.8727406,-0.9483433,
H72E,0.9572019,-0.54376274,-0.3077563,-2.6451392,-1.5608863,
S89F,-4.084113,-2.5266018,-1.1075099,-3.391838,-2.192227,
Q155D,-1.5590898,0.05505237,-1.2523897,-2.0287378,-0.3511225,
N224M,-7.428971,-8.816341,-4.353908,-5.1830287,-5.6279635,
L32R,-2.5239913,-2.5924597,0.18161151,-3.1197386,-2.1208954,
K144G,-6.665308,-4.1575975,-3.499333,-7.2875614,-5.6331854,
R244P,-8.024542,-10.280894,-8.12143,-13.062309,-11.232433,
L126Q,-5.919343,-5.2551384,-3.2426963,-6.027218,-4.768092,
G105E,-3.7064447,-3.4912317,-4.4255037,-5.2692423,-4.4262323,
I100N,-1.6107816,-2.324819,1.2570024,-3.426595,-1.5119351,
P176R,-1.7479908,-2.1177819,-1.5431292,-3.1262088,-1.9039207,
L59W,-7.118628,-5.213468,-7.9910088,-7.241724,-5.9724207,
Q196D,-4.496419,-2.8459616,-2.788635,-5.4024,-4.3612175,
D166V,-0.89653397,-1.092149,2.280046,-0.9185357,1.0319202,
R111W,-6.1810603,-6.436675,-4.1444774,-7.8566995,-6.612709,
D173C,-2.0793548,-4.111045,-0.65832883,-3.3486366,-2.4292877,
S55C,-0.31633028,-2.314651,0.5503724,-2.1586914,-0.67820275,
K70Q,-3.9429684,-3.3011565,-2.065174,-5.3147564,-5.6485195,
F287Q,-0.10487455,1.982585,4.2157035,-2.1941473,-2.3980672,"F287W, F287W"
Q16T,0.6755724,-0.11980119,0.8527199,0.59211767,3.835652,
K70F,-3.463039,-2.1637483,-1.4618796,-3.181966,-3.5362425,
F172G,-8.766241,-9.753659,-4.5817704,-9.115236,-9.162204,
Y81Q,1.6530476,1.5681492,4.4716735,-2.398898,5.733489,
V83W,-5.7885194,-6.350579,-4.5079255,-5.5556116,-5.365287,
N124T,-3.988895,-3.3448606,-2.3434136,-4.517021,-3.900179,
F287S,3.1104894,3.8065686,6.326714,1.7181394,1.6752586,"F287W, F287W"
D125T,-2.7559314,-5.3362513,-0.6261197,-4.024406,-2.3069673,
L140K,1.439806,-0.5565617,3.1263933,0.5015548,-0.039396286,
R313W,-11.580032,-12.825728,-9.889868,-12.886193,-12.686361,
L129Y,-1.7719297,-1.9878666,-1.2058808,-2.3046794,-1.0017436,
P276Y,-3.6216533,-3.7389996,-0.51126623,-2.9110465,-2.358586,
I282V,-3.0336242,-1.9990126,2.246667,-4.518134,-2.5549285,
I108Q,-7.8168554,-8.375426,-9.048616,-11.659054,-8.346005,
R170G,-5.281044,-3.9435906,-3.0935998,-6.3500614,-6.218528,
L280T,3.1560714,0.56784105,4.4161606,0.12457155,2.2906666,
D227A,-4.9577465,-4.8758445,-1.4551322,-4.7150974,-2.9010677,
A36F,-2.300754,-1.8772947,-1.5199945,-1.9959419,-1.3963224,
E311L,-7.874631,-9.702074,-2.8662357,-5.8013983,-5.573595,
G306N,3.1648154,0.47858098,3.471008,0.91110253,3.481267,
H77K,2.6806417,1.1702453,4.288007,-0.5925261,3.9619696,
G9H,2.024959,-0.11173966,4.3085,1.2213941,2.048688,
Q304W,-4.1652203,-8.065783,-4.028882,-6.150442,-5.886386,
S204Y,-0.54817194,-0.23502597,1.0477302,-0.5971091,2.5978224,
G121K,3.5071292,2.1371143,3.9039886,3.5699227,3.9738154,
Q233T,-0.019613892,-1.147785,0.2566028,-0.32670474,2.0486674,
R316E,-1.2100916,-1.3836886,-1.9415445,-3.9392946,-3.1781125,
T190V,-1.2385778,-0.52768624,-0.49888673,-1.7010792,-0.46010822,
A238S,-3.6734772,-2.903357,-0.27362984,-4.7736683,-3.7188437,
L195I,-0.728495,0.9921081,-0.15835372,-0.12953211,-0.6852851,
Q196M,-3.2836123,-5.7846613,-2.9085813,-2.8766532,-2.4323337,
C102D,-5.436929,-4.9496145,-4.0375423,-6.1035595,-6.6013374,
L54D,-4.739046,-3.808413,-2.2694647,-5.29957,-5.8084936,
V201G,-6.832179,-7.4534864,-3.8421159,-6.8269315,-5.885695,
S242Y,-9.524253,-10.427432,-6.4890394,-10.6070385,-10.458178,
P104G,-0.84747285,-0.44675004,2.8428614,-1.9037105,0.9250882,
V221L,-5.1884875,-5.8974953,-2.470078,-6.563114,-5.603687,
L257W,-7.884324,-8.852118,-4.8310537,-8.028793,-7.7967377,
T256W,-17.17994,-16.632568,-12.377874,-15.678982,-15.07695,
Y81K,-4.107586,-4.3090973,-5.741248,-6.365512,-2.1958756,
P39F,-0.19117199,-0.7806298,-0.8415326,-1.1526296,-0.08680144,
R60G,-1.5114396,-0.44043776,2.7811816,-2.719838,-1.5912828,
N139V,-3.6692543,-3.9542913,-1.9449437,-3.349448,-2.1145778,"N139A, N139A, N139R, N139R"
R15S,-3.0086176,-3.6030006,-2.4683144,-5.6634607,-3.812575,
Y120C,-1.9045651,-3.9628947,0.66292727,-4.3013077,-1.2992344,
A236D,-17.029882,-15.583281,-13.935805,-19.718782,-17.920662,
S48C,-0.505455,-1.5749493,0.85052335,-1.9761825,-0.13700013,
D173R,-1.5002656,-1.9315538,-0.48557696,-1.4547946,-1.0292261,
R313C,-7.065173,-7.830163,-5.153984,-6.564907,-6.5295887,
N224C,-7.7209854,-9.4379225,-4.8866363,-7.495017,-7.6146097,
H43N,4.2684937,2.886324,3.3706286,2.768983,3.8959985,
T256R,0.7614797,-0.5949098,6.6503897,-1.286712,4.977984,
N208F,-4.5205326,-4.8984685,-2.1211715,-5.6207457,-4.3502817,
R299P,-12.641437,-14.49737,-12.440858,-17.954931,-17.742952,
E218C,-1.4079262,-1.5875635,0.18702987,-1.2806284,-0.12995201,
R316Q,-0.109294906,-0.9996102,1.6638881,-2.3099704,-1.3223639,
S57V,-3.0703135,-2.8312464,-1.5717041,-2.9071813,-3.5028763,
G37Q,1.6627144,2.4654179,4.9377666,1.7755969,2.011229,
Q304P,-12.42247,-14.079735,-8.023172,-14.887711,-12.2327175,
E33G,-5.9181666,-6.711572,-2.3284872,-5.469952,-5.2118874,
L249M,-2.5386975,-1.9590344,1.1674199,-2.5992296,-1.7922573,
G158A,-2.5696461,-2.3051758,2.1418896,-3.169522,0.011748612,
I108R,-8.174431,-10.534118,-10.058299,-11.821257,-8.3653755,
S242L,-13.799357,-12.237106,-8.565601,-13.255676,-15.482511,
L285F,0.8075149,-0.55764556,1.1616216,-1.2321299,1.6166013,
H143P,0.1642476,0.6006875,2.4854927,-2.228168,2.0182042,
C102K,-2.8857558,-3.4378307,-0.19081292,-3.8519504,-1.8871639,
W19H,-7.83186,-6.624584,-4.525954,-8.013746,-8.326124,
A135G,-3.3543687,-3.1412165,0.11107999,-4.380117,-2.9643083,"A135W, A135W"
P104M,-3.7511833,-4.0242534,-1.3032116,-2.8146052,-2.8106432,
R316K,3.2047992,1.2634057,4.3681817,0.6222418,3.0515718,
P177C,-2.604834,-4.0542564,-1.3811777,-2.5097497,-1.0570018,
P228M,-2.8988829,-4.7954407,-1.051386,-2.3722305,-1.7226112,
E284S,-4.2971168,-5.0653486,-0.4539613,-4.9408894,-4.5228105,
P177L,-0.4515966,0.7241749,1.3662472,-0.46062815,0.6013079,
L225W,-8.461116,-8.940529,-5.96636,-7.4577847,-8.410923,
P53Q,3.3811514,3.826832,4.595906,1.1123316,1.5544391,
Q75L,-2.5790157,-2.5344963,-0.6509198,-3.021233,-2.1175678,
H277A,-1.0657469,-0.8492483,1.0492907,-1.9057734,-0.46328366,
S69E,-1.0206109,-0.16390148,1.57867,-2.5023394,-0.47828484,
E78Q,-2.8165314,-4.291912,-0.11016379,-3.361783,-2.172751,
L126P,-4.096618,-4.7829957,-3.728012,-6.5709996,-3.9153132,
G37K,3.8145053,3.989311,3.292358,3.7637815,4.1142435,
Q95F,-9.225998,-8.202289,-7.838237,-8.277882,-8.205413,
G112K,-0.44358975,-2.7049303,-0.1969012,-2.8196635,-1.274143,
L157P,-6.1395493,-5.3581944,-2.7461686,-8.192907,-5.875826,
S6V,0.4650802,-0.19617972,0.7646647,-2.2390208,0.42888653,
F93H,-4.9611154,-4.481882,-3.6967225,-5.9514594,-2.3955512,
L5Y,1.2353635,0.70590615,2.8587303,-0.79298735,2.03825,
S231M,-3.1179042,-3.7040682,0.85911494,-2.0175474,-1.3704743,
Y116G,-11.313932,-7.891761,-7.5881796,-13.712611,-10.825983,
V261Y,-2.9214213,-3.8964193,-2.2413797,-4.742822,-3.9085286,
G290D,-11.780105,-12.057341,-10.261286,-15.366009,-13.593264,
Q186N,-2.7182052,-1.827848,-1.1163738,-2.6746404,-2.4230278,
V201M,-1.0350192,-2.1786377,3.4633632,-1.3143632,0.270187,
G106P,-3.5133922,-5.32005,-3.2921963,-5.9831524,-5.16047,
N208M,-3.711409,-4.727521,-1.4675016,-2.8831055,-3.0892286,
L82Y,-5.644622,-5.7642617,-6.614053,-7.158762,-6.891472,
V109L,0.75414,0.1581147,2.5347655,-1.6664113,1.3009146,
R154N,2.1106236,2.3510535,1.3585202,-0.32598478,1.2998905,
A135Y,1.7203634,0.37810063,2.6898327,-0.8680868,2.966504,"A135W, A135W"
S62Q,-1.7629282,-1.840961,2.1095538,-2.913625,-2.371873,
E259V,-4.4377365,-5.957285,0.7178749,-3.8856401,-4.35956,
C239W,-12.1821575,-13.249399,-8.805284,-11.856531,-10.385266,
A236V,-5.497377,-5.300215,-2.3859882,-5.6688166,-5.17154,
V91Q,-6.3240457,-6.4315615,-4.1506643,-5.6031036,-4.945647,
V217L,-3.2337747,-3.5092664,-0.43933305,-3.690043,-2.3206396,
Y27I,-3.9808502,-4.4391127,-2.910183,-5.0719795,-6.047254,
Q219A,-2.3979964,-1.3632122,0.48107034,-2.3962862,-1.6546788,
P29K,-0.69424903,-0.69894886,1.3048859,0.67912203,1.7586529,
Y120K,-5.859236,-7.744302,-5.0125465,-6.515127,-3.2657042,
G290Y,-9.671206,-9.91218,-5.331442,-9.743454,-8.852024,
L167A,-0.052950725,-0.8368963,2.8499877,-0.49200734,2.0430713,
Y27W,-9.945334,-8.586825,-8.588476,-10.396827,-7.8232417,
T84D,-10.760996,-10.459437,-7.6011662,-11.425219,-9.526631,
E33V,-7.0845246,-7.595368,-3.251744,-4.5862756,-5.7929363,
A309E,-11.07741,-11.892815,-9.849146,-13.686596,-14.549034,
S62C,-2.3803382,-2.837244,0.2639041,-2.3799367,-2.9153907,
E90K,1.585074,-1.624093,2.7331755,1.284447,3.8016994,
H92W,-2.5473661,-1.9384313,-0.95425373,-2.504457,-1.836683,
R170Y,-2.5950804,-2.2467666,-1.8035178,-2.9527588,-1.7006475,
S48N,1.2663656,-0.21354406,3.0117445,-1.4276149,1.6485022,
R134G,-3.965623,-2.9492247,-1.6249447,-5.1912975,-4.091298,
S204E,-0.8066269,-1.0990981,2.5246844,-2.5984511,-0.94621825,
I160G,-5.6886063,-5.7408733,-4.3703814,-7.9503126,-6.5231543,"I160L, I160L"
P232Y,-3.7009478,-4.9409857,-3.2864828,-5.2626424,-4.59031,
V217K,-9.821745,-13.72781,-6.681802,-10.531673,-8.510717,
L280Y,3.022326,2.9517908,3.957994,0.4449284,2.3169668,
G240K,0.19273114,-1.306495,4.6986346,-0.42841133,2.369491,
A20I,2.2565424,2.9572136,2.8909755,3.8604333,4.7415648,
H277W,-5.933857,-6.440181,-2.7302506,-6.338253,-5.2738695,
L241W,-6.8048515,-9.643996,-5.4310875,-8.645802,-8.477261,
T84R,-4.082791,-2.829054,-3.5364313,-3.8831065,-2.1879783,
R288W,-6.993125,-8.624508,-5.8611813,-8.784262,-9.037399,
E94F,-4.7969117,-4.8556967,-3.4854286,-4.805336,-4.154774,
T174E,-0.42380348,1.3350005,0.4334313,-0.85450906,-0.65874743,
F107H,-10.242689,-11.1174135,-11.083899,-14.377946,-10.623552,
W10Q,0.14754018,2.610272,2.4524605,-1.0596497,-1.46413,"W10L, W10L"
G9K,3.7935662,1.7760572,4.178672,3.6463523,5.1129045,
T26K,2.8941345,0.83424133,3.5347972,-0.025928669,2.8511465,
Y66P,-10.765017,-11.630293,-9.176025,-13.374166,-12.080134,
L126A,-0.11845879,0.7255399,4.881834,-0.8124655,2.1979067,
V83Y,-2.3454475,-5.2294493,-3.7514815,-3.302094,-2.2748003,
G112I,-2.1119924,-1.3123227,-0.18133998,-1.5673674,-1.5524343,
T49F,2.0993955,0.57099736,0.918899,-0.49672788,3.1702945,
G97S,-0.53668255,1.5074337,2.3040066,-0.06646611,0.05881831,
K137N,-1.4638433,1.3352991,2.2949345,-1.4642923,-1.0078269,
G283Y,-1.773439,-2.4701316,-0.77373195,-2.95086,-2.7849674,
A189R,2.803792,1.2205403,3.6327658,0.6126404,3.704813,
G237E,-0.44732893,-0.54104656,-1.3426802,-0.76137,-1.087923,
S69R,0.91485655,0.08105518,5.3496075,0.3330391,3.8259962,
R60Q,-0.8889537,-0.38906628,1.9649532,-1.7128053,-1.2760327,
G203K,4.383322,2.1207604,3.6433067,4.1986446,4.2141933,
F287V,1.1924306,4.6021004,6.165063,0.54006284,1.4234908,"F287W, F287W"
N139C,-2.5400307,-3.8741572,-1.2938287,-3.3454378,-3.2320297,"N139A, N139A, N139R, N139R"
Q12W,-1.3157929,-2.6671371,-0.9722175,-2.308039,-2.2802958,
R216W,-11.677414,-13.593079,-9.07608,-12.153202,-13.015783,
R299F,-11.487751,-12.383749,-9.713688,-14.368147,-15.1829,
P86L,-5.861314,-4.6660156,-3.3509185,-4.882883,-3.4874825,
D76E,1.6120853,2.3945255,4.995715,0.43704987,3.1126957,
H77V,0.2912182,0.4918508,1.7376462,-0.7966672,1.7031947,
V128I,0.7061101,-0.67649937,2.098127,-0.43516973,1.147585,
T7Y,-2.0483062,-3.7096295,-3.0672412,-4.6577706,-3.4545774,
Q38W,-3.913395,-6.0865607,-3.1847355,-5.4251337,-5.102679,
F291C,-10.843917,-10.691702,-6.1042275,-12.3157625,-10.928005,
L257Q,-13.952442,-14.711996,-9.563427,-16.539825,-15.741926,
L32Y,-0.13343617,-0.5152961,1.8320063,-1.3305261,0.6358515,
L126C,-0.39641696,-1.6429031,3.1901238,-1.7980931,0.13590097,
P2L,0.07699156,0.82345,1.2624118,-0.9727485,2.9328203,
G226Y,2.1443257,1.0415285,3.1620522,0.62741673,0.61391616,
S48T,2.9023561,1.1052538,4.651106,0.041505218,4.0334406,
G65C,2.3419113,0.1883798,2.1844254,-0.04771237,2.2693858,
E267T,0.8816247,-2.8858752,4.2116323,1.1225568,3.0134952,
S175F,-0.58958256,-0.371786,-0.6116747,-0.7144375,-0.14672521,
P13T,3.4838781,2.7638512,3.8044086,3.168058,3.131813,
L131G,-5.093218,-6.423996,-5.544464,-8.325542,-6.6859837,
W10S,-1.1462383,0.74880534,1.0788996,-1.9200805,-2.0521915,"W10L, W10L"
E90T,0.65388954,-1.9420917,3.1106243,0.04716984,3.8049488,
R288K,2.3332767,2.2561321,3.229278,0.8583643,3.2164412,
D25H,-1.7537426,-3.0221586,1.5132217,-0.9851721,-1.205358,
H119R,0.9594749,1.0134615,3.6684508,-0.75425947,2.7613237,
P53A,0.47146016,1.8062145,4.120053,1.074876,0.8540045,
S310E,-6.9245133,-8.483383,-6.6707234,-10.148058,-9.384596,
G37D,2.6620564,2.6215286,2.6816306,2.0215654,1.9579611,
A178Y,0.021531612,0.69527376,0.44899225,-0.944553,0.85569334,
E311R,-1.8429198,-5.222001,1.2332773,-2.7796583,-1.2123148,
A286W,-8.472378,-10.77663,-6.1964383,-10.8216915,-10.532995,
F301N,-20.466766,-19.259981,-13.4929085,-19.93182,-17.739746,
L212I,2.955503,3.180184,3.3460684,3.4554927,4.4237223,
A36I,0.93661296,0.7687056,-0.600307,0.87209964,0.9586799,
D125L,-6.361406,-8.085742,-4.544141,-7.553246,-6.197247,
T253G,-4.987476,-3.3331766,-2.0424452,-5.3679895,-4.640678,
L167H,-1.0538841,-4.105721,2.4373777,-3.2168474,-0.79937613,
S204G,-1.141768,-1.2729503,0.9061259,-2.8370523,-0.5441514,
S69G,-5.2273216,-5.414635,0.6270338,-5.458851,-5.175854,
W19T,-5.3146887,-5.507367,-1.3233835,-6.121683,-6.3188763,
Q95L,-7.8579245,-7.406804,-6.330206,-7.5257134,-7.2128673,
C150V,-2.5308242,-1.2378225,-1.6753899,-2.4648547,-2.2796516,
F107E,-15.402407,-16.283703,-15.147527,-18.856691,-17.076212,
Y81H,1.3093904,1.7922058,4.588587,-1.568918,2.0322075,
A251S,2.8182154,2.4453268,4.652906,1.8029692,3.2140243,
T317E,-0.369953,-0.25023517,0.6763047,-2.1148548,-1.2181338,
L243Y,-1.1313611,-2.7189794,-0.38775098,-2.4163253,-2.5903304,
R244G,-11.211491,-11.78145,-10.221208,-15.28516,-12.88233,
G306K,-1.3756032,-3.0353575,1.7718253,-0.9425371,1.6546779,
G290Q,-11.875633,-10.948513,-6.5563326,-11.660427,-12.291901,
T315R,2.808775,1.6776192,3.8943276,-0.28064162,4.179277,
S24M,-2.434004,-3.3019333,-0.996058,-2.5696883,-2.363828,
Q38K,1.4857504,0.20788908,1.1238835,1.2652677,2.7717016,
Y220C,-7.08418,-6.3391533,-2.8534985,-6.7086763,-5.685116,
E4C,-1.3866282,-3.0406184,-0.20862502,-1.8965219,-1.6920965,
E110R,-6.660698,-7.1442995,-6.170232,-5.818221,-4.366329,
V128A,-2.5536501,-2.1201005,3.0950563,-3.1472278,-0.76614827,
D25Y,-2.7221973,-3.8473,-0.5270432,-2.4587698,-2.150876,
L131N,-8.087198,-9.816919,-7.846683,-12.561227,-8.9110565,
S204N,3.5024858,3.033599,4.320751,3.975362,5.150487,
R274T,0.8444027,0.37007326,0.93712443,-1.8888321,1.9737802,
I23N,-15.268372,-12.4544935,-10.224218,-13.799862,-12.053705,
L241A,-5.567911,-4.7642584,-3.970209,-7.5819736,-5.1617208,
G105Y,-2.6932967,-3.537961,-2.7784748,-3.3482518,-2.516944,
K248D,-13.86461,-13.935949,-12.521515,-16.041021,-15.351638,
Q75V,-1.2990611,-1.137712,0.09260729,-0.9517425,0.33328354,
L241D,-15.77507,-14.360794,-13.111838,-17.958633,-15.077116,
L285T,-1.3180902,-3.4844844,0.54779625,-3.995905,-2.991992,
R159F,-8.014961,-6.0943727,-4.992177,-8.141439,-8.402939,
Q304M,-2.2277055,-2.511424,-1.553469,-2.1061187,-1.9063685,
L136T,-2.615046,-5.479166,-1.4061201,-4.7556,-2.2418733,
E267I,-0.34218884,-1.6286763,0.5549676,0.59804285,-0.22450231,
D173Y,2.5090084,-1.0953199,1.5396479,-1.4253364,1.1279813,
K137H,-4.0838594,-1.8391151,-1.5001864,-3.5598736,-3.7441058,
L32P,-2.4711113,-2.8692832,-1.8075511,-4.9638424,-2.8594005,
A71Q,4.6728563,2.942907,5.7283845,1.4985148,4.671478,
A189H,2.5919821,0.9020997,4.5910916,0.13351113,3.702083,
L64T,-0.5581397,-1.1514653,1.2693022,-2.4123373,-0.07562995,
P228H,-0.91928387,-1.4949608,1.8603181,-0.52904385,-0.16239095,
R148L,-5.138277,-3.6094885,-2.0712075,-4.7616014,-4.5368237,"R148A, R148A"
W10F,-0.16663311,1.3994759,0.15805647,-0.10008234,1.1180662,"W10L, W10L"
P86N,-7.126182,-6.7950287,-4.3856764,-7.94551,-7.012931,
L192K,2.241047,1.3298827,2.979502,0.43706876,2.1217937,
D152T,-3.239406,-4.825824,-1.5043864,-3.856518,-2.228882,
R200N,-2.772348,-1.6347218,-1.537082,-3.025159,-1.5574949,
Q197E,-2.2868514,0.20714791,-1.3007138,-2.4768763,-0.6447606,
P13L,-0.27687633,0.58990073,2.879553,0.040275194,0.39988437,
V312M,-1.9418432,-2.7925322,1.6434187,-1.1553135,-0.0033839345,
S67R,0.91795903,-0.13387817,4.3244705,-1.042652,1.3526944,
R15P,-8.940645,-10.439325,-8.119144,-12.559036,-11.2535925,
L273W,-10.406744,-12.990231,-7.197504,-10.948231,-10.283831,
P86T,-3.6959121,-3.1884866,-1.4673071,-3.1839566,-2.6924386,
E133A,-1.152018,-2.2334695,1.0415142,-1.3584347,-0.9274398,
R117M,-5.182042,-4.638833,-3.1329322,-5.207138,-4.4069567,
Q12S,2.0220737,0.35212854,3.4068694,-0.0484318,3.7871609,
Y120P,-2.998023,-4.558585,-2.4733949,-4.583864,-1.5138565,
G156Q,-5.623248,-4.6416664,-3.8841908,-5.936265,-3.9043896,
V83C,-1.9001817,-4.521186,-2.6384768,-4.0300546,-1.0523477,
H72F,-2.1962814,-2.0821304,-0.61986554,-1.8133699,-1.2583224,
Q123K,3.0770185,1.562547,3.157264,2.9001932,3.6216524,"Q123D, Q123D"
R180P,-7.850773,-7.9894934,-4.537192,-9.480833,-7.8539686,
G203I,2.44866,1.3602519,2.0808995,3.3845904,3.8453352,
G65S,3.4717407,3.2534108,3.5386183,3.132279,3.8328145,
H270Q,4.404916,3.488922,5.7141542,3.7935238,4.786055,
L273D,-19.731113,-20.260044,-16.505356,-23.427677,-21.718925,
F151R,-8.593253,-10.033525,-6.308873,-9.442998,-7.8056893,
E229L,-2.6760335,-3.4058669,0.037860766,-1.7309064,-0.89426136,
R200C,-3.794316,-5.110172,-2.6346717,-4.382135,-4.056849,
L212P,-1.9463452,-3.9045937,-1.0241481,-3.6697383,-2.3249557,
G88N,5.547679,4.568056,6.035518,4.3409348,6.730752,
Q272A,-1.0782448,-1.0477756,-0.46523595,-1.0445032,0.23724686,
L183N,-7.795719,-13.780791,-10.0637455,-12.437545,-9.24372,
C168V,-0.68185806,1.3296118,2.1808758,-0.983592,1.8903148,
P2K,3.1211562,2.3970299,2.5642905,1.6997477,3.4664493,
R145F,-3.1211827,-1.7372649,-1.8377892,-2.9291537,-1.0494876,
Q75P,-3.9975474,-5.0712657,-3.1884508,-6.06522,-4.3386097,
L59M,-0.3379172,-0.6244402,3.3626075,-1.9223332,1.4519923,
Q155N,0.9937514,1.0489669,0.628116,0.43310997,2.1571357,
L167Q,-1.0483973,-2.5618927,1.6052347,-3.0572712,-2.4614081,
S188W,-3.783973,-4.323596,-2.681703,-5.4049563,-3.8180885,
R271M,-4.8562975,-5.4676437,-3.0085855,-5.200197,-4.2310166,
P115T,-2.4046295,-3.1441503,0.44347417,-2.5685794,-2.4089935,
R60H,-0.2941629,0.5251237,2.9665785,-1.2947676,0.9550879,
L249W,-13.114768,-15.17467,-11.00769,-14.600851,-12.952511,
I73R,-6.3600817,-7.3553495,-5.3127136,-8.145079,-6.378525,
L82W,-10.884588,-10.827744,-9.60137,-10.808785,-10.711023,
A179W,-4.795974,-6.9853597,-3.8483658,-5.295356,-5.230946,
N224K,0.67870337,-1.6470197,4.7882195,2.3010585,2.4839015,
Q223M,-4.366493,-4.1369143,-2.7468996,-3.4535456,-3.390062,
F28P,-8.32,-10.53176,-9.384641,-11.448221,-8.914442,
P276I,-1.1611109,-2.9621968,0.1860576,-0.6052768,0.3878659,
A300T,2.0092463,1.1699445,3.6091266,0.75608844,1.3229825,
T234A,-4.4867077,-3.2534842,-1.2427014,-4.628916,-3.307676,
E90Q,-1.6340716,-2.7393198,3.40432,-1.680012,-0.03522718,
I160W,-5.8860216,-8.56127,-3.5130687,-7.5932035,-5.555258,"I160L, I160L"
Y81M,-1.7165205,-1.0586537,3.4695473,-3.740652,0.82829416,
Q63L,-2.189351,-1.8532996,-0.088544875,-2.2754464,-1.6702394,"Q63A, Q63A, Q63G, Q63G"
K70S,-1.223085,-1.8416235,0.99857855,-3.1063051,-2.5949862,
Q186H,-2.6668959,-3.1591704,-0.90719974,-2.8344655,-2.3122866,
A194H,-6.4201202,-7.758706,-6.1139526,-9.323166,-7.3667927,
S210W,-5.2960668,-7.6624007,-3.3247654,-5.7006817,-7.1136074,
Q99A,-1.042347,-1.1670494,0.051630795,-0.5003822,0.5297587,
L214D,-13.854164,-14.772802,-11.440457,-17.15314,-13.710375,
A314K,3.8316388,3.7689815,4.9710636,4.620271,4.676488,
S51W,-3.8530023,-5.473017,-2.784112,-4.345735,-4.740968,
Q186V,-4.9393597,-7.1994476,-5.3908916,-6.3212986,-4.7767596,
G42S,-2.5773973,-2.3012512,-1.3657974,-4.240773,-3.218176,
Q219L,-9.504767,-6.581315,-3.7313428,-7.867712,-8.057064,
D113T,2.2637377,-0.42161798,3.6501458,-0.4697053,4.069709,
V83M,0.5618261,0.17614022,4.640012,0.37520033,1.4902864,
T52H,-1.3639289,-3.246744,0.16689137,-3.4392884,-0.15092623,
H270D,-5.478095,-4.667032,-3.7126226,-6.705008,-5.8559313,
G226I,2.8894293,2.9686346,3.6456828,4.281595,2.8886778,
D41L,-2.680712,-1.7890847,0.5491684,-2.1956327,-1.5834942,
L202T,-0.50038487,-2.2510371,1.54375,-1.8495424,-1.3528541,
K137I,-2.1989138,-0.6889614,0.3458438,-1.3975302,-0.29500473,
A194W,-10.322525,-13.677618,-9.486109,-10.137202,-10.127516,
Q95H,-4.413544,-4.8693767,-3.718716,-4.6124086,-4.436328,
L230G,-18.549532,-18.933409,-12.574134,-20.923208,-17.577084,
R145H,-1.5575955,0.0029334128,2.6608477,-2.2710278,1.2941227,
A281T,1.274992,1.0495441,2.7857852,0.20415525,3.6859555,
L212V,2.360371,1.8867005,3.8709536,1.5648408,3.0701506,
F80P,10.12299,10.033239,11.440421,6.133813,10.738836,"F80A, F80A, F80C, F80C, F80S, F80S"
H119D,0.51629424,0.9625473,1.1392133,-0.7246191,0.099317744,
V201F,-1.4427183,-1.5075147,-0.42690188,-2.1279082,-1.712909,
A194G,0.49815893,0.952492,3.258492,-2.5769453,0.25080574,
L129G,-2.6333513,-3.8127933,1.7846369,-3.0118468,-1.1581044,
T298Y,-2.727601,-3.002505,-1.820829,-4.8753695,-3.2123685,
V217G,-7.905381,-9.28713,-5.378975,-9.299415,-6.596737,
A114D,-0.22883876,0.41798955,2.7042646,-1.3813455,0.87730676,
Q63W,-1.6252638,-2.3969817,-0.3957652,-1.8363674,-1.5296375,"Q63A, Q63A, Q63G, Q63G"
Q219E,-1.2241095,-0.364264,-0.878619,-1.3244648,-0.14477834,
S101G,-1.74278,-1.7721932,1.5988457,-2.6972113,-0.94196343,
F34T,-4.616015,-5.604033,-1.4996109,-5.987243,-4.0352836,
V217D,-13.883462,-12.982133,-10.394026,-12.800301,-14.068063,
P276R,-1.7921708,-2.8488665,2.4890037,-2.8581874,-1.1602594,
F118C,-3.588891,-5.606837,-1.6293123,-5.087966,-4.181971,
V162C,-1.0116262,-1.265991,-0.09124025,-1.4564797,0.611646,
G158R,-6.4535875,-9.705652,-5.492562,-7.688567,-5.1135173,
R148E,-2.4374952,-1.4978243,-1.7694234,-3.1571069,-2.280105,"R148A, R148A"
S55K,-0.5204535,-1.5535706,-0.34479102,-1.6162674,0.68788314,
H149P,-2.1610272,-1.1562766,2.4943128,-3.1360009,-1.8703357,
E78P,-3.142673,-4.3287835,-2.645958,-3.9488144,-2.8670144,
Q99Y,-0.52076316,-0.9760902,0.24356121,-1.2810388,0.5961835,
L183W,-3.9447412,-4.9226217,-2.9175787,-3.527009,-3.7119524,
P11C,-0.06538846,-2.304734,-0.7286346,-2.259378,-0.3271661,
A295K,1.7834734,0.18513684,1.4316571,-1.9260297,2.2435112,
A251Y,-2.122176,-2.968008,-1.9997742,-3.9650347,-2.7180665,
T174G,-4.31841,-2.8687875,-1.9018676,-5.9357424,-3.6602974,
T147E,-2.1709201,-0.25775343,0.75489,-1.5328977,-2.4794724,
C150I,-1.6344113,-0.6440368,-0.78843826,-1.4792154,-0.37785503,
D173W,-3.6810646,-4.2946806,-2.79034,-4.0079875,-4.22858,
Y245N,-4.494065,-4.1838365,-2.8096113,-6.5688148,-5.7802787,
H143S,2.8980825,2.9697874,4.715305,4.8729596,3.5755563,
G283D,-5.7260404,-7.93933,-7.4615574,-8.427366,-7.5336165,
P115S,-2.8854613,-2.8176339,-0.90372604,-3.625586,-3.2696075,
L44Y,-2.8442845,-3.0188775,-2.5703206,-4.1025457,-2.7639668,
L225F,0.7765355,-0.7113216,2.0941863,-1.711052,-0.4576236,
T315V,-0.312376,-0.24364716,2.398756,-1.2992413,0.26761115,
G156N,-0.40983737,-0.70413,-0.21049404,-1.49407,0.42346883,
A169S,2.6235056,1.45666,4.3330016,-0.6605026,1.8970084,
Q75D,-2.4230442,-2.5187454,-0.68256176,-3.0146,-1.6110535,
L140H,-2.1439419,-3.3497164,-0.044605076,-2.4092097,-2.8855524,
D125W,-5.4842205,-8.312799,-3.557886,-7.058139,-5.5631533,
D96Y,0.7927144,-1.3448956,1.0966673,-1.5353665,0.039256006,
G88C,2.9288394,0.5030279,5.2434626,0.31023055,3.5418715,
H43K,3.3745627,3.0356836,4.0476913,2.9590921,4.326806,
L191I,-0.4905305,-0.117551714,0.43483883,-1.2344103,0.18061338,
Y245V,-5.545666,-6.194913,-3.3515034,-6.5574737,-7.5064154,
V128L,-3.5591378,-2.5918949,-2.8716025,-4.4309044,-2.5157552,
E14P,-8.581139,-7.8004093,-4.028352,-7.9018617,-7.6136017,
A189G,-4.0078225,-2.909138,-1.2107723,-4.544778,-5.374861,
E94W,-6.1395416,-8.312032,-3.304276,-6.5011654,-6.529275,
R299A,-8.584649,-9.864195,-7.662861,-12.062006,-11.883321,
T308K,-0.36708596,-0.91919583,3.7057333,-1.3222029,1.3045318,
W127C,-0.26441282,1.4325314,1.1554335,-1.274942,3.5242388,
T317M,0.4155767,0.8523094,2.870127,-0.2505194,1.3436582,
S188L,-1.6077394,-1.0290282,-0.41328806,-2.7546508,-1.2812259,
T174C,-4.0650926,-3.7926283,-2.6176417,-4.255124,-3.750557,
D125Y,-2.3855011,-3.7533236,-1.5475581,-3.760117,-1.9284167,
H318G,-1.1964633,-1.2947353,0.0061669312,-3.0447006,-1.685792,
Q303W,-4.1777964,-5.6190796,-2.91077,-4.0425434,-4.8886867,
P39N,2.8319867,1.4805758,0.8498135,0.92213035,2.8873098,
R154F,-3.475482,-4.021947,-2.9714837,-3.9456227,-2.3994074,
E78G,-3.590757,-4.131327,-1.4255316,-3.3720975,-1.7893448,
S242D,-8.625954,-9.933036,-8.698309,-13.6001625,-11.183746,
A189F,-3.0878787,-3.7428837,-2.360385,-3.5796165,-3.6964924,
L136H,-7.295575,-9.461095,-5.3641076,-8.703242,-7.4177866,
A187F,1.5022702,-0.27304447,-0.07703504,-0.84866196,-0.12815435,
A79P,3.3892035,2.9714913,4.673004,-0.77332693,2.967771,
G88D,1.44505,2.8975568,3.5570388,-0.6792896,2.4373884,
Q123F,-1.720444,-1.7163994,-0.1460079,-2.2364385,-0.59602463,"Q123D, Q123D"
Q12E,0.6220763,1.8387477,2.1659348,-0.8654835,2.464469,
T234F,-3.0069885,-1.8114767,-1.033141,-1.3197654,-1.0199319,
P104W,-5.635927,-6.1147842,-2.8448799,-4.7202272,-5.966409,
G142K,4.8294487,2.0282319,3.5824792,2.2220387,4.7182093,
V269R,-10.282289,-14.060953,-8.780083,-11.012594,-14.199778,"V269C, V269C"
R145L,-3.2023003,-1.056665,-0.417687,-2.8888552,-0.77214724,
R18Y,-2.8246245,-2.344503,-1.3764176,-3.8088937,-2.0440474,
Q304I,-2.0579252,-2.566714,-2.060361,-2.1349058,-0.66510093,
Y66V,-7.734146,-8.358613,-6.0153913,-9.963285,-9.458881,
F93Q,-7.4467754,-7.419772,-6.3829308,-9.516521,-5.67406,
S48K,1.0639061,-1.1236314,1.8660135,-0.7748614,2.1606946,
P228G,-3.3674817,-3.3134646,-1.4068964,-3.8606868,-1.6717348,
T26P,-5.72521,-5.3115273,-4.731245,-7.749404,-6.5395517,
W47K,-1.8969588,-1.0568919,-0.9574727,-1.127902,-0.38634655,
L225R,-9.060878,-8.62014,-4.025002,-8.1893215,-5.8518887,
L202H,-3.7224574,-5.224703,-0.6071427,-3.343892,-3.5039332,
K144D,-5.447047,-3.625105,-5.4109583,-6.694352,-7.021407,
H213F,-5.787655,-7.4612794,-3.5232892,-6.485471,-4.5822945,
P11M,0.06597155,-1.4918727,1.1500165,0.11785725,0.06981006,
L44A,-2.085885,-1.3410454,0.3808864,-2.8892298,-0.98423934,
Q12F,-0.27346712,-0.6861893,-0.5534977,-0.6980524,1.302851,
H92D,-0.86842334,-0.33660582,0.83141387,-1.9761124,0.48188323,
C102I,-2.4888654,-1.5723956,-1.3357205,-2.5003052,-1.3374124,
G203V,1.8203703,1.730207,2.9107122,0.60379684,3.344911,
Q45I,-1.5741465,-0.6679128,-0.6829306,-1.286762,0.4102584,
V221M,0.17351645,-2.2072377,4.018237,-2.3527012,-1.5857515,
T3L,-0.92916644,-0.418759,1.2196678,-1.154907,0.27012497,
R302T,-6.7571816,-7.5392585,-6.2991076,-10.312423,-7.808997,
L191Y,-4.508716,-5.7073374,-3.443884,-6.5650873,-4.1643257,
L182W,-2.7603245,-4.445054,-0.39274022,-3.2302456,-3.638934,
G283P,-0.73000413,-3.1900108,-0.20968673,-4.320956,-3.015857,
R288S,-1.8797283,-1.4312441,0.2356197,-3.301104,-1.9254103,
R265A,-18.351067,-18.697506,-15.025872,-17.974426,-17.458061,
T315N,2.7174404,1.4843063,3.4848905,-0.23445487,3.6343896,
P50V,-0.41695797,-1.0339737,-0.120742425,-1.346605,0.5303527,
V217I,1.0479697,1.4630368,3.4037669,1.1005535,3.1713254,
L141P,-1.5117055,1.2787896,3.6501906,-1.7572345,0.74803185,
T253N,2.0475175,1.1027491,0.9996741,-0.5136751,2.9273193,
Y66W,-7.7380977,-6.5118365,-6.373163,-9.501894,-7.8634205,
L209E,-4.8316197,-5.333535,-4.337968,-5.3287287,-5.536584,
Q12K,3.132845,3.2201893,2.7317975,3.7534456,4.3890953,
R15Y,-3.1766145,-5.44423,-3.5500784,-6.521793,-4.7904587,
G121A,1.7817278,3.0327747,4.72056,1.6045333,4.0095205,
R180G,-3.1997695,-1.9624584,0.5547816,-4.2023,-3.706941,
A35F,-1.0325198,-0.98004293,-0.0010813922,-1.3939596,-0.30024797,
C278V,-3.9992428,-4.007944,-3.028308,-4.792262,-2.7407246,
K248C,-13.556503,-13.952055,-8.662614,-12.273949,-13.49893,
R299H,-5.2660937,-6.197896,-2.9392338,-5.638098,-6.259726,
G237D,0.46675906,0.06844259,-0.54642594,-0.2873097,-0.22003186,
R68G,-7.7993817,-8.684672,-6.62925,-9.938124,-8.6314335,
A153V,1.0046245,0.29290384,2.6855469,-0.7293,1.5375681,
H247W,-7.6252112,-8.051912,-5.689397,-7.3805246,-8.335063,
L140P,-3.1236014,-3.9326782,1.1193513,-2.3336344,-3.2653332,
T147S,-0.7805873,1.1636434,3.3710637,-1.2558987,0.34768847,
E14Y,-2.4353833,-3.5875986,-1.3240283,-2.7366378,-1.618077,
F40A,-6.077147,-7.0204763,-5.345776,-9.510173,-6.9756007,
R58K,1.5131717,2.8076444,4.2877717,1.7949066,4.330617,
R58W,-3.8713114,-3.9528284,-1.7140977,-4.0506377,-4.1278725,
A169F,-0.04330297,-0.92479944,-0.8941331,-1.414648,1.5340164,
A35R,-0.090433806,-1.5376987,1.6353219,-1.1545928,0.4959681,
E205I,0.9419528,-0.8854249,2.0770826,0.16161981,2.5355334,
A251C,-3.443946,-4.0958447,-1.2782434,-4.3002796,-3.7862172,
P39E,-0.8919836,1.3626901,-0.87598896,-1.1346726,1.0217022,
S24L,-2.6812406,-2.247465,-1.3385111,-2.8945146,-1.9590701,
L225P,-13.35464,-12.058592,-8.184056,-14.90252,-12.420399,
Q223L,-5.158926,-3.2641063,-1.6501284,-4.887657,-5.058846,
P11G,-2.6719143,-2.6058888,-1.8555114,-4.7744555,-3.0718765,
G237R,3.3053045,2.5915437,3.6908345,1.1792427,3.0368927,
R302E,-11.713049,-11.830122,-13.081631,-15.6686,-13.606875,
I282S,-10.7128935,-8.7367115,-7.1971364,-13.103666,-9.557331,
I252A,0.39582735,0.94056743,1.5460646,-0.27506453,0.9735224,"I252A, I252A, I252Q, I252Q, I252R, I252R"
R154D,-2.4708173,-2.3311944,-3.6254392,-4.740631,-2.6679478,
P254E,-1.0937864,0.5069468,-0.7581247,-1.2247976,-0.9060513,
N224D,-12.303043,-12.106979,-9.929405,-14.686605,-13.334543,
E133G,-5.816697,-7.5004725,-1.678714,-5.4947405,-6.3367786,
Q222R,-0.08090322,0.27353364,2.302084,0.8562218,3.7586746,
V85Y,-2.6841245,-3.270294,-2.1012526,-4.966045,-3.8623607,
I235E,-23.082745,-22.590248,-17.039045,-24.742504,-23.97218,
W289P,-13.682828,-13.167025,-9.151118,-15.91363,-13.062616,
H318T,2.059287,1.7798419,4.1175895,-0.15162842,2.652196,
D293F,-5.9081326,-7.8557825,-2.6183639,-5.7486024,-3.652813,
R265I,-11.947786,-11.468517,-10.062241,-10.615671,-10.386443,
A169D,-1.9533466,-1.8847904,0.23765245,-3.699965,-2.659197,
T174S,-0.75459504,0.4572443,0.42376965,-2.246523,-0.9930779,
R216N,-2.5762722,-2.9702692,-0.6304728,-3.4803512,-1.7013139,
R316I,-0.7945124,-1.8489132,-0.09864468,-1.5059034,-0.63984865,
T211W,-5.5445385,-6.4506073,-3.199682,-7.1311603,-6.405846,
F287C,0.8643801,1.3153303,3.8172917,-1.0779079,0.9284452,"F287W, F287W"
I100F,-2.103356,-1.5619218,-1.8110118,-4.384793,-3.3241036,
S61V,-2.1103525,-1.6032089,-0.808146,-2.2593193,-0.60934865,
L141A,-0.068194345,1.6622285,3.7404194,-0.45738363,2.5191436,
L136W,-8.947749,-10.098864,-5.0970373,-8.103932,-8.418237,
A20G,0.10207076,-0.087745026,2.6178677,-2.5935326,-0.12431827,
Q222N,1.7494376,1.8915637,1.040411,1.0794178,2.7886105,
E218S,-2.360227,-1.6318957,0.9768494,-1.8098001,-0.9068029,
T298E,-8.688509,-7.497698,-9.013129,-10.015624,-11.248223,
F28N,-3.815914,-3.150701,-0.94555247,-4.638842,-3.9071207,
T49Q,-1.1134841,-1.210187,0.31932488,-2.2630992,-1.217579,
G105C,-2.9424777,-3.6560936,-2.8707733,-3.46882,-3.6787732,
F291D,-21.9709,-21.84623,-17.94378,-26.08617,-24.369278,
C239V,0.14679125,0.23739934,3.493526,0.51784027,2.3992722,
S89Y,-1.7916353,-1.9729409,-0.18917969,-1.9135072,1.1233032,
K137T,-0.5202207,1.4149845,3.9703083,-1.3889643,1.1197556,
E284T,-2.7224228,-3.701205,1.5055835,-2.636978,-2.081764,
F291L,-5.14154,-4.413931,0.06954056,-5.937258,-4.5352173,
I282M,-5.6981897,-6.317111,-3.2572978,-7.650753,-5.9816747,
H213R,0.478686,-1.1970537,3.9207191,-1.2018774,2.9476175,
S204K,1.6066804,-2.6413164,3.7048168,0.119665764,1.9984331,
K144E,-3.5171008,-1.2826389,-2.4574862,-5.3216524,-5.268626,
G88F,2.0560784,-0.0060978457,3.8255067,-0.31899577,3.9089065,
R271C,-1.784187,-3.6019926,-1.4118963,-2.462676,-2.2964795,
E21Q,-2.9874387,-3.0488179,0.6797118,-1.9623251,-2.0199485,
R148F,-3.2155728,-2.1534052,-2.0760596,-3.4923089,-1.8850324,"R148A, R148A"
D25W,-8.254031,-9.663212,-3.211794,-6.9451585,-7.023514,
Q155K,-0.5342017,-1.469934,-0.07464959,-0.62451494,1.7046238,
L157G,-6.16459,-4.9448,-1.4265583,-7.02518,-6.738991,
A309M,-3.2493658,-4.540163,-0.18678832,-3.2310228,-3.1728928,
Y66Q,-10.173708,-8.946136,-7.3916903,-12.220314,-10.129602,
A309K,-5.102578,-6.415557,-0.18870604,-4.97937,-4.3084426,
T298P,-6.9743714,-4.3675323,-0.89273524,-6.948034,-5.8031254,
H270M,0.5074366,-1.1520982,2.131237,0.29029858,1.5476418,
E205R,0.17961454,-1.0853169,2.5200348,0.21517774,2.7254157,
C307H,-0.6999652,-0.6315094,2.1383145,-2.3973548,0.10416648,
S24C,-2.634318,-2.4724174,-1.5240102,-3.3834324,-2.4917789,
I100K,-2.3171222,-3.7638783,-1.2207959,-3.870911,-1.7596202,
R111E,-5.5494637,-4.2352057,-4.4790635,-6.7502356,-5.7345977,
P254V,-5.56219,-5.455492,-2.900701,-5.303299,-4.5875845,
V261K,-4.480132,-6.9135365,-2.1749163,-3.2288556,-1.7924733,
Q197L,-0.6685268,-0.28916097,0.93957865,-0.44650713,0.15249841,
D113F,-2.291491,-3.5767047,-1.654534,-3.1985102,-2.637373,
A300H,-0.28692877,-3.6039424,0.11180735,-2.9222763,-0.73487806,
T84H,-5.084491,-2.7548752,-3.1392546,-5.649241,-5.92334,
D125K,-2.4453988,-5.354352,-1.6560965,-4.353613,-2.5263667,
H43R,2.5408044,1.6606035,3.7249303,0.78879595,3.7033055,
P2T,1.2769738,1.9709624,2.7364142,0.11027172,1.4054341,
L129M,-0.9569423,-1.5795559,2.5936067,-1.3776014,0.5193803,
F151K,-8.514149,-10.280794,-6.8138003,-9.566484,-8.382107,
A187D,-10.828455,-15.30659,-9.44373,-13.130306,-12.284353,
F40V,-2.5270684,-1.7644045,-0.8843639,-3.3901353,-2.2461014,
Q45W,-1.7541852,-2.1631546,-1.187783,-2.6083002,-1.900465,
T256E,-8.728613,-6.261739,-8.028859,-10.741887,-8.661202,
G97W,-4.243502,-5.274947,-3.2642813,-4.392606,-5.955843,
R302S,-7.809058,-6.770757,-7.999894,-10.712275,-8.81181,
R68S,-7.5465217,-7.1192245,-5.760176,-8.639929,-7.4761,
T298N,-3.0492926,-1.7398851,-1.5182991,-4.743946,-3.6752968,
G106E,0.9113864,3.592904,3.2485297,0.30672765,-0.19260412,
D198M,-6.3828115,-10.172083,-8.539053,-8.17861,-6.137873,
I282E,-12.297443,-11.683901,-10.485175,-15.158268,-13.655268,
L184K,0.15182234,-2.0578535,-0.029486746,-2.567591,-1.2850533,
A20E,2.1157756,1.0021306,2.992146,-1.5673968,0.41735032,
W19Q,-7.3690014,-7.143712,-3.3265076,-8.957183,-8.902788,
A135H,3.3896265,1.241301,4.94803,0.34926033,3.3050642,"A135W, A135W"
W260D,-15.616692,-14.291439,-10.401508,-19.047337,-14.746231,
E133L,-1.5358765,-2.1594665,-0.36294356,-2.0710304,-1.3147302,
C168N,-4.1119347,-4.134348,-1.2550274,-5.701585,-4.695358,
V269G,-5.4077506,-4.5407705,-1.0446706,-6.724388,-3.2808728,"V269C, V269C"
P86I,-6.524437,-5.7806945,-3.8403585,-5.3149056,-5.588113,
F118N,-7.236784,-8.0138235,-5.9723663,-7.82593,-5.978155,
Q75S,1.3418052,0.23333785,2.9324684,1.2382805,1.7914342,
T122S,2.6237686,2.9518213,4.5053835,-0.36489522,2.3750496,
Y220P,-20.273636,-20.5205,-15.253151,-20.725388,-22.500982,
V269I,0.75996274,1.0900218,3.1682324,0.61985135,0.8025895,"V269C, V269C"
K137A,-2.5074139,-0.5048331,1.9984117,-1.1299946,-1.2980857,
S204L,-2.1268048,-0.74113613,0.69036305,-1.6862988,-1.24609,
K130G,-8.69266,-7.6076646,-7.734828,-10.1497135,-9.247974,
T211E,-0.7952693,0.83033055,0.00056207925,-1.5855855,-2.0891936,
F291Q,-17.672935,-18.060844,-12.080162,-20.544538,-18.06303,
E185L,-6.4406376,-8.341086,-3.2986376,-6.2425175,-4.4994316,
Q296G,-1.8460933,-1.454948,1.307324,-2.8727527,-1.1137047,"Q296H, Q296H"
G42T,-2.7538998,-3.8544178,-0.93648434,-4.9242396,-4.0110745,
A251H,0.6926537,-2.1625385,3.0793667,-1.3908482,0.6043171,
R244A,-6.8221874,-7.892483,-6.735776,-10.616521,-9.380651,
S175N,0.86197627,-1.0375938,1.7626117,-1.9465451,2.0491886,
Q303E,-2.026011,-1.1504067,-2.1776967,-2.729834,-2.0162268,
T315S,2.9598193,2.6466737,3.9486508,0.0952981,3.1833441,
T190I,-0.24020655,-0.49862742,-0.9121558,-1.010962,0.13655463,
V217H,-16.819618,-15.351144,-14.873079,-17.798428,-13.263884,
S69V,-2.5017774,-1.6207533,0.35285044,-2.1926184,-0.79293215,
R316M,-1.6679411,-2.6867046,-1.3066236,-2.9050477,-2.189053,
G142F,0.2669015,-0.95979357,0.2636678,-1.5602057,0.024157941,
F40L,0.117825374,0.29265374,4.1034894,-1.9187893,-0.51535475,
Q219R,1.9858873,0.81927216,3.3345168,2.296352,3.1356575,
Q223S,0.34587407,0.00035056472,0.4136783,-1.5391514,-0.09095855,
T317K,4.1449013,3.9427176,5.635108,4.4208984,5.345701,
S62V,-3.7122629,-3.8928168,-0.4978174,-2.7873688,-2.9758282,
R180F,-3.5257072,-3.0252686,-2.4779189,-3.7373343,-1.8337338,
F151D,-11.506397,-11.701735,-9.222338,-12.347117,-11.6491165,
H72Y,0.766677,-0.48552126,0.8816361,-1.2596947,2.4310174,
G226F,1.2763603,0.96518195,2.3439288,0.67349905,1.1393266,
Q219K,0.34781405,-0.7579646,-0.09497833,0.571365,1.3634537,
E133P,-3.7397585,-5.732993,-2.0681348,-4.577712,-3.8468413,
L184Y,-0.8283056,-0.24852669,-0.24447659,-1.3186684,0.3017875,
L193V,0.54877806,1.6020911,3.5114346,-0.41186926,-0.7734356,
R316P,-3.357983,-2.5078213,-1.7619805,-4.7071357,-3.8855286,
Y27E,-9.603711,-9.698061,-8.345104,-10.863379,-12.881258,
F40M,-3.8808806,-4.3586264,-2.2621663,-5.059732,-3.8076706,
L131T,-2.0614932,-4.058801,-1.8542109,-4.4457912,-2.301531,
K144R,-3.5534592,-1.8053383,0.6553137,-3.621963,-3.141863,
R170N,-0.015408516,1.5680172,-0.47595632,-1.5046341,0.61071676,
E205A,1.6462384,-0.7386236,4.576625,0.5810564,3.1939433,
L184D,-5.509151,-4.590794,-2.6524153,-5.7747173,-6.5528226,
C168K,-8.89903,-11.974386,-6.690277,-11.171846,-9.010615,
P176T,3.032198,2.5484016,2.6248934,1.7486018,2.8869548,
I23K,-7.9461308,-10.5650835,-7.791597,-11.060105,-10.05745,
S67M,-3.7681866,-4.0856094,-1.461612,-2.9579191,-3.5428739,
R134F,-1.3768773,-0.20011955,-0.32701498,-1.5553269,0.50894976,
A71N,4.785413,3.392565,4.352263,3.145823,4.9155083,
L195V,-2.8073905,-1.431706,0.3373869,-3.6369848,-3.0967262,
D227C,-4.8744693,-4.6904078,-1.2853098,-3.625584,-2.3158984,
Y305F,-1.3145996,-0.21457934,3.021741,-1.0404549,0.59199065,
Q294A,-4.162717,-4.679633,-2.940538,-4.2895947,-3.3326545,
D198E,-2.1645737,-3.6463833,-1.9706761,-3.611442,-2.5465186,
S207M,-2.072488,-2.7850845,-0.46399567,-1.6101819,-1.6445833,
P232M,-2.4468822,-5.137727,-0.25811023,-2.8028903,-1.6745332,
L285S,-6.852233,-7.261002,-4.7309847,-8.459522,-6.2397623,
P29W,-7.7857237,-9.32332,-4.852907,-6.535362,-7.827756,
K248H,-7.1279407,-7.7189107,-4.610138,-8.217605,-8.2207,
Q264S,-3.4588966,-3.4625378,-3.318355,-3.3808112,-3.0735528,
I108T,-3.2870572,-4.593189,-1.6547244,-6.4975224,-5.0806503,
R58L,-3.298924,-2.0020864,-0.18372872,-2.9314752,-2.0646846,
H92C,1.0308666,0.035846412,3.3439736,-0.8257584,3.2204585,
I160L,-3.8142931,-2.7960658,-2.2004433,-5.6188936,-3.562624,"I160L, I160L"
P177I,3.480574,3.7135124,3.1755166,4.47565,2.7125988,
S57G,-0.4730293,-0.5781926,2.1372569,-3.0766299,0.3578782,
R58F,-2.3921294,-1.7654512,-0.4000408,-2.48944,-1.071493,
S204M,-2.1265335,-3.3327565,-0.52589107,-2.182465,-2.0643034,
L157Q,-8.631292,-7.74434,-4.5322905,-9.653028,-8.8393,
P177G,-4.431461,-4.1608925,-2.446789,-4.700002,-3.702331,
E185I,-4.3826857,-7.29205,-2.3388612,-4.5953856,-3.49017,
F80M,6.329835,5.74893,7.991081,5.2118807,7.626188,"F80A, F80A, F80C, F80C, F80S, F80S"
P86V,-5.6502624,-4.9446144,-3.0514383,-4.529769,-5.1496077,
G88M,1.0202923,-1.0300698,2.5624921,-0.5522708,1.9476175,
Q12H,-0.61634034,-1.4032284,1.1214998,-0.85879624,1.5743501,
V221Y,-9.57581,-11.17073,-7.917159,-8.853966,-8.713615,
Y146H,-4.5279126,-4.395445,-0.9744121,-5.565706,-4.1263924,
A135C,-0.32793966,-2.4404287,0.9700067,-1.5859866,-0.5705,"A135W, A135W"
L280K,-0.1207728,-1.4653387,3.3535995,-1.2710991,1.4551737,
N208L,-4.5929766,-4.23623,-1.7002119,-4.724305,-3.7751794,
Q304K,0.7499841,0.08543435,0.37853378,0.91315836,3.3824341,
V85F,-1.9660056,-3.1716802,-1.0791578,-4.045805,-2.9652145,
L54T,0.31084892,-0.19896221,2.8283315,-1.3002518,-0.32351172,
N258F,0.6053239,-0.5027089,3.8497705,-1.1360922,2.3598342,"N258S, N258S"
G121E,0.3587025,2.6102464,2.7418997,0.13641499,1.7086165,
G74R,3.8699775,3.1133938,5.5687313,2.6737833,4.5491824,
L82H,-9.719212,-9.297658,-10.218697,-11.006638,-8.2984,
L129V,2.2593012,2.4006996,4.0661206,1.4062724,3.722784,
E199P,-2.8843412,-2.750328,-0.21067509,-2.3532574,-1.1751527,
A36D,1.1192292,1.8940899,1.6992278,-0.4912717,1.4967555,
K70A,-1.9646101,-2.130559,1.3612202,-3.5571785,-3.348476,
F151I,0.1893301,-1.3838753,2.5853453,0.5853808,0.62332296,
N139G,-3.8846865,-5.0706177,-1.0186596,-4.3135614,-4.3229074,"N139A, N139A, N139R, N139R"
P132W,-9.758703,-11.999509,-7.902064,-12.300848,-11.373304,
L165N,-8.865702,-10.147364,-5.934579,-9.750776,-8.018467,
P104Q,-2.3041925,-1.5912385,0.3220458,-2.9204042,-2.1486812,
D125C,-4.7973814,-7.7375946,-3.3719494,-6.2484503,-5.2855115,
L214T,-3.2260966,-4.654228,-1.4213715,-6.5450706,-3.2717953,
S210P,-3.7314944,-4.195651,1.5603905,-4.494117,-3.5178864,
V217E,-15.12855,-15.003417,-11.27247,-14.835218,-14.635048,
L136Q,-6.093466,-7.883762,-2.9885216,-6.7899337,-6.1081133,
G105Q,-4.7882996,-4.6849775,-4.2718782,-5.971472,-5.258177,
L131K,-8.29191,-11.425011,-9.322842,-12.521522,-7.547572,
Q233W,-6.0367594,-8.143446,-3.9764056,-6.055777,-6.396039,
R200L,-5.15383,-4.01631,-3.6873178,-5.746258,-5.514346,
V201P,-7.7508388,-9.204871,-4.8111596,-8.214372,-7.355383,
G121T,2.9407184,1.4649541,4.656522,2.9624605,3.2851331,
Q264R,1.1705391,0.8917629,2.5165865,1.8455436,4.1612716,
Y245D,-9.284407,-11.162291,-10.829695,-14.770459,-15.615074,
M1A,-8.348946,-4.0765724,-6.9494686,-6.158828,-4.0619974,
F301Q,-19.394718,-18.789267,-12.741869,-19.676886,-17.562181,
A309L,-2.9669912,-4.4568033,-2.3775833,-4.0270233,-4.546649,
S62A,-2.360764,-2.6155643,2.6354628,-2.5166075,-1.5023637,
T308E,-12.375689,-11.169366,-11.360266,-14.621016,-13.494604,
F287A,1.5439415,4.320893,7.0206313,-0.26955968,0.7080889,"F287W, F287W"
Y146I,0.2089414,-0.50272584,3.1726065,-1.5769924,-0.228398,
S101P,-3.1340508,-3.590209,-1.7872834,-4.88798,-3.6675847,
S188A,-0.5287909,-0.09967536,2.0957117,-1.7603441,0.6931419,
R244F,-12.98848,-15.858917,-11.291515,-16.923952,-15.513153,
T49L,1.2144215,1.1343782,2.6628053,-1.1548362,2.2688446,
W289A,-1.6722031,-1.0079465,0.17714497,-3.833956,-1.5494454,
S67P,-6.1447153,-6.915947,-4.3964534,-8.38815,-6.283244,
F172C,-4.457904,-5.334596,-0.743018,-3.3616457,-3.7270033,
F93M,-4.6757846,-3.795477,-2.5557475,-4.748684,-5.4794984,
V269S,-3.4893818,-2.813962,-2.502545,-5.5648766,-3.4005532,"V269C, V269C"
F28A,-6.9877324,-10.130718,-6.369098,-9.940342,-9.169299,
D293H,-0.4684766,-0.95331955,4.3626833,-1.8875458,0.72267795,
R145S,-1.7610414,0.4738114,1.6469988,-2.1993961,0.25289008,
S57Q,-4.634896,-3.233347,-2.9816675,-4.1773286,-4.2732244,
E229W,-3.4007688,-5.8823786,-2.2365513,-3.5248795,-2.732903,
A236Y,-10.621335,-11.177933,-7.9284124,-12.552096,-10.241003,
L193E,-4.333493,-3.997015,-3.5472257,-5.3731966,-4.711025,
E218W,-2.5887365,-3.805736,-1.7535658,-2.4516008,-2.3373337,
C307Y,2.165182,2.3993022,4.71173,1.5019276,2.5009985,
L167E,-3.6493576,-3.730108,-2.4723928,-3.841745,-3.8677325,
S175L,-0.52985895,-0.53884935,-0.08302966,-0.9588997,-0.39814845,
Q123I,-1.0565258,-0.47032875,1.2291957,0.29735312,2.260477,"Q123D, Q123D"
K144T,-3.284528,-1.7463939,-1.409698,-2.9195771,-4.388052,
R117Q,-0.10963465,-0.027957767,2.4984775,-1.8380405,-0.8129475,
R244C,-12.091826,-14.085054,-9.838997,-14.182148,-15.091995,
T7V,0.5384618,0.537164,2.0904331,-1.5023029,0.82960975,
S69K,2.2819269,0.93519783,4.2057095,2.5234141,4.5807734,
G206Y,5.5690565,3.7505167,4.697825,2.4030907,6.3459425,
S48G,-0.26597175,0.16931102,2.9284868,-1.9353952,1.8067056,
A314Q,1.6298027,0.08226743,4.377758,-0.77363586,1.9172747,
R15H,-3.1045697,-4.4226985,-3.2472453,-5.5864735,-3.6310453,
H119K,-0.13224094,1.1022646,2.2092462,0.28304845,2.9341066,
A268H,1.2192119,0.9322398,1.9850994,0.15920058,3.1618967,
Q196S,-0.08278747,-0.050339624,-0.42480296,-0.9898912,0.17255546,
R117H,-0.6768104,-0.29532254,1.9126014,-1.0479378,0.17443037,
Q45L,-2.7592125,-1.3834934,0.20507886,-2.942394,-1.9919106,
T84Q,-4.7925024,-4.152191,-3.0857294,-6.1613584,-4.9082284,
E163L,-17.474646,-16.837387,-7.93247,-12.154826,-15.008715,
A22N,1.5805471,-0.7140775,2.220129,-1.822009,1.0517979,
G240Y,-5.9875154,-7.4319615,-1.5948956,-5.5548544,-6.4741745,
Q303K,2.424779,0.6258012,2.5652275,2.7378535,3.4404473,
G158C,-6.3837433,-7.0809755,-4.582986,-6.566928,-5.5288363,
F297A,-5.211241,-6.3138313,-2.744172,-7.8507814,-5.8519363,
R288E,-3.2809267,-2.6626015,-3.984054,-4.837433,-4.869624,
C168P,-8.706452,-10.110043,-5.574055,-10.183125,-10.22006,
E94V,-3.8896787,-3.7893462,-2.4318626,-3.7260935,-3.3544629,
A138H,3.8663235,1.3853059,5.624445,1.142125,4.3762746,
F297M,-2.931911,-2.1291256,1.3422612,-3.4709706,-2.5928106,
L167R,-2.8007312,-4.628391,-0.82755035,-4.519457,-2.1184087,
L136K,-5.559462,-10.879909,-5.9936466,-7.208867,-5.3961177,
L59N,-2.0460188,-1.5969236,2.9852815,-4.0627804,-0.40205655,
T253K,4.699107,4.1067386,4.8425646,3.3701289,5.3706255,
A238Q,-3.9611828,-4.18001,-2.8937175,-5.0475035,-4.372731,
G158I,-4.567696,-5.9604974,-2.3631244,-4.117875,-4.123104,
G112H,-1.4326302,-1.2735033,2.159431,-1.9360999,-0.22456947,
D275M,-3.1808672,-3.9624615,2.0141418,-0.71049845,0.097013935,
A295N,1.8747795,-1.1377472,2.9737518,-2.043153,0.7716103,
R68F,-10.420838,-11.054826,-9.206627,-12.698341,-11.602417,
G88L,0.44107646,-0.049794048,4.39042,-0.80462897,2.2529137,
Q303S,-1.7638646,-1.309939,-0.5838188,-2.5325835,-1.5377114,
Y255M,-8.962393,-8.564375,-5.0402102,-8.498882,-8.17682,"Y255L, Y255L, Y255M, Y255M, Y255T, Y255T"
L131F,-0.5443547,0.12967207,1.5394869,-1.4921386,1.1991816,
D41Y,2.183062,-0.90310544,2.8305464,-1.4683244,1.4050717,
L193I,-0.123200506,1.473341,1.4983416,1.8359287,0.22692628,
G203M,2.3782198,0.81200546,2.8711782,2.0115314,3.8316476,
L184Q,-2.223773,-2.0648918,2.0118647,-2.8481586,-2.1373062,
H87E,-1.4009349,-1.5317323,-1.4179935,-2.8531418,-2.2078724,
P177R,0.051480934,-1.6814559,-0.43192554,-1.8178859,-0.7562665,
T26H,-2.4972506,-2.797202,-1.1084754,-3.620884,-2.4156506,
L246Q,-12.7218685,-11.2645645,-8.931187,-15.266593,-10.962568,
Q264C,-1.4748368,-2.561798,-1.3299352,-2.313031,-0.2251221,
A189V,-2.083594,-1.6760321,-0.34491172,-2.4714866,-1.8707376,
R288V,-3.8265471,-4.5359035,-2.8244586,-4.5522146,-3.7760754,
N124L,-7.4926214,-8.302929,-6.439462,-9.467543,-7.245271,
C150T,-2.0322027,-2.4897325,-0.7984384,-3.5698047,-1.9212344,
L183G,-7.5351834,-12.516578,-9.071992,-10.699816,-9.973112,
E267Y,0.70083535,-0.98010534,1.6831969,-0.9680188,1.5960456,
F118Y,-2.4145503,-1.2356374,4.3234477,-1.8476049,-1.0250915,
R68E,-10.728816,-12.426044,-9.4517765,-13.214258,-10.799386,
A251M,-2.372197,-2.6805112,-0.10353437,-1.4754863,-1.7106524,
I252D,-0.20088613,0.39318925,-0.49146974,-1.5105407,-0.963563,"I252A, I252A, I252Q, I252Q, I252R, I252R"
H92Q,3.6130452,2.9602296,6.1919546,2.7730806,3.7428606,
V261A,-6.2870274,-7.5212364,-3.5428054,-8.495616,-5.6716204,
A309F,-4.753894,-6.3825397,-3.8459053,-5.9038496,-5.589298,
K130V,-11.344877,-8.960183,-8.780945,-12.095934,-10.351538,
F80Q,8.662324,7.3446198,10.932311,6.675554,10.094804,"F80A, F80A, F80C, F80C, F80S, F80S"
V85W,-8.420214,-9.665018,-5.834038,-7.9281,-8.44496,
N139Y,-1.0033467,-2.2038093,-0.6905494,-2.9011476,-0.9811489,"N139A, N139A, N139R, N139R"
G74A,1.715582,2.612484,4.2233324,2.4323869,4.0282173,
E284D,-0.83749604,-1.204408,0.18168291,-1.9954834,-1.3908348,
Y305H,-8.725401,-7.6025224,-4.561371,-10.583336,-7.3392577,
G142Y,3.1840782,0.6716271,3.176378,1.3174951,2.3834658,
R274S,0.8281536,1.0111276,2.8701234,-1.2745509,0.46892908,
G306S,-2.1451328,-2.8238761,1.7737417,-1.972024,-2.0192006,
E78C,-5.699224,-8.046902,-3.4746275,-5.360583,-4.4384193,
P254G,2.7366982,3.0390124,3.3714337,0.68720883,3.6673048,
L183P,-8.158581,-13.453903,-9.2339,-12.740532,-10.169996,
L273H,-13.033161,-13.75934,-8.493435,-14.7894745,-12.970001,
E4F,-0.8440565,-1.1191043,-0.28191903,-1.0420113,-0.56797624,
L64Q,-3.3482695,-1.9021207,-1.5701692,-4.617926,-2.5405772,
R134Q,-3.8405428,-2.2530894,-1.913042,-4.158675,-4.0930634,
S67D,0.417284,0.7930641,2.6665778,-0.9959385,2.7568424,
L273K,-12.743517,-15.338483,-9.463079,-14.453222,-13.939207,
L285W,-3.8694165,-4.88281,-1.6623945,-5.500955,-5.0925293,
T256V,-6.3945045,-5.797162,-3.1062417,-5.7232113,-4.6262336,
E163D,-1.1654392,-1.3821621,1.3411796,-2.3747053,-1.0351821,
E311G,-6.0375805,-8.20745,-2.515543,-5.821391,-4.7749214,
V162Q,-2.4032786,-2.4853625,-0.72809327,-3.2261229,-2.5944462,
R148Q,-1.9016044,-1.0174121,2.2410374,-2.1664782,-1.4684594,"R148A, R148A"
G283R,1.5769877,0.03855685,1.6690717,-1.477755,1.9337955,
T315H,1.3192867,1.2132337,4.2077703,-0.37322095,3.350002,
S103C,-1.1302927,-1.9906152,1.6171756,-2.034835,-0.8736202,
H87Y,0.46477556,0.8250533,1.3030075,-0.9214971,3.3850245,
T26D,-2.2359045,-1.8658483,1.3619398,-3.2797804,-2.5032392,
D293W,-5.828267,-8.992101,-2.4515946,-7.035784,-4.6969657,
L257E,-13.002279,-13.672141,-11.74955,-16.147762,-17.948069,
R313Q,-7.0433693,-6.832274,-5.3117695,-9.441557,-7.508612,
L214G,-9.701698,-9.365745,-6.5119543,-11.95723,-7.592171,
L167Y,0.15655763,-1.0968878,2.7891827,-2.180973,0.9541111,
A236E,-13.9676895,-12.301125,-12.238963,-17.929918,-15.249655,
N258S,2.2897205,2.3785038,3.3124022,-0.20403987,2.8057773,"N258S, N258S"
H98A,-1.2715309,-0.61761004,-0.104752906,-0.8592855,0.07388759,
R111P,-6.0477777,-4.820738,-3.0254695,-7.6885724,-6.420287,
L30Y,-6.3839965,-4.3993654,-4.9605465,-6.5626698,-5.614353,
P86Q,-4.7356853,-3.8092313,-1.97731,-4.341481,-3.8351548,
G206F,3.560911,2.6120453,2.5014658,0.9108225,5.3854322,
V312I,3.0855293,2.0781982,3.7545714,2.7410865,5.2668924,
V261S,-7.9880686,-8.5563545,-5.7615094,-9.423065,-7.4279823,
L82G,-10.173142,-10.401207,-3.9581175,-10.092208,-7.762725,
H279K,3.5690317,1.4862461,4.590345,3.5527406,3.3480935,
S55P,-2.703052,-3.6427922,1.3114442,-4.9660864,-2.6527786,
R316N,2.8825543,1.4790683,3.5117588,1.0509422,3.2492301,
A281Y,0.8902104,-1.1581602,1.4962008,-1.5423517,0.68492,
A268N,0.785365,-0.10526481,-0.54394543,-0.5356804,1.7853484,
V312Y,-0.9166511,-1.397071,-1.046417,-1.770755,-1.6795552,
A178Q,-2.4424167,-1.4515226,0.11447589,-3.2022448,-2.9783664,
R148P,-1.6315238,-0.25159344,2.1235585,-2.5614526,-0.5371706,"R148A, R148A"
T211F,-3.485652,-2.9213986,-1.9528333,-4.046536,-3.3549986,
C307S,-1.9817277,-1.6803961,-0.010380141,-3.2692251,-2.507163,
G203Q,2.7209935,1.775605,4.009207,0.7868558,2.6106024,
L56S,-1.0218439,-1.4209527,2.471489,-2.0667033,-1.2703497,
I23Q,-5.826202,-6.1498823,-3.4750834,-7.0598984,-6.863182,
E284W,-12.269531,-15.5144615,-7.021208,-11.923611,-11.33839,
L243Q,-4.428974,-4.18004,-4.0443535,-6.0958424,-4.5685263,
S210M,-1.975374,-2.5495594,-0.06749463,-1.3499281,-0.44900128,
Q196G,-1.8903621,-0.8370098,-0.62894183,-2.1939306,-1.0069697,
H43A,-0.6396494,0.19994591,2.7719715,-1.0294101,0.487052,
P254C,-3.5046148,-4.0248485,-2.7367618,-4.2550297,-3.371479,
L273G,-16.855293,-16.798233,-11.952685,-18.938776,-17.276644,
N258K,3.7684703,0.92670035,5.6847587,0.4621848,4.1270432,"N258S, N258S"
Q197T,-0.7841689,0.31714782,-0.017751783,-0.2429396,1.0485476,
T256A,-4.7266817,-3.6259327,0.3113228,-4.20076,-3.3321724,
A138G,-2.5593328,-2.965909,-0.46503475,-4.350773,-3.070785,
L5T,-3.108336,-4.9189425,-0.61016315,-3.8550234,-3.8278742,
G206H,5.1177726,5.151625,5.8665757,6.6677036,6.6548114,
A169I,3.1822138,1.8183758,2.8477206,3.843331,2.8045912,
P53H,3.6835544,3.646736,3.8872528,2.4809203,4.614907,
W47R,-1.563081,-1.4188898,-0.43021333,-2.9124885,-2.0195508,
H213Y,-0.3507776,-0.3297767,-1.1452719,-1.9551201,-0.7042414,
S69P,0.24347654,-0.9708046,2.7597942,-3.3902879,-2.3453526,
H43I,-0.32769763,0.038987566,0.95458126,0.31794292,0.6802623,
F107I,1.5056918,1.8432214,4.5823917,3.1535132,2.8130143,
R316G,-1.0527992,-2.1398664,1.0994995,-3.6470299,-2.5164447,
V17Q,-1.0637507,-0.21570912,2.5547376,-2.6529279,-1.0276295,
R18W,-8.090017,-9.8506,-5.494066,-8.5181,-8.171391,
T174Y,-0.16465816,-0.6202197,0.25177175,-1.7084887,0.110867724,
F34R,-6.5861335,-8.934275,-4.3646092,-7.665718,-6.736163,
I73H,-6.377604,-7.593157,-5.4162827,-9.081195,-7.105358,
F34L,-4.059659,-3.8147984,-0.27689734,-5.160383,-3.9129908,
T174N,2.6718216,0.79563946,2.6740124,-0.6306727,2.3493924,
R46T,-4.3562098,-1.6884093,-1.6919519,-3.7483053,-1.7470894,
E259F,-3.1464653,-5.2662764,-0.7797533,-3.5141773,-2.201447,
H171G,-3.5897467,-3.030561,-1.2652025,-3.9465744,-3.653771,
W127Q,-1.9549358,-1.1229234,0.5369923,-3.9588869,0.4652321,
Q196I,-4.6978703,-7.0108376,-3.6744308,-4.026533,-2.9273086,
Q264W,-6.6189804,-10.681564,-5.4249315,-7.386245,-8.387697,
A286K,-6.888753,-7.4671106,-3.375535,-8.066467,-5.563597,
A153N,1.4787271,0.16373467,4.0004206,-1.2039607,1.2450173,
H213C,-3.521353,-4.191819,-2.484905,-4.4332542,-2.5656402,
Q272N,-0.86360556,-1.0417604,-1.0445452,-0.9006942,1.3383719,
S101V,-2.49375,-2.1748433,-0.71535534,-2.2703195,-1.5983806,
G97L,-3.7467568,-3.004832,-0.69941545,-2.0497296,-2.6620097,
Q75N,2.7330165,1.2730788,3.0840585,1.64289,3.9836206,
A286F,-4.4066615,-5.931014,-3.425599,-5.4495153,-4.6584864,
A114L,1.5446706,0.4233053,3.6174176,0.14799526,1.3761461,
T315C,-1.1190683,-2.8369641,-0.44512355,-2.297775,-1.3721573,
L32E,-4.373988,-4.7394104,-3.4493206,-6.9876156,-5.040127,
D166Q,2.0534363,-0.8040502,4.506613,-0.7947086,0.6719405,
H277C,-1.8980918,-1.1575301,0.17768061,-1.269155,-1.0721829,
A194K,-6.070645,-8.322517,-6.153912,-8.011076,-4.3691516,
T298R,-2.1016777,-1.7158847,2.385203,-4.072152,0.69988734,
V91C,-2.6907558,-3.589058,-3.0372593,-4.2340026,-3.2861183,
D113K,-1.2908671,-3.7642226,-0.8244858,-3.1492543,-1.7353443,
A314S,3.7313604,2.8903623,4.765463,3.9288278,2.8906507,
R111T,-3.3109193,-1.7494416,-1.131072,-3.381882,-2.2758136,
Y255I,-6.7744837,-5.383725,-1.433748,-5.1510053,-6.052405,"Y255L, Y255L, Y255M, Y255M, Y255T, Y255T"
L243S,-2.5663593,-2.6862123,-1.9997048,-3.6956115,-2.2582555,
E311F,-6.462776,-9.289578,-2.9560976,-3.7938943,-3.9475665,
V269W,-13.150339,-16.968143,-12.697094,-15.123234,-14.099615,"V269C, V269C"
S6P,-2.5013762,-1.7484711,0.27577662,-4.046482,-3.4593234,
S231I,-0.59134376,-2.0551524,0.24935372,0.042995244,1.0634154,
F118I,-4.0572867,-2.623548,-0.8402014,-2.8746533,-3.0843368,
F28I,-2.9737754,-2.9883564,-0.2581444,-4.0281425,-3.184273,
S67T,0.8625767,0.46183336,3.2218924,0.3800907,3.5077324,
Y66F,-3.3501291,-3.3348489,-0.27120844,-4.3554974,-3.804521,
R60N,1.6755613,3.1585274,3.8710637,1.5694548,2.192987,
E94C,-3.4978538,-5.387791,-1.7364529,-4.0256815,-3.603055,
K248L,-13.629379,-12.375458,-7.424375,-13.588198,-12.7333,
G290P,-15.699578,-15.238548,-10.983028,-15.2549305,-12.31502,
R216S,-5.558695,-5.171822,-3.3390155,-7.316258,-5.229027,
F172S,-6.563538,-8.243819,-2.818287,-6.3856583,-6.4268856,
L30A,-0.5583406,-0.03142172,3.3907475,-1.370434,-1.1691557,
A20V,2.3999424,3.2289517,4.171952,3.1963897,4.9813585,
E185M,-4.8580832,-6.748438,-1.8676763,-3.7787628,-3.2737288,
R271S,-1.0818462,0.25471163,-0.37488854,-2.7277043,-0.9145641,
L225A,-9.027747,-7.3349667,-5.65841,-10.210049,-7.5961723,
L165C,-2.0448427,-4.33417,-0.83109003,-3.8543212,-2.1025906,
D25E,2.769257,2.4764824,3.3522806,1.2315161,3.9158585,
K137R,-0.96228385,0.034291357,3.1124446,-0.61689293,-0.112012565,
L225Y,2.0643651,-0.1316278,1.7519667,-1.8564177,-0.64020884,
R145M,-4.5480604,-3.0461469,-2.22887,-4.934577,-2.6967542,
Q304D,-8.226391,-7.266284,-6.720531,-10.658087,-8.669254,
L44E,-3.5314665,-4.4653125,-2.4951043,-5.1432705,-1.9575448,
L82F,-5.307641,-3.8597474,-4.2668896,-6.1287417,-5.2223053,
I235A,-10.516706,-9.0170965,-6.629216,-14.0957365,-9.487858,
L184V,2.1460242,3.3641467,2.9291444,1.4062703,2.0211523,
S24Q,0.5126466,0.93551505,3.6143837,-0.31080604,2.4022756,
R216V,-7.2696095,-7.995773,-4.5769396,-7.8408604,-7.501914,
G105K,-0.22553095,-1.7164204,2.6877198,-0.945629,1.6569749,
A189C,-3.9249365,-3.859109,-0.9163444,-3.8519328,-4.2048225,
L184A,3.1128142,3.7447777,4.0725875,0.62956667,3.23821,
V83S,-5.1681385,-8.358417,-6.3910284,-6.4642754,-4.8491173,
A22F,-0.3516815,-0.25661105,-0.4431411,-1.031973,2.3390808,
R299Y,-5.2589874,-8.088821,-5.4029217,-8.016657,-7.872965,
T84K,-6.1625247,-5.306468,-6.4948907,-7.1721997,-5.13717,
A79Q,4.3682265,2.4439414,4.2197,1.9616859,4.505004,
Q272I,-1.7174906,-1.4428929,-1.2320418,-1.2180705,0.21479937,
C239G,-7.2265387,-7.211996,-4.0871143,-10.688988,-8.457684,
S51K,2.187663,-0.19045933,2.1062255,-0.1274836,1.8168689,
D227K,0.5406493,-1.8004229,4.9885526,1.2749507,3.8231823,
G306R,-1.1923118,-3.0948195,3.820863,-0.18839686,-0.7554198,
Q123R,-0.9872928,-1.0618522,1.7067027,-2.0692015,0.36772794,"Q123D, Q123D"
L280V,-0.6946955,-0.79742473,0.87007827,-1.2683432,0.3032375,
Y27L,-8.353739,-9.352463,-7.306159,-10.335057,-10.095156,
R313K,-3.103276,-3.7576253,2.8854785,-4.5078306,-2.7299943,
I23A,-2.196135,-1.1182252,3.6614025,-4.116859,-4.041799,
E185Q,0.2784834,-1.147651,3.7829566,-0.10683228,2.586499,
P276K,1.8555307,-0.5306138,3.8133323,1.6915843,3.0490131,
P177E,-2.5489743,-0.9522358,-1.4849565,-2.1210675,-1.2242157,
L32G,-1.5304433,-1.6657908,1.6159132,-3.0344262,-0.5866577,
R271F,-5.2012014,-3.3007452,-3.3607965,-4.57744,-3.178402,
Q294N,-3.0679595,-4.4352064,-0.8991012,-3.6010363,-3.057213,
Q197W,-3.9828227,-5.158719,-2.2995393,-3.8455148,-4.3000517,
E4S,-0.6583168,-2.1658382,2.2472305,-1.3511893,0.3668977,
Q223W,-5.7080536,-5.7563744,-3.1134658,-5.4724665,-6.932083,
R134A,-1.3046143,0.07203984,2.5508356,-2.3245935,-0.48293924,
A286C,-3.0167842,-2.8912334,0.6218367,-3.3430915,-2.443234,
K248S,-9.539982,-7.763564,-6.481719,-10.478048,-9.759464,
L129E,-12.032115,-11.994288,-10.232105,-12.771215,-8.730022,
A35V,0.0782094,-0.62299365,2.2699065,-1.5245101,0.5051264,
P29Q,-4.3270164,-2.3260493,0.5624922,-2.9130383,-5.2736006,
V109M,0.031216115,-1.6062421,4.168741,-1.786733,0.39182234,
G237A,2.81498,1.2293454,4.7374372,1.1159954,2.859289,
G283L,-4.587649,-4.682748,-3.0866244,-5.9478273,-4.7551107,
A187T,-0.8860217,0.6003521,1.5620117,-0.48408955,-0.2019639,
S69F,-1.8550203,-1.7284038,-0.169056,-1.4246203,-0.8756024,
D173P,-0.60030437,-2.6368928,1.9916931,-2.2740228,-0.776215,
V128N,-7.435016,-8.683523,-6.4787498,-9.201345,-4.649872,
Q95K,-3.8789356,-6.2617655,-3.7194357,-4.6407604,-3.5628004,
Q304V,-2.9870188,-2.6628184,-2.3758652,-3.8633513,-3.1729455,
H143G,1.1103578,1.0983727,3.6542454,-1.4100378,3.909537,
S175V,-0.23720522,0.36580837,1.0715338,-0.88949907,0.8071733,
H279P,-1.2596173,-1.1229993,2.2676222,-2.9789164,-1.6585898,
T298C,-3.1735504,-2.284656,0.15998766,-3.3497734,-2.8451986,
T298S,0.32334948,1.6306971,2.8555534,-0.43645644,1.360245,
T147L,-1.3573701,-0.1891424,0.39454564,-1.5286195,-1.0895339,
L141G,-0.91196877,1.1092571,1.9806654,-1.322298,1.7133393,
G88Y,3.3547394,0.06039846,5.337025,0.6231756,3.0385852,
L182T,0.78804743,0.048256576,3.0521402,-1.1862957,1.1473658,
I100E,-3.214248,-2.7194161,0.91006064,-4.5009856,-3.6329913,
N139K,4.1747656,1.9495213,4.5213256,2.507295,4.756424,"N139A, N139A, N139R, N139R"
R265H,-9.975261,-11.047629,-6.56315,-9.891224,-11.365934,
G290R,-7.0774746,-7.205138,-3.2104778,-6.0980864,-6.9064126,
L209Y,3.1671886,1.977509,5.318714,-0.6874559,3.264643,
G112S,2.4851222,2.5445373,3.9950452,1.7588581,4.5427675,
H98W,-3.1691642,-3.7628915,-1.3101248,-3.2829857,-3.099183,
D173Q,-0.6906731,-1.615785,0.31914344,-1.5400279,-0.8755926,
R313A,-7.1581974,-7.101927,-5.456582,-9.023708,-6.511054,
F151P,-6.983919,-6.364343,-7.195648,-9.671013,-7.274096,
S242N,-0.6788732,-2.6430125,1.1167175,-3.754584,-1.5103736,
Q233L,-2.321795,-1.8463039,0.90052307,-1.7245927,-0.17649406,
S62G,-1.9270834,-3.3065577,1.0667825,-4.2547436,-1.7803576,
Q16I,-1.6206074,-2.1757965,-0.92175096,-1.486172,0.70764333,
H77W,-4.0151052,-3.7008367,-2.6274931,-5.1397815,-4.921832,
G203R,1.3866563,0.32041562,4.0108147,1.0443666,3.246614,
L257H,-11.517403,-12.317639,-9.658112,-14.741811,-12.645715,
R274E,-2.2914283,-2.1845262,-2.605175,-4.5064745,-2.8992498,
Q233C,-3.1957066,-4.5451536,-1.9059701,-3.1775975,-2.134008,
H87A,3.0676353,2.4729729,5.0889487,-1.08197,2.4368548,
G106H,2.3334522,0.7792448,3.8261414,0.114757456,3.324208,
H318C,-1.3187857,-2.1381993,1.9412692,-1.8940588,-0.42912042,
R180D,-5.722308,-5.6874866,-3.71341,-6.530361,-6.758666,
F80Y,3.3806925,3.5212233,5.317424,3.2554226,4.9258313,"F80A, F80A, F80C, F80C, F80S, F80S"
V221P,-19.083511,-22.4183,-16.549831,-18.829567,-22.431171,
R159H,-2.8531628,-2.9340982,0.8998362,-3.5013258,-3.085587,
L59K,-4.943652,-5.271639,-6.738776,-7.2268753,-3.7365842,
E78T,-3.4297996,-5.099795,-2.1697903,-3.2922692,-3.1146922,
V17G,-2.9139378,-2.6915612,-0.72324705,-4.1720924,-3.33487,
E185S,-1.880284,-2.1572266,2.937736,-1.075009,1.321647,
A138I,2.3825812,1.281946,2.6849403,2.6004772,2.9524684,
F151L,-2.2290363,-1.5242741,0.7401144,-3.415279,-2.958529,
T256P,-0.9646541,1.1052964,3.5203676,-3.2275171,-0.48335966,
R262D,-20.745121,-23.942938,-23.028786,-25.698446,-22.484438,
H149M,-3.685259,-2.2796884,-1.7299161,-3.0801806,-2.8233042,
L167I,2.9601789,2.3679175,3.3535542,3.2807884,4.0948343,
R216F,-7.6911955,-8.542629,-6.285329,-7.949448,-7.710003,
Y245A,-6.6128883,-8.06373,-5.220877,-7.836358,-8.376804,
H277G,-3.1829844,-2.1505826,-1.3692834,-4.277307,-2.9899027,
F80L,4.8250213,5.671115,5.957641,4.485634,5.5461144,"F80A, F80A, F80C, F80C, F80S, F80S"
G226W,-1.6013951,-2.7128544,0.92718756,-2.5688417,-2.8112273,
R68A,-10.58634,-9.014668,-7.595028,-10.415304,-8.896785,
G121H,0.32735366,-0.884168,3.252915,-1.2568609,1.0480065,
H87D,-0.66792333,-1.049064,0.24737531,-1.6705427,-0.99760884,
E21F,-13.647652,-14.302641,-6.3761206,-9.246964,-12.181021,
N258V,-0.4430843,0.20295446,2.2516096,-1.4314816,-0.15827985,"N258S, N258S"
L273N,-13.430954,-14.773816,-9.931217,-15.713394,-14.595209,
N224P,-19.148449,-21.520863,-14.5972395,-17.477375,-21.612715,
V269T,-1.1824808,-2.472702,1.3050934,-4.1065826,-2.42949,"V269C, V269C"
P29E,-5.417014,-3.5312853,-3.4084902,-6.6345453,-7.7332067,
P11R,1.6309175,0.8888807,3.6112227,-0.86053795,2.839378,
A281E,-3.5294762,-2.8141742,-3.5170627,-4.8812456,-4.3243475,
D96T,-1.1224737,-3.0036786,1.6313965,-2.6502528,-1.7304851,
G203D,1.5574193,2.9809613,3.2282085,0.7831193,3.1806927,
G88H,3.9491854,0.90175766,5.986354,0.5308887,4.795268,
S231D,-5.7145596,-4.565653,-4.2573543,-6.4692917,-6.461171,
L202A,-1.4588072,-1.6055686,2.7157598,-2.2043219,-1.4302022,
L141F,1.326095,-0.24190085,0.62116444,-0.91748154,2.0256052,
D125F,-4.129248,-4.8169703,-2.8582,-4.1196847,-3.0106845,
Q294Y,-2.2619922,-3.2895772,-1.9138366,-3.255929,-2.3766081,
A179C,-1.9984763,-2.8319397,-1.7113903,-2.610395,-2.3351378,
L212Y,2.7533836,0.8136298,4.345537,-0.81832397,3.804374,
C307Q,0.47420925,0.97268945,3.7159653,-0.45239168,0.4126742,
T174K,1.3029673,0.18458992,0.85957444,-0.27781346,1.6686839,
E284Q,-2.7596087,-4.013186,3.5533671,-2.3523283,-1.9325044,
D275Q,-1.6158911,-3.05761,3.5693772,-2.6860466,-2.1294425,
V261G,-11.789125,-12.928713,-8.756702,-15.141948,-12.3944845,
P39K,0.03352721,0.41378027,0.22679365,0.5535505,1.5458128,
I160E,-8.398138,-7.112962,-7.0968704,-9.429541,-10.861153,"I160L, I160L"
A268G,-2.1962252,-2.2999191,-0.22810358,-3.5536299,-2.432532,
L59Y,-0.008459866,0.5868217,1.765065,-2.309033,3.155355,
P53I,0.120379925,-1.1966834,-1.5208156,-3.5743914,-0.49497005,
L263Q,3.4554338,1.2236673,4.82355,0.18393575,3.6262007,
H43T,2.2261772,1.6837187,2.804371,0.16622004,3.4459798,
P86A,-5.3151712,-3.3351705,-2.1166472,-3.932433,-3.2914338,
L212E,-2.7924395,-2.1620865,-3.0884705,-4.1618724,-3.658458,
R316H,-1.5209881,-1.7237484,0.25992128,-2.5824752,-1.5526751,
V128K,-12.337553,-12.410042,-14.659984,-13.750119,-9.906168,
Q16N,1.1476068,-0.039865434,1.1486518,-0.19824119,2.3268287,
D41H,1.1128801,-1.0657593,3.2036076,0.58381885,1.6644787,
D227I,-1.5579251,-2.771893,2.3711507,1.7270205,1.4453927,
E218L,-1.8717892,-2.433552,-1.134999,-1.2219802,-0.59335077,
S61C,-1.1375866,-1.5627921,1.803185,-1.4454927,0.46814612,
D125A,-3.144863,-4.976547,0.90794945,-4.859129,-2.4784753,
V221I,0.8219619,0.4837213,3.3261142,-0.82547784,2.0767782,
P50H,0.81562126,0.32818234,3.2962918,-0.70995843,2.395874,
F28K,-6.12714,-5.9738903,-4.051406,-6.7782445,-5.9461985,
R145K,0.1771003,-0.20103307,1.3087962,-0.012496702,2.4335887,
R288P,-9.581729,-10.367504,-7.5945787,-11.830448,-10.779419,
E14V,-4.4720693,-4.5664787,-2.3559852,-3.6280425,-4.235801,
R299W,-12.207243,-13.716872,-9.345643,-13.35946,-16.421198,
R200Y,-3.0876956,-3.2244358,-2.0927815,-3.5590048,-2.3836513,
D152H,-4.127703,-5.892763,-2.2986808,-3.89567,-3.5581717,
A114G,-0.7368653,-1.3986905,1.0654284,-2.9794948,0.16734387,
N208C,-5.239158,-6.0716777,-1.7194713,-4.692334,-4.499689,
P50G,0.7931842,-0.03865543,3.0752788,0.6350664,0.47182325,
C102V,-1.6542072,-1.1346062,-0.32289648,-2.361514,-1.7064109,
W260V,-5.7023706,-4.2670116,-3.0721962,-7.15902,-4.0528107,
Q196E,-2.3810997,1.0944228,-1.450283,-2.6860027,-1.510837,
A169G,-2.1360633,-2.2776575,1.639796,-3.441615,-2.5817947,
H318V,1.7160804,0.72809154,3.908072,-0.58880055,1.6920598,
L44S,-3.3024065,-3.6280432,-1.9344225,-4.305953,-2.0477085,
G88K,3.8165023,2.1633291,4.381777,2.6116865,4.4286137,
V85R,-2.8958004,-4.380012,-3.163014,-3.8323352,-1.7248201,
E199M,-3.3098352,-5.6540775,-1.6170402,-2.6053138,-2.9417715,
R18F,-4.962548,-4.4282236,-3.1054265,-5.8419495,-4.525906,
Q303R,2.908075,2.5545866,4.226742,3.1129966,4.44668,
W260R,-5.211662,-3.274623,-1.2712982,-4.8201914,-4.111126,
H213P,-7.295626,-8.595191,-4.9208984,-7.1743574,-5.444725,
Q272S,-2.1743286,-2.0363681,-0.93971896,-1.873644,-0.9645536,
H143Y,2.4748216,2.4131348,2.8514605,1.4083192,3.2070365,
A295D,-7.62912,-7.5635386,-9.038276,-11.053736,-9.371361,
P86G,-4.513522,-2.667326,-2.4718487,-4.846697,-3.6658854,
T122N,2.8645966,1.473295,4.2552266,-0.2667582,3.819658,
L165H,-10.498881,-11.249708,-7.780587,-12.505178,-10.353256,
H92F,0.8052256,0.868853,0.85935265,-0.4253857,1.1551644,
L183A,-2.349626,0.06898683,0.8728309,-3.5431056,-1.5352416,
Y146T,-5.095354,-3.7820935,-0.42312422,-5.106866,-4.076582,
H119C,-1.8147633,-1.3814354,-0.14569944,-1.8661816,-1.677463,
C239M,-4.205447,-3.8866863,-2.0035028,-3.149333,-3.3467064,
Q233S,0.42906556,-0.80549824,1.8191109,0.3679949,0.93777174,
A300I,3.7226553,2.3865223,2.546548,3.9005456,2.4885786,
N124D,-6.6722713,-6.385148,-4.298276,-7.19199,-6.945605,
S89K,1.9444758,-2.3732798,3.8919873,-1.192387,2.6264396,
A281K,2.0575495,2.3180027,4.2986717,2.133224,3.8296282,
I23M,-3.7059052,-5.450807,-3.002897,-5.604538,-4.3032303,
H43P,-4.6896305,-5.111786,-4.79355,-8.341857,-5.8666787,
E267S,2.5421624,-1.2478571,4.666754,3.3176994,3.102907,
R299Q,-9.347232,-10.157458,-9.566877,-12.887127,-13.1892605,
S55Q,-1.3462043,-0.91409177,2.020368,-1.8610102,-0.42675292,
V312L,-2.3590047,-1.2786498,1.031219,-1.6840384,0.3125487,
E205K,2.700132,0.037209168,3.8976092,2.0839486,4.3169365,
L249Y,-3.5815978,-4.0303164,-1.1795199,-5.0487432,-3.1616416,
L285E,-7.4831667,-8.686253,-5.603671,-12.06694,-9.123595,
H8L,-0.006111428,0.77886534,2.6080847,-0.84699786,0.7137679,
R274H,-3.155306,-3.7326555,-0.73740697,-3.8949878,-2.698589,
R170Q,-2.6080322,-1.5264522,-1.3476421,-3.207373,-3.237523,
Q294W,-6.9332743,-10.926405,-6.6682577,-7.7154174,-8.856245,
Y255A,-14.489578,-12.924444,-7.730837,-13.991018,-12.109147,"Y255L, Y255L, Y255M, Y255M, Y255T, Y255T"
H98S,1.3959988,2.5643666,4.0625715,0.46599305,2.1500938,
R271E,-1.0234429,0.57646775,-1.7771795,-1.3590662,-1.5333713,
R46P,-5.1861253,-4.058044,-4.1407776,-6.1410694,-5.257784,
P29V,-10.850514,-9.393511,-6.08776,-9.856229,-10.972271,
G142M,0.6971793,-1.2638448,2.8149014,0.021740193,1.6771239,
H119M,-3.4348893,-2.1564155,-1.9513153,-3.1394594,-2.2669206,
T215H,-0.11971964,-0.24416062,3.2470877,-1.6382858,2.3709974,
Q272L,-1.5516939,-2.0196784,-1.4849412,-2.6144032,-1.1394049,
A300D,-7.009569,-8.407292,-7.6451297,-10.164124,-9.028399,
L214A,-2.9285836,-3.9175072,-1.433265,-5.167032,-1.0347586,
Q16E,-0.3125707,0.080644935,1.6050497,-1.8839145,0.9064466,
S31Q,1.3390305,-0.62334037,5.0042515,-0.4400994,-0.15647593,
L30C,-0.8686976,-1.4676895,1.3645877,-1.396308,-1.4453044,
G203E,0.7220293,2.294424,1.4848095,0.39698797,1.6272721,
G112A,2.2699776,2.4220777,3.2860498,2.4896283,3.1411915,
R148A,-3.5024836,-1.1403874,-1.6209725,-3.1290143,-1.9639738,"R148A, R148A"
R111H,-4.163861,-3.028637,-2.1896472,-4.1744485,-3.4750762,
K130N,-6.381372,-6.160283,-6.554579,-8.128014,-7.456339,
S310Q,-3.7011485,-4.329473,-1.3606483,-4.6258516,-5.133066,
V85N,-6.55386,-9.009135,-6.8917937,-8.734978,-5.8685017,
R262G,-18.934196,-17.386524,-16.150145,-21.146881,-18.277906,
I73F,-2.1983745,-2.5695982,-1.1733787,-3.725861,-3.4078352,
R111G,-5.4461393,-4.7383614,-4.321477,-7.784571,-6.0139885,
F291S,-14.430309,-14.560917,-10.120678,-16.785238,-15.403418,
L193W,-2.793879,-5.2570453,-2.4223387,-3.6016326,-3.7592604,
S31W,-2.5552287,-4.3677063,-1.8351202,-3.3796453,-4.244728,
Q222M,-1.6722357,-1.89132,-0.6748935,-1.6709614,-0.7867563,
H72L,-1.4505575,0.3290271,1.8355538,-0.5926506,0.5133063,
H119G,-1.4116964,-0.8955696,0.70261407,-1.7832214,-0.3683015,
L56M,-0.64375854,-1.1080137,2.8657668,-0.9689306,0.36036125,
V261H,-9.919084,-10.381544,-8.047669,-11.969315,-9.613235,
F297W,-5.802995,-6.533772,-2.4301147,-5.6275854,-5.7586956,
E78D,2.1853805,2.4910374,4.679906,1.115612,5.0468273,
E94P,-8.423234,-12.20752,-7.504034,-12.242531,-10.341526,
L225N,-9.033848,-7.9888945,-4.8258576,-8.263926,-6.34627,
A20Q,4.5389156,3.203024,5.5360217,1.7572662,4.6517425,
Q75A,1.1585835,0.3663333,2.268985,0.4101309,3.3414702,
Q155P,-3.8608456,-4.4248395,-2.9953382,-5.0199575,-4.1443253,
A114I,2.6217182,1.1942458,2.7865,2.5855556,4.3483963,
P132Y,-4.967874,-6.330117,-3.6874113,-7.081929,-4.997982,
E229F,-1.4706898,-3.4189703,-0.42734712,-1.4945168,-0.013811618,
F301S,-16.997158,-16.639572,-11.161721,-16.376251,-15.508692,
L192S,1.051943,2.3223052,4.088228,0.3216812,2.0173612,
H8A,4.05655,2.6579063,3.7848153,-0.40537322,3.9216595,
K70P,-1.3569003,-2.1946733,0.8304175,-3.9428854,-3.2389188,
I235K,-17.156462,-19.841188,-15.076008,-18.966568,-19.2984,
Q294P,-3.9609714,-3.99629,-3.5208132,-3.942347,-3.7149944,
G37V,-0.29904318,0.028585672,1.4682409,-1.2830205,0.82106024,
R117Y,-1.7043502,-0.7765504,1.0927514,-1.4355415,-0.60070735,
P86C,-6.9121194,-6.949063,-3.6891627,-6.079894,-5.986022,
L64H,-1.8113,-1.4607677,-0.3274632,-2.7520375,-1.1159766,
N208T,-1.8664087,-0.6006944,1.7358158,-1.8787911,0.87369007,
K248N,-6.926898,-6.574068,-5.044592,-8.363134,-7.3728514,
R265F,-15.054055,-15.393917,-14.14715,-14.072418,-13.480889,
D113V,-0.8642954,-2.3793097,2.107089,-2.627914,0.90268904,
P13W,-2.3747325,-3.1493344,-1.2458684,-2.893238,-3.0563955,
Y255K,-1.3394132,-4.508343,1.7927853,-2.5037036,0.23626637,"Y255L, Y255L, Y255M, Y255M, Y255T, Y255T"
A314M,0.5781316,-0.30563873,0.90103257,0.21818751,2.042976,
V85C,-3.613186,-4.7460804,-3.0028708,-4.9662466,-1.7235162,
R15G,-6.8785496,-7.947343,-5.8251266,-10.30911,-8.125692,
S57W,-11.680526,-10.574265,-8.118391,-8.906462,-11.447865,
S175A,1.3154662,0.68651414,3.5004213,-1.1953477,2.9910216,
Y146Q,-6.1774173,-4.7128305,-2.1746361,-6.9657993,-4.9642396,
P39M,-1.4319885,-0.9987471,-0.4061038,-0.1312211,0.03460124,
T174P,-5.9989915,-5.7183633,-3.2860227,-8.137731,-5.3656635,
H143E,0.9506309,1.0391124,3.1544533,-1.3746634,0.98040974,
M1I,-7.4817114,-3.2050877,-8.367189,-5.986013,-3.5614853,
A295Q,-0.6943544,-2.2027795,0.6609664,-2.8664806,-0.90953636,
T211S,1.2995751,0.8612002,3.5815747,-1.2758172,2.5129066,
G105A,-2.9946353,-2.5480947,-1.4075588,-3.5960858,-2.756844,
G42P,-5.2089567,-6.7334495,-5.418528,-10.008462,-6.5910797,
F151V,-3.1922324,-2.614291,-1.1858844,-4.0251503,-2.6016312,
E163M,-10.963666,-11.202365,-5.5992556,-7.1620393,-9.511091,
Q99H,-0.07080708,-1.1399401,1.9469674,-0.77104044,3.298858,
S231H,-3.7913787,-4.52841,1.4401379,-3.299925,-4.246091,
I235M,-5.8633127,-6.0567827,-2.1517985,-8.065748,-6.288595,
E218D,-5.175729,-3.9581108,-2.4012067,-6.3413744,-5.512035,
A236P,-14.361925,-16.11992,-10.99004,-17.277409,-16.24974,
F250G,-13.29463,-13.6143875,-10.504559,-15.794642,-12.862808,
L129F,1.4389338,0.42581862,2.4141345,-0.8532334,2.4422157,
V201H,-4.542247,-5.186545,-0.5227662,-3.8085117,-3.329165,
H8Q,0.5005841,1.748914,3.8739414,-1.4692758,0.6886565,
F40E,-7.8409815,-9.485025,-8.3854685,-12.445623,-9.589092,
T52N,1.6071111,0.026109919,1.8038054,-1.1278685,3.3892398,
H8W,-3.0962434,-3.2898114,-2.0566914,-3.0353613,-3.4871235,
S61A,0.45045367,-0.42157856,2.9649267,-0.0062968694,2.1248467,
V217W,-10.253426,-14.822239,-9.688194,-11.191759,-10.797764,
F151E,-11.029982,-11.274432,-10.417892,-14.003773,-11.829835,
T215A,1.0761025,2.2917042,3.9950495,-0.50739884,2.7568426,
L44R,-2.9972792,-4.948529,-2.9956079,-5.5587893,-3.175331,
Q164L,-3.3334749,-2.5751328,-1.7003586,-3.5354486,-1.4469209,
P115H,-3.3570762,-4.572995,-2.2244983,-4.45662,-3.668129,
M1R,-9.738717,-4.449562,-9.800434,-7.915437,-5.628534,
Y255N,-7.0919905,-5.420232,-0.25737017,-6.614806,-5.124429,"Y255L, Y255L, Y255M, Y255M, Y255T, Y255T"
F34D,-7.4807067,-10.548317,-7.0768714,-9.251824,-8.424231,
W127M,-1.7569095,-1.3846283,-0.9677046,-2.4292204,-1.6723177,
L257N,-11.236004,-11.94459,-7.963916,-12.449608,-13.025919,
Q99K,1.1572129,-0.054714426,1.3562415,0.68219304,2.872286,
L195C,-1.2920034,-2.578466,1.8721375,-2.800917,-1.0204904,
R216L,-10.36673,-10.042302,-7.066393,-9.570353,-9.775285,
H247A,-7.579957,-7.293477,-4.533182,-8.954239,-7.2389646,
L241Y,-5.680191,-6.3590527,-5.3696337,-7.656419,-7.293135,
P39D,-1.665886,-0.5001115,-0.415621,-2.4686007,-0.57401824,
W289S,-2.325101,-1.1497314,1.3384534,-3.6150742,-2.850149,
R58I,-4.3015623,-2.673467,-1.9418678,-3.852284,-2.2090578,
G156C,-3.684846,-5.087946,-3.4596908,-3.6731784,-3.2691402,
C239N,-5.5029554,-5.955627,-3.6359134,-9.178965,-6.640569,
Y66A,-7.6983495,-7.483353,-6.016632,-10.38719,-9.515716,
E21K,1.6287227,-0.7965822,2.4988556,2.845945,4.02167,
A36R,1.140466,0.0227132,0.76174104,-0.28985542,1.8982888,
Q264M,-2.455431,-3.9503427,-2.7088833,-2.5204892,-1.7273651,
T211V,-1.4826541,-0.4511605,2.2544212,-0.8248976,0.7119146,
C102S,-1.9374838,-1.1394206,1.6007024,-2.3714871,-1.7416508,
S55W,-3.5392103,-4.976229,-1.906863,-3.3650508,-4.2084475,
L191M,-2.4335475,-2.6457582,0.3946542,-3.7447088,-2.178491,
S103V,-1.8196094,-1.6978571,0.7886292,-1.468951,-0.6628716,
S89L,-5.915056,-4.7224007,-2.6619318,-5.611965,-4.567598,
Q264F,-3.8028347,-4.6391344,-3.3772135,-3.1337528,-1.9986731,
Q38C,-1.9081662,-2.349251,-1.3219924,-2.3211446,-0.7793208,
D166I,1.859438,-0.38115948,1.1657479,1.6737208,2.7825894,
Q294H,0.45185998,-0.8898668,2.8216681,-0.69569415,1.6930628,
W127T,0.3679542,1.3835685,0.6199295,-0.59183,2.4067464,
L140D,-3.4027739,-2.4417267,-0.14385357,-2.794617,-4.015835,
L263Y,1.3982315,0.9899789,3.3196979,-0.9949024,1.1687183,
Q219T,-3.0717378,-2.1492143,-1.2599645,-3.3264387,-2.3072581,
Q38A,-1.6474235,-1.4201868,-1.0665299,-1.4198091,-1.0011461,
R134E,-1.4488822,-0.46874657,-0.99738514,-2.4739807,-1.6587875,
R18K,3.9044511,2.5240583,4.4928184,2.1887603,4.075201,
V91S,-3.765253,-4.5999703,-2.874957,-4.2816954,-3.2931347,
C168Q,-7.848947,-7.2761736,-3.5872664,-8.775847,-7.687231,
T215L,-3.2015722,-1.5522081,-0.6169804,-3.6309848,-2.1224256,
V83I,3.3856447,1.785151,4.1525135,3.6839986,2.795617,
S57C,-1.8794187,-2.9240909,-0.16726643,-2.7121696,-1.8451965,
C278I,-1.8518167,-1.9861889,-0.816491,-0.47886565,0.90091705,
D113L,-3.336141,-3.6897202,-1.1161492,-4.606216,-2.9004145,
S175E,-0.9071529,1.2662892,2.7799344,-2.1542013,-1.3045957,
T253P,-4.845252,-4.1334605,-2.4621444,-6.9971175,-4.627145,
Y220F,-3.5730035,-1.5971565,-0.107633755,-3.0112426,-2.486121,
A309W,-8.80837,-11.853596,-7.2301006,-10.449057,-10.226038,
V261R,-5.9908857,-8.652584,-1.9818484,-4.085862,-2.2099407,
C307K,1.6136861,0.48563635,1.3521731,1.292959,2.217682,
L243F,-3.1101797,-3.029255,-2.62594,-2.9839606,-2.53378,
L191V,-1.0096064,-0.45738247,1.5516328,-2.9718049,-1.1872294,
Q219P,-10.077705,-8.928593,-6.4957995,-13.102196,-9.658001,
R111S,-4.2397127,-2.6411238,-2.4271073,-4.631277,-3.7365427,
H149E,-1.6550286,-0.5225862,0.26506734,-2.5920324,-2.021964,
S207G,0.67038476,-0.7251627,4.753642,-2.2574682,1.2470036,
T7C,-4.603512,-5.543254,-3.8599443,-4.9918733,-4.3048563,
Q233E,-1.0426035,-0.58169913,-0.9894407,-2.549168,-1.2864938,
D76I,-0.06982112,-0.83307457,1.0305028,-0.44788745,1.2193432,
R244M,-13.522871,-14.419545,-12.753388,-17.236008,-16.03238,
S242I,-10.494291,-8.221046,-6.142662,-10.161257,-10.751945,
H279S,2.0972424,1.8732095,3.711476,1.1746702,0.9657762,
L184G,-0.6967674,0.7031231,1.0304769,-2.9681005,-1.9550155,
P29Y,-3.3860219,-3.1232212,-1.5807382,-3.163297,-2.1895838,
D96G,-2.186295,-2.2290392,0.80389106,-4.1593833,-1.9993266,
A268M,-1.5464488,-2.1309738,0.37467557,-1.282483,0.37879884,
S62M,-4.2900844,-5.590133,-1.2621534,-3.5425165,-4.3009443,
R18D,-2.1568909,-3.3142266,-2.6912286,-3.492129,-2.493113,
H181D,-0.2508778,2.031325,2.0173173,0.14822246,0.28030148,
L193N,-1.1548884,-1.0658278,1.9468988,-0.7347571,-0.29137212,
A36K,2.8313496,1.9831426,3.0194917,2.5506177,3.3870852,
L266S,-11.6333065,-9.662381,-7.7077413,-13.698608,-10.065489,
Y27H,-5.606283,-5.644427,-5.03445,-7.540862,-8.70902,
R15K,0.07162405,-0.03078121,1.5016251,-2.3726683,0.8219072,
K144P,-4.3549833,-1.7933211,-2.0658464,-5.692445,-4.149191,
R288N,-0.53399247,-0.17957644,1.624969,-2.1513968,-0.5847359,
A286M,-2.8404858,-3.3183355,-1.3546071,-3.3349762,-2.4275188,
T190S,0.083385065,2.1098683,3.8746505,-0.7205174,2.874725,
D166E,1.1486793,2.0753098,4.5501957,-0.71725994,1.5577525,
A238N,-3.107802,-3.8210235,-2.9611642,-4.569438,-3.6345127,
S242Q,-10.994012,-10.21554,-5.559334,-12.39205,-10.101804,
Q75E,-1.5428579,-0.62771666,-0.7137639,-2.1139069,-0.6605321,
D25S,-0.2884953,-0.54836845,2.6478374,0.5651281,0.8262037,
T190C,-1.3533552,-2.7540143,-2.0468574,-2.63249,-2.237904,
A238V,-3.8672285,-3.7242212,-2.1819513,-3.2255473,-2.8538628,
I73M,-2.9710445,-3.6517081,-0.48277354,-4.4128857,-3.7759075,
E311D,-0.39388645,-0.3403148,1.8146219,-1.6898105,1.3981358,
L140E,-1.986394,0.32286704,1.7264817,-0.33030564,-3.2444534,
P232W,-7.715419,-12.251625,-6.9824586,-9.992383,-9.016857,
L82M,-5.291691,-4.637005,-3.3701987,-6.116278,-4.5356617,
W47D,-2.121366,-1.1657081,-1.2487904,-4.0258293,-1.1031518,
G121M,-1.6715709,-1.9585099,-0.030795947,-1.5327142,0.93287086,
S62Y,0.14766358,-0.9374063,2.4083261,-1.7782674,0.6555997,
G206N,6.048299,4.3853693,5.306123,5.339991,6.217512,
R244I,-14.138081,-15.12282,-10.916996,-15.530937,-14.346276,
E185W,-8.173035,-15.521061,-8.0028515,-10.551542,-11.550473,
L32C,-2.0167978,-2.3267565,-1.6761973,-3.057218,-0.5914017,
G142D,0.34454495,2.171656,3.196165,-0.6193793,1.068958,
I23G,-8.071344,-8.26898,-5.225148,-10.33802,-10.490391,
G156I,-4.1404724,-3.363712,-3.2504683,-2.746618,-1.4203222,
G240D,-4.27798,-4.356043,-3.933376,-5.951395,-4.965473,
S188G,-1.146088,-1.1327122,2.72059,-2.724846,0.99357164,
V109N,-6.775271,-10.243263,-5.842673,-10.53034,-7.953635,
T315E,-1.0990361,0.0129053,0.5040149,-1.7978592,-1.4257852,
S61D,-4.006871,-4.1880417,-1.481616,-4.3261437,-4.7020893,
A71T,4.232819,3.696614,4.3043284,3.6799064,4.3601837,
R265W,-12.2027645,-14.326522,-11.731536,-13.1653595,-15.565111,
W10H,-0.7829212,0.67578685,1.7689178,-1.7912159,-1.0928266,"W10L, W10L"
R265S,-14.216633,-13.655005,-11.661997,-15.537342,-14.808821,
L225Q,-12.991429,-9.888042,-6.694416,-12.229317,-10.502936,
F80N,10.888903,8.144364,11.78763,7.3453436,11.201931,"F80A, F80A, F80C, F80C, F80S, F80S"
E4G,-1.0873836,-3.307069,1.3140125,-2.8010397,-2.2716842,
T174A,-1.6108191,-0.4363569,-0.30686295,-1.0826768,-0.7770697,
N224S,-8.14937,-7.3802853,-4.457016,-7.7381635,-7.5691547,
G206R,4.7671814,4.564662,5.1192303,5.1328893,5.3859434,
H149A,-2.57547,-1.6753461,-0.6122391,-2.5474524,-2.5895379,
Q304L,-2.6575775,-2.0378594,-1.1559796,-3.2900202,-2.1207058,
F291I,-6.7031593,-6.166829,-3.6305447,-6.8290133,-6.2370033,
Q219I,-8.600666,-6.3510175,-4.516734,-7.28297,-6.695684,
L140Q,-0.07941002,-1.0039611,2.4056258,-1.1161076,-3.2222846,
G158N,-4.237338,-5.10102,-3.8584914,-6.573892,-4.554804,
E259C,-3.4980078,-6.901433,0.43890905,-4.1447864,-1.7773014,
F301V,-8.112064,-6.324869,-3.6151986,-7.7687864,-7.0798655,
Q75M,-2.3796415,-2.7412152,-0.47657776,-1.938851,-1.922235,
T7S,-0.6483468,-0.20223239,3.826698,-2.7603269,-1.0334624,
Q164V,-4.333946,-4.660736,-3.705725,-4.913602,-3.079915,
Y81L,-4.857012,-4.7401314,-1.6491276,-4.587514,-4.621974,
A178N,0.8611605,3.1799228,0.42670643,0.66692424,1.3178524,
F161Q,-12.662346,-11.309742,-9.407152,-14.687717,-12.663942,
R262E,-15.606106,-17.703981,-16.343021,-19.990772,-17.512426,
S6W,-2.9816513,-4.994784,-3.0518823,-4.133625,-4.532155,
T7A,-2.7496886,-2.9553647,-2.2886794,-4.2473965,-3.2392638,
S6E,-1.3414404,-0.5975875,1.1205982,-2.1263397,-1.2498896,
I23L,-1.9454467,-2.717668,-0.58842176,-3.3411932,-1.8412662,
L195E,-6.138151,-7.414579,-4.915248,-10.175795,-9.142582,
D173N,3.4316845,-1.1536535,5.2680974,-0.024425194,3.3847427,
A35Y,-0.22578546,-1.0015323,0.84730816,-1.4366094,-0.27423424,
A79C,-0.36568058,-3.105474,0.38470677,-2.7746806,0.8487022,
L141E,-2.6063194,-1.67798,-2.313953,-3.7073183,-2.4520793,
S6M,-2.3874588,-3.0899408,-1.6066685,-3.0274649,-2.522333,
H270C,-0.7355266,-1.9374527,1.4984912,-2.039042,-1.2530015,
Y66G,-9.8680525,-8.587669,-7.484578,-13.531915,-10.478622,
D113S,-0.028825194,-1.4688935,3.721385,-1.9942961,2.333387,
D113P,-3.923129,-5.073746,-2.3236046,-6.086136,-3.8154228,
F93C,-2.8133955,-2.9034252,-1.048719,-3.3145037,-2.2462475,
V17D,0.36301407,0.60921484,2.3570323,-0.6125068,0.38615096,
H270A,0.09137736,-0.276977,1.3558122,-0.9014837,0.5356667,
S101W,-3.6334178,-4.802968,-2.5519052,-4.320756,-4.635552,
L157A,-2.931629,-2.4352946,1.4036907,-3.7252352,-2.3708634,
A179M,-0.48748106,-1.3503544,1.239414,-0.82076627,0.4405721,
Y27K,-5.3615675,-7.1637416,-5.0691524,-6.319047,-9.251175,
R216C,-3.9220257,-6.0091643,-3.0512109,-5.2744145,-5.4811287,
Q223Y,0.2509265,-0.22105318,0.56388617,-0.94060576,1.9643745,
I282D,-15.831989,-15.688694,-13.519817,-19.324787,-17.5208,
F107N,-10.780181,-11.339239,-9.84824,-15.097137,-10.922664,
H270Y,0.8413255,-0.061856147,1.489882,-1.1196343,0.8050736,
L246G,-8.198849,-7.6415405,-7.5677943,-11.354119,-8.630504,
M1N,-6.621068,-1.5275898,-8.427641,-5.7194757,-4.208838,
E267M,-2.9117079,-4.7016377,-0.22055645,-1.7012639,-2.1366022,
G37Y,0.65083706,0.18795381,1.3946538,-1.4210194,0.6270854,
E199V,-3.8196354,-5.009337,-1.4978398,-2.8795838,-3.4417143,
E33C,-5.775528,-7.3933334,-2.8877945,-3.974818,-5.1129675,
A189P,-6.0913553,-6.9909296,-3.201241,-8.069777,-6.8500786,
L243K,0.117788866,-0.4612414,0.70304596,-2.4037213,1.7219837,
A281P,2.3077192,3.3120103,4.6650467,1.0620986,4.4623084,
G97M,-3.5951388,-4.0323334,-1.3162017,-2.7179606,-2.9883394,
Q296P,-7.623425,-7.087092,-4.4060097,-8.433994,-7.375242,"Q296H, Q296H"
Q95R,-4.7061577,-5.8071003,-3.6819456,-5.4873185,-4.664266,
T52S,2.1086705,1.396307,3.7067256,-0.44412816,1.9025984,
P11F,-0.6621098,-2.0096931,-2.0242805,-1.3896128,-1.407179,
E267V,-2.8848643,-3.5212026,-0.22720088,-1.7993667,-1.2910771,
H213L,-6.9615054,-6.2750325,-3.3527908,-6.3912315,-3.6800735,
V221S,-13.389343,-11.606491,-9.104164,-14.225605,-10.907938,
L214N,-5.3654566,-7.18824,-3.0362766,-6.7789974,-3.9084659,
E78L,-6.6050005,-8.367651,-4.706837,-6.5138826,-6.596879,
H87K,4.4241667,3.4321332,4.6294527,3.0177126,4.588031,
P13H,2.0042737,2.6191943,3.2215848,1.963155,3.9588225,
E110D,-1.5833521,-1.5345697,0.8189244,-2.598183,0.82485884,
V221E,-20.254042,-19.690258,-14.575008,-19.054316,-16.652435,
F301P,-21.337687,-21.542881,-16.006876,-19.665863,-24.143745,
Q63A,-0.82159185,-0.500775,0.93206286,-1.565029,0.2113331,"Q63A, Q63A, Q63G, Q63G"
A309Q,-5.7098594,-6.0434427,-3.9524832,-6.2890863,-6.3528223,
Q223E,-1.465414,-1.0808703,-1.8382863,-1.7367191,-0.027289718,
I108L,-2.554038,-1.8736384,-0.041034415,-4.5288854,-2.2510037,
T122L,-3.6559417,-1.2525125,1.4459611,-2.5876894,-2.2984657,
F301L,-6.1381187,-5.4489384,-1.3628958,-5.737344,-5.7049923,
L167T,0.34478766,-0.9141255,1.4640343,-0.92958534,1.1277064,
S103E,-1.2511617,-0.1014,0.3378781,-2.3342974,-1.6592511,
F28L,-3.2630768,-4.5594726,0.15398952,-5.0349493,-3.7656012,
L183R,-7.117811,-11.785773,-7.8543653,-11.056261,-9.700769,
S188F,-1.479048,-1.8219718,-0.8872322,-2.9207618,-1.2392952,
E90D,1.2721509,0.8238614,2.424366,-1.1148484,3.6029234,
L241G,-10.429728,-9.753281,-6.8769712,-12.397725,-10.438405,
F250T,-9.544492,-8.723129,-5.4626675,-10.034916,-8.187934,
F291G,-18.51749,-19.58345,-13.508984,-22.51408,-20.548464,
S62P,-2.008719,-0.90135884,2.857923,-3.1405325,-1.7895352,
C239R,-11.8435955,-15.481096,-8.027705,-14.146603,-11.781052,
L195S,-2.8373544,-3.3222053,-0.9420662,-6.0737405,-5.1645527,
P39Y,0.5586523,0.5007102,0.4830408,-1.2452273,1.199641,
E78W,-9.824562,-12.343023,-7.511728,-9.791898,-8.793415,
S101I,-1.8047086,-1.7577343,-0.30753782,-1.5275418,0.13338841,
R148I,-4.8751106,-3.6225903,-2.4946883,-4.3730745,-3.854153,"R148A, R148A"
I73E,-7.9941387,-7.481208,-6.9482303,-10.871407,-8.736954,
V312K,-4.872859,-6.439043,-3.6761365,-4.3756323,-3.990031,
R154H,-1.9691484,-2.0148869,0.6959965,-2.8031,-1.4589667,
A20C,1.9405522,1.2361941,2.609608,-0.585513,3.400248,
R18N,1.1126628,-0.568444,0.7378117,-0.56147474,1.3175035,
V162S,-0.28749,-0.04938054,2.4068067,-1.4339635,0.1663076,
L273Y,-7.620585,-8.841991,-5.0590477,-8.014526,-7.003275,
E94S,-1.5510032,-1.9916077,1.4853587,-1.8050281,-1.2614524,
F172T,-5.1549816,-8.019232,-1.9311992,-5.9252396,-6.221241,
K70D,-2.0461447,-2.5127869,-2.5477362,-4.0767984,-4.127876,
Q196Y,-5.1534,-8.965959,-7.306211,-5.5907545,-5.0432215,
A194R,-7.3738437,-10.39176,-6.587967,-9.037956,-6.543228,
T215P,-4.653129,-3.6435568,-0.42567438,-5.797447,-3.0626407,
R159G,-4.8736134,-3.4951591,-2.6692488,-5.468508,-5.7457886,
L30P,-3.3696485,-3.4879858,-2.7295585,-5.805586,-4.8287635,
I235R,-19.16982,-21.495884,-15.760942,-21.672735,-20.67915,
E33Q,-1.3896323,-1.8185117,3.012761,-0.47301376,-0.32724047,
R180Q,-1.9375879,0.5259999,1.2292082,-1.7790276,-1.0006311,
A268L,-1.1884897,-0.5731622,1.0327889,0.032764945,0.19676626,
T317C,-0.4014417,-2.2898626,0.45874634,-2.0342598,-0.5508145,
S61M,-3.139001,-3.9079087,-1.2305051,-3.2581615,-3.2315052,
P115F,-5.0854464,-5.1807823,-2.6928024,-4.845379,-4.304003,
I160M,0.04237149,-0.17898345,2.9055405,-1.537022,0.048891142,"I160L, I160L"
S57H,-3.898388,-3.019405,-3.001502,-5.4542437,-4.8916283,
A251R,1.7590488,-0.37551528,3.1396728,-1.4103191,2.546259,
T253D,-6.2493567,-4.4464493,-5.5795608,-6.856419,-5.3725634,
Q95S,-4.0895686,-4.58117,-3.1080263,-4.932947,-4.3661666,
P115K,-1.2020762,-2.2634463,-0.59132373,-1.3903722,-0.5998914,
L131C,-0.82180846,-2.7611575,0.16875577,-2.9392433,0.06106302,
Y220M,-9.243291,-8.246464,-5.1066713,-10.5084,-8.025026,
A153Y,1.9902141,-0.98392403,-0.071003765,-1.8200549,-0.03947705,
L246E,-8.990511,-8.685854,-8.105934,-12.817905,-9.816302,
A20T,3.7782936,3.5022733,4.2589655,2.808902,4.453804,
G283T,0.52031493,-0.3102008,0.95983946,-1.0311104,0.18467915,
P53K,2.7572646,1.26389,1.496718,0.6443232,1.9462434,
W19C,-4.81505,-3.7571168,0.34760988,-4.316036,-4.966791,
E218F,-1.9184542,-2.826523,-1.7371207,-1.5465534,-0.80988395,
L54A,0.13567875,0.3275628,4.2598314,0.45159638,0.76746726,
L5R,-2.4673834,-5.052327,0.8017846,-2.5352092,-2.8340888,
D113C,-2.1985002,-3.698373,2.745245,-3.0028632,-1.0078578,
R200T,-1.7101818,-2.0105033,0.099630475,-3.2310777,-0.72741675,
T3G,-1.9733698,-2.304428,-0.08805765,-3.145431,-1.8245364,
C168L,-2.5178485,-0.8201449,0.13352585,-3.495715,-1.2183115,
H247V,-8.096683,-7.8363476,-5.1789675,-9.764744,-7.7733893,
W289N,-1.1026481,-0.71210515,0.6371399,-2.5597978,-1.7466147,
Q155M,-2.708475,-2.8935838,-1.2677946,-2.3511593,-2.5248413,
R265Q,-9.913033,-11.508969,-7.696726,-11.365988,-11.256554,
R244E,-16.458054,-18.831596,-19.376175,-21.84935,-23.864492,
F301I,-5.53554,-5.0012403,-2.037787,-4.8488417,-4.8941135,
G42V,-3.866149,-4.5968766,-1.5536494,-5.328917,-5.4468575,
S48Q,0.4776915,-1.2283928,3.6879628,-1.7426178,0.059677035,
R46Y,-3.755082,-1.9480498,-1.3309385,-3.6785567,-1.4838475,
L126R,-4.6741576,-4.964152,-2.3740509,-5.708912,-3.2619689,
S24A,1.7570356,0.7461111,4.350006,-1.9943757,3.54487,
S57Y,-9.417149,-8.081011,-5.371759,-9.400472,-9.897043,
H143T,1.8821753,2.6330602,2.4569793,2.5688775,3.669005,
G306E,-4.1072116,-3.2795393,-2.2863731,-4.2699857,-4.0305805,
S207F,-2.6128223,-2.7831392,-1.6233464,-3.8746104,-3.5665092,
L64Y,-1.2279547,-0.5642169,0.52170426,-1.6207169,1.1420473,
W127S,0.07656902,0.36571527,0.6170293,-0.96353114,1.7707746,
V261Q,-10.785197,-10.606663,-6.5677075,-9.610397,-9.12529,
Q304F,-2.4022388,-3.3319297,-3.183465,-3.8442829,-1.6214535,
R216P,-9.618371,-11.534098,-6.9377995,-11.427757,-9.745102,
R265T,-13.135727,-14.140066,-11.153856,-14.608847,-12.969334,
S69C,-1.805275,-2.62368,2.3658252,-2.1026862,-1.0540352,
Y220R,-12.265406,-13.548042,-6.221689,-12.061073,-10.462051,
A292V,-0.36360356,-0.46415648,2.777058,-1.4935606,0.8596335,
Q155T,-0.23640108,0.79103625,0.90252703,0.14210352,2.71567,
Y81N,1.1459721,-0.018251687,6.8371854,-0.16089211,4.663801,
L241R,-10.857233,-11.288174,-8.073355,-10.525665,-7.6851892,
L257Y,-2.3283534,-2.689962,-1.3992014,-4.124277,-1.5476903,
E94R,-3.8283584,-5.3764973,-1.7344977,-4.816174,-3.8487334,
L285P,-12.955011,-12.651554,-8.586305,-15.019659,-12.914871,
S24D,-0.566262,-2.5507665,1.3664168,-3.2795365,-1.6164715,
R313T,-9.482624,-9.360266,-7.7874336,-11.015044,-8.126856,
P228R,1.0608499,0.31474075,3.8093927,1.4680712,3.6576629,
E90G,-1.1555026,-2.5130513,3.319705,-1.3184272,3.1870377,
S24H,0.01108858,-1.4435338,3.4735699,-0.71042514,2.4873095,
H8C,-0.78163904,-0.75090855,0.6151048,-1.1320797,-0.41583067,
Q303C,-1.9882026,-3.2506933,-2.292879,-2.5525453,-1.2437689,
L214H,-4.243311,-4.9615912,-3.0893989,-6.0968738,-3.9512076,
S89V,-2.9656758,-2.0709417,-0.08818476,-2.4745207,-1.6396743,
A114P,-4.8518295,-6.4022417,-5.910002,-9.360816,-6.688305,
L243A,-3.2306314,-2.960504,-0.7520885,-4.54136,-3.3919122,
W260H,-5.089054,-3.8563974,-2.563484,-6.5971985,-4.753559,
F172H,-6.4907093,-8.184286,-4.274756,-6.8576555,-7.5246515,
H277T,0.8153667,-0.7440127,0.5532275,-0.9015475,1.1388239,
H143K,2.3377614,-1.5311376,3.080903,-1.1284789,2.126048,
L230A,-13.255989,-13.436658,-9.105218,-17.354118,-12.063744,
D173E,2.1376376,2.010144,2.681116,0.8658304,2.1532903,
R200P,-8.325882,-8.577007,-5.2837386,-9.110585,-8.094333,
R288C,-2.671719,-4.7969995,-1.1257527,-3.8301308,-4.237996,
P13I,2.799616,2.3242173,2.5971627,3.5443563,2.2408857,
P13S,3.6256766,3.1506476,3.683669,3.0874977,3.1994848,
I23W,-10.503963,-11.02113,-9.188553,-11.931358,-10.868469,
S231E,-4.554145,-3.9271498,-2.9844558,-6.2570543,-5.6477566,
S51G,-1.6909049,-1.2249477,2.2300978,-2.0203311,-2.178394,
R262F,-14.922865,-15.082274,-13.733398,-18.704002,-15.7277775,
H72K,1.6123626,1.4927406,2.5818224,1.9745207,3.072319,
R134Y,0.5385072,1.1275494,2.5434315,-0.42082697,1.39463,
V91A,-4.2381015,-4.0269046,-0.59403956,-4.9125676,-3.833045,
K130F,-11.84807,-11.5300865,-11.285314,-13.962851,-12.201622,
A238G,-1.5922363,-2.6909342,2.5752778,-5.037429,-3.4317389,
G290S,-8.982665,-7.7385216,-5.176835,-9.532093,-8.607829,
A189L,-2.9628334,-3.7590833,-2.402402,-5.0912437,-3.8278127,
A286T,-3.8084702,-3.9557161,-0.14743188,-4.9828725,-4.2964725,
P176K,0.36275625,0.44789606,0.45049626,0.09844856,-0.03233068,
F34E,-7.490678,-10.214895,-6.6532035,-9.098902,-8.384371,
R46W,-6.74326,-6.0540934,-3.3462222,-6.7275686,-6.226347,
P232A,-0.33117428,-0.77893054,3.5403044,-1.6824474,0.5813143,
Q12Y,1.4557028,0.69828355,1.6241663,-0.52646416,2.6174102,
L182I,1.3838753,1.7669032,1.96484,1.1154763,2.6159072,
E185G,-3.253084,-6.8220043,-1.0423446,-4.925002,-3.8327274,
R60P,-3.4411156,-3.72604,-2.4832456,-5.505098,-4.41745,
R145W,-4.5456514,-3.894909,-2.8649714,-5.461194,-3.8780842,
T253Y,-0.4625548,-0.88248444,-1.654775,-1.7881277,-0.40896833,
D166A,0.77743375,-0.31739408,3.637786,-0.6577774,1.2769704,
Q75R,2.0967584,1.7115903,3.6138144,3.2702477,4.312163,
L263H,3.3577497,3.5525324,5.481839,2.965432,5.2840347,
H119W,-3.8740149,-2.5729823,-1.8894722,-4.083334,-3.2788258,
Q196W,-12.058234,-17.198248,-12.169428,-12.022671,-12.693235,
L131A,-1.7666783,-2.6831918,-1.06251,-3.3616235,0.43886685,
S101T,0.7084303,0.19094032,3.0732534,-0.4287601,2.7656317,
R299D,-12.816888,-15.882601,-14.30825,-17.488535,-18.111572,
H277R,0.73553586,-0.26790732,3.6295412,-0.120024264,1.2081032,
L136F,1.2176268,-0.83898354,2.4179087,-1.9148209,-0.637429,
P276A,-2.4862154,-2.9676518,1.1592956,-1.313863,-0.36093175,
S310D,-9.173637,-9.248203,-7.6821327,-10.891132,-11.163753,
P228L,-3.1443963,-2.5229592,0.74659115,-1.5290605,-0.7941767,
Q272M,-1.6184695,-1.7120686,-1.0278351,-1.4514179,-0.92323136,
S207Y,-1.4828537,-2.2212026,-0.5548533,-3.2752702,-0.42108756,
R302P,-15.970383,-16.957926,-16.49275,-20.365835,-20.863426,
I252C,-2.3141258,-1.5891664,-0.45919144,-2.602935,-2.9996798,"I252A, I252A, I252Q, I252Q, I252R, I252R"
S67Y,1.8237238,-0.19693908,3.7582836,-0.8181424,1.7728593,
L82R,-7.9051065,-9.491245,-9.171436,-8.88847,-6.9206905,
R154G,-3.5967588,-3.3369868,-1.5820632,-4.6239405,-3.893324,
L5D,-6.60552,-8.829978,-4.519668,-7.5179315,-8.889636,
G206V,4.357648,4.1194544,5.0630097,3.4558067,5.287225,
Q272G,-4.0382924,-4.901325,-3.0707128,-5.740636,-4.558238,
H181A,-1.2596893,-0.44273221,0.64054507,-0.62019014,-0.099638514,
A251E,-2.1066759,-1.1986188,-2.6231189,-4.2084475,-3.047998,
W289L,-3.5902405,-2.2317839,-1.2424827,-4.798846,-3.3221939,
H77L,-0.27999175,-0.20429799,1.377183,-2.7255569,-1.0057187,
Q304H,0.94228345,0.71568775,1.6873474,-1.5569104,1.7443975,
H92S,3.4036965,3.1342223,3.5160356,2.355525,2.0520988,
D198F,-5.119139,-7.916773,-7.668787,-5.7898674,-5.2082763,
L241H,-11.100561,-10.351879,-9.975559,-13.15102,-9.125246,
W19V,-4.489715,-3.2449858,0.8351915,-4.997972,-4.0265822,
A309S,-1.1969504,-0.9763781,1.8552017,-2.285047,-1.0090729,
Y27G,-8.608557,-9.554737,-8.081288,-10.677734,-11.29232,
Q303M,-4.680169,-5.0375643,-2.8356538,-4.345788,-4.398635,
P29F,-6.9066415,-6.735696,-3.5876732,-5.9266315,-6.315528,
Q294S,-3.8270004,-4.311073,-3.5601988,-3.5551229,-3.2507095,
T190K,-5.3144584,-6.567645,-3.7332458,-6.6337614,-3.1477814,
T211Q,2.1099203,2.0214763,2.3924112,-0.96382457,2.1900594,
G106I,0.099625245,-0.4294677,1.0026524,0.93810546,1.4259303,
P53N,3.2565813,2.2930925,1.5085735,1.6195717,2.138278,
H43V,0.8081536,1.7431116,2.5664814,-0.066019684,2.1294444,
A153I,3.2849333,1.5327067,2.944771,3.0338607,3.3812265,
L193Y,0.26525527,-0.33282173,0.88505673,-1.4136155,-0.52905923,
C239T,1.8971608,0.77904695,3.299347,-0.90043265,0.898942,
T122A,-0.2930436,1.7635274,2.884645,-0.5213278,1.8835115,
Y245I,-5.038906,-5.694439,-2.5011358,-4.5945487,-6.58574,
P50E,2.1688988,3.6759667,3.086228,1.3086029,2.2854834,
S62D,-1.2790387,-0.2514708,1.5215745,-2.9135575,-0.5235168,
Q12V,-0.34262154,-0.085274085,1.3650949,-0.32348,1.2518493,
I282W,-8.988883,-10.045787,-6.42494,-10.897161,-9.699123,
R111M,-5.0890474,-4.267854,-2.6068845,-6.087863,-4.6121454,
H87L,-0.30260634,-0.038895994,2.5349069,-2.093535,3.1009142,
S24K,2.6457133,-0.9982944,4.3954754,0.534318,4.530758,
E185D,-1.3078496,-0.99467385,2.0092916,-2.2058535,0.11439031,
Q99C,-1.7334541,-1.8125683,-0.03635636,-1.8205187,-1.328953,
A22L,-0.52429205,-0.4679595,1.1725787,-1.3793349,1.4039357,
E14A,-5.540189,-5.146684,-2.1489096,-4.279972,-4.655164,
I108N,-8.02342,-10.751837,-9.337671,-11.597061,-8.994084,
L243D,-7.543538,-8.9277115,-9.786051,-11.486844,-8.602103,
D113I,1.331389,-2.002509,3.4666626,-0.54788816,2.4094205,
R154W,-4.447923,-6.6236763,-4.1134086,-7.2713385,-6.192067,
R299N,-6.2334604,-8.213907,-6.7225375,-10.343552,-8.571879,
E4Y,1.4384596,-0.419177,1.1463188,-0.78103626,1.7974498,
S31T,2.370437,2.3809304,4.0932903,2.5222085,4.5030594,
P276F,-4.248309,-4.471238,-1.8501542,-3.1619043,-1.7646148,
W260I,-3.2970448,-2.514009,-2.5512815,-3.004105,-1.2469733,
Y81I,-3.6306016,-3.1223702,-0.8410591,-3.4322934,-1.837872,
D152A,-6.828429,-6.8163004,-1.5944953,-5.3461137,-5.5212154,
E259H,2.7584581,-1.198962,6.346895,-0.9178011,3.1804323,
E229I,-0.88905203,-4.083396,0.5577896,-0.67063797,0.39504758,
L230F,-1.0284209,-2.121646,1.3282043,-2.449077,-2.6426172,
D41Q,0.19134784,-0.94602466,2.5860076,-1.5955138,0.24941175,
A71W,-2.0048873,-1.7852752,1.6253059,-1.7492739,-1.1096225,
P13K,2.7589123,1.6236567,2.9274552,2.8221426,3.4064717,
Q123C,-3.4081106,-2.588481,-0.5124452,-2.5347776,-2.4623382,"Q123D, Q123D"
L183H,-5.375917,-10.728073,-7.289356,-9.174396,-8.144516,
P39A,-2.008441,0.038157225,3.1727881,-1.8080456,-0.7673608,
Y220W,-13.7088785,-15.062248,-10.646117,-16.078278,-13.053039,
E90M,-1.9968852,-4.00424,0.43184465,-2.0749204,-1.3897706,
G158M,-5.984729,-7.6812553,-5.0392437,-6.589137,-6.025577,
Q63T,-0.4968307,-0.93963015,1.3247701,-1.731063,1.4282094,"Q63A, Q63A, Q63G, Q63G"
E267N,4.097563,3.0796688,3.8759077,5.1182585,4.6648045,
F250I,-4.1173525,-4.4446907,-1.501076,-3.7443452,-2.8032763,
D41E,1.4957316,2.1588933,5.2681518,0.3992362,2.816034,
L54V,2.7755628,2.308446,4.4559326,1.7825689,2.7113905,
S310N,-0.62525165,-1.7632289,3.022852,-1.3988918,-0.3255237,
R302K,0.8643657,2.4474394,2.6285346,1.0932821,2.4213943,
G105P,-3.3589966,-4.2910743,-4.0401154,-5.5947666,-3.7422657,
F151T,-6.381917,-7.5173206,-4.3482947,-8.37611,-6.37282,
W10N,0.10026014,0.7925469,1.210269,-1.1778572,-0.61197466,"W10L, W10L"
R316T,1.1979532,-1.5330036,2.1970592,-2.742113,-0.17757219,
V217M,-1.0581489,-2.5965877,2.1040921,-2.537505,-0.9865997,
S231R,3.3982978,0.61681515,5.8046308,1.2316462,4.3139725,
A236W,-16.06864,-17.739914,-12.828325,-18.645548,-18.055542,
R313P,-12.590548,-13.362523,-11.4268875,-15.308427,-12.949783,
A71C,0.7357359,-0.794611,0.8217765,-0.8959781,1.1145194,
Q303L,-4.9560637,-3.5596974,-2.048573,-4.868696,-4.4658184,
P13D,0.9944401,1.1762869,1.1777177,-0.30826378,1.7076789,
A36W,-3.3355846,-3.9515343,-2.8771768,-4.057681,-4.0622854,
T234H,-3.6294723,-3.8259501,-0.018228114,-3.3970733,-2.6932716,
T174M,-1.5048814,-0.9391331,0.22172484,-0.87356585,-0.12452744,
V17P,-1.8372414,-1.7945695,2.7096705,-3.7586272,-1.4736075,
T49I,3.4839091,3.8477068,2.9120429,2.8904064,4.8513703,
G158T,-3.0031948,-2.778327,0.7784419,-3.496049,-2.5741873,
T147I,3.9684162,1.0972822,2.5464487,1.1839725,3.1490405,
R60F,-1.5781591,-1.281985,-1.4327776,-2.4954588,-1.019346,
Q294K,-1.6152369,-1.6615355,-1.2748903,-4.970113,-1.5588818,
N139S,-3.5277925,-3.475667,0.3928513,-4.9842663,-3.5994198,"N139A, N139A, N139R, N139R"
R58G,-2.2941084,-2.55161,0.8924007,-4.086505,-2.4885504,
A251D,-2.8610103,-2.3175406,-3.136869,-4.7306094,-3.813348,
T26F,-3.2446413,-3.5233471,-2.0291626,-4.6745768,-3.6542394,
T26N,-1.0105681,-0.5834873,3.092865,-1.7298827,1.5386181,
Q12G,-3.4597993,-3.7189627,-1.9475272,-4.646672,-4.047948,
C168G,-4.7592373,-3.9817164,-1.7568425,-7.1518383,-5.785985,
A179V,1.6222107,1.0685319,2.176117,-0.74110496,1.410134,
M1S,-8.502525,-3.2246294,-9.481619,-6.980599,-5.147998,
H277L,-2.167882,-1.6407435,0.55290604,-1.846682,-0.17519952,
E185H,-1.8307596,-4.1989202,2.9922285,-1.7619708,0.47036228,
L214M,-2.3194795,-2.715811,0.5005716,-3.0438569,-2.1694045,
Q16C,-0.40380135,-0.461332,0.06567551,-1.7799263,1.8411152,
G121V,-1.0002182,-0.74618113,1.1138425,-1.4397031,0.5741857,
I23H,-9.962538,-11.088634,-10.266672,-12.848885,-10.394882,
Q38T,-1.0247731,-1.6538266,0.36926347,-1.446595,1.3399267,
E33N,2.6724768,0.5222086,4.669015,1.9541502,4.497103,
Q45V,-2.716558,-1.2266364,-0.72227925,-1.9588652,-1.1454635,
D227S,-2.663281,-0.79441464,3.1800141,-0.47765368,0.104605675,
G105L,-5.235764,-4.8876305,-4.156025,-5.6094756,-4.9321814,
R145C,-3.0708585,-1.8467178,-0.36513096,-3.2227526,-1.674283,
D152I,-6.6803617,-8.102415,-3.6391344,-4.526979,-5.3861213,
Q164I,-2.5259244,-2.7222986,-2.7242734,-2.6334243,-0.9222758,
V109H,-6.55338,-8.989021,-6.6915274,-9.739061,-6.6325064,
H72S,1.1814214,-0.26526117,2.4585667,-0.55881834,0.68383825,
F107D,-17.139338,-18.147388,-15.844995,-20.769468,-18.819355,
H171Y,2.4142146,1.4975072,2.1848588,-0.84371126,1.8021702,
G156R,-6.8964586,-8.209936,-6.129119,-8.386678,-5.07767,
Q303F,-6.248204,-5.250599,-3.7872417,-4.8146877,-5.3998065,
I160Y,-1.8587724,-3.378897,1.4197044,-4.1122465,-0.6651621,"I160L, I160L"
P276E,-2.2927785,-1.5029866,-0.8300235,-1.9839256,-2.7396553,
R58N,-1.441979,-0.9534465,0.90917563,-2.4905298,-0.19308847,
L243R,-2.4935107,-2.3733828,2.4273012,-3.7888622,0.46162075,
L44G,-3.603719,-4.231192,-2.5522463,-4.5785503,-2.4339814,
I108F,-4.999262,-3.899316,-3.5039937,-5.5793304,-4.909997,
L126F,0.18038836,-0.31296527,2.6715891,-1.9743354,-0.12878922,
G42H,-5.53585,-6.8059554,-7.1483383,-10.089859,-7.352032,
G74M,0.12338385,-0.69854677,2.9074185,-0.28553718,1.4932053,
S57K,-5.361109,-4.3132443,-5.5242014,-5.5382624,-3.9167328,
S310L,-8.884705,-8.062847,-4.5061655,-9.242895,-9.889315,
H92T,2.48703,2.0956187,1.9193077,0.54440284,2.8399687,
A281W,-6.940502,-9.23118,-3.8514097,-6.6617494,-7.8504186,
A300R,3.266303,-0.5333947,5.5091352,-0.044898033,4.265879,
V109T,-4.350897,-5.4728556,-0.9806964,-6.51635,-3.9386086,
L126T,-0.61030006,-0.71601504,3.0960598,-1.7108549,2.0033166,
G206T,5.105205,4.9502106,4.943404,5.273876,5.1442313,
L195Q,-3.3006215,-4.4264565,2.6034687,-5.7623777,-4.207844,
N124I,-6.350154,-6.3368273,-4.8247128,-6.915782,-5.6441875,
L141I,2.9292407,2.6019258,2.366763,3.4096909,3.413747,
E229P,-5.5376363,-7.9234314,-2.4594285,-6.573784,-5.358518,
E21I,-13.090925,-13.269035,-5.9288864,-7.533625,-10.883138,
E90P,-0.22658163,-1.2526845,4.0807877,-1.6657043,2.8388658,
D113E,0.26347053,-0.12853108,4.5962386,-2.359538,2.2375717,
H318I,4.6815214,2.7152438,5.39492,3.8116543,4.155592,
L32H,-1.6794982,-2.1530554,0.114767015,-3.7923973,-0.6350158,
T308M,-5.9806147,-5.497802,-2.6838417,-5.914977,-5.2233715,
T26E,0.0047968477,0.8640555,3.0654316,-1.723214,-1.5932497,
E33A,-6.226653,-5.59151,-1.9666674,-3.5804992,-4.346302,
H279T,-1.1580362,-1.6293035,0.8279731,-1.8586222,0.89334524,
F172V,-2.2959776,-2.1952055,0.88314337,-3.0953856,-2.9123645,
G106W,-5.1574197,-4.8360186,-2.368311,-3.9347053,-5.4902954,
F80A,11.44878,10.493956,11.53648,10.270764,11.668552,"F80A, F80A, F80C, F80C, F80S, F80S"
L184C,-0.43550685,-0.20932756,1.5087249,-1.5196779,-0.19761938,
S207P,-2.2568226,-1.8393317,1.763946,-2.8523254,-1.0428014,
R271I,-5.5728807,-4.5142765,-3.500742,-5.116011,-4.0993505,
L214P,-10.696135,-10.753845,-8.039201,-13.9637375,-8.900369,
S310V,-5.5000916,-4.9292173,-2.4055526,-6.2622147,-6.4777603,
D25K,1.6010482,-0.78474754,2.7804139,2.3978891,3.9110184,
T298Q,-4.937175,-3.4351249,-2.4582713,-6.041609,-4.711197,
L243H,-4.1474304,-6.030914,-4.8313017,-6.9916,-4.4611225,
L182N,-0.5819683,-0.26708096,1.2333741,-2.502925,0.7820248,
D275L,-3.2766385,-3.0682192,4.758455,-0.99031246,1.0172634,
K70W,-7.1087713,-7.941827,-3.930313,-7.2104836,-9.278929,
D41G,-1.883862,-1.4513752,2.4714081,-3.2099514,-0.615189,
E199A,-3.3719783,-3.3287048,-0.87527746,-2.3687816,-2.701452,
D76Q,4.2564373,1.8199832,7.2899837,2.4491093,2.0057173,
Y116N,-7.114083,-5.8870516,-5.5912037,-10.002777,-7.5929613,
T256F,-9.290452,-9.325235,-7.316416,-12.618063,-9.200764,
G156S,-0.34927326,0.016365007,2.5324824,-1.2825904,0.4133646,
D198W,-9.389336,-14.651152,-12.508324,-12.838816,-10.72065,
A114Y,-0.044220544,-1.2611313,-0.31598353,-1.755502,-1.0513183,
L257G,-10.821535,-11.2283325,-7.7878428,-13.513632,-12.490666,
S48D,-1.6898319,-0.3678486,2.0966067,-2.2985442,-0.5961747,
V85I,1.6013451,1.9923007,2.7186193,3.3200905,2.7232437,
S242G,-6.3324184,-6.5239906,-2.9600408,-6.6146235,-5.1750145,
A268E,-1.2396357,-0.39223385,-1.2957709,-2.370202,-1.1924577,
S204P,-3.4858174,-3.4284997,-0.3898416,-4.3339815,-3.7110343,
S89I,-4.072242,-3.577798,-0.6983686,-2.65317,-2.5834844,
T26Y,-1.9805493,-2.3114104,-0.97382915,-3.8848062,-2.9481528,
T317I,3.9146922,3.4007483,3.276888,2.8585808,3.4661405,
T3M,-1.906887,-2.1796365,-0.5747978,-1.7775686,-1.6502774,
V217C,-5.173921,-5.6318097,-3.608523,-5.893836,-2.787918,
L157H,-6.3903766,-5.931056,-4.528009,-6.779819,-6.195745,
A178H,-1.2560145,-0.9394768,-0.7579388,-1.8333452,-1.0273714,
P104C,-1.5617565,-2.1465073,0.8091172,-1.9718751,-1.5872965,
L54H,-0.11376679,0.3974712,2.496127,-2.3322887,0.74360234,
I73T,-3.184285,-3.0850601,-0.3043208,-5.567487,-3.918085,
A153P,-1.3168573,-1.4041208,0.06361306,-3.0232043,-0.69632596,
S51C,-2.0299115,-2.481669,-1.0562409,-2.2649124,-1.0343091,
E14N,1.2350854,-1.2341657,2.4646235,-0.8931906,2.711261,
T49C,-0.7209011,-1.4857173,-0.33720753,-2.2064927,-1.303976,
Q45P,-3.5197706,-4.926447,-4.19893,-5.8451715,-4.4578834,
R134S,1.7581508,3.0180714,4.021078,0.7970705,1.3403858,
H77E,-0.24993595,0.040108323,2.7339954,-1.8915823,-0.042802334,
H43G,-1.7685592,-2.0858603,-0.6180865,-2.8556302,-1.0236833,
A309R,-6.0787363,-7.3209763,-3.2945828,-6.503536,-6.647155,
V91L,-1.3070198,-0.26390105,1.7771282,-1.3723,-0.24975109,
T52G,-2.7591548,-1.1348112,0.17191379,-3.3807878,-2.7432837,
G74E,-0.045734674,2.5630352,1.261508,-0.080980025,-0.43415198,
V312N,-7.803447,-8.086384,-5.401329,-7.919527,-7.0223684,
L32Q,-2.471612,-2.8327522,0.29264113,-4.7980423,-2.6018133,
E33T,-2.9999967,-3.751159,0.33248553,-1.6854181,-1.5923858,
G240I,-11.518314,-11.934244,-5.1311164,-9.893359,-9.869888,
W260M,-5.5387096,-4.8233843,-2.9060779,-5.532529,-4.4933357,
D198C,-5.3092136,-9.961291,-9.092915,-7.9542017,-6.093067,
N139L,-2.9867358,-3.258603,-1.48995,-3.3202744,-2.1206546,"N139A, N139A, N139R, N139R"
T190A,-0.85199654,0.37084055,2.3255002,-1.7724414,1.9534647,
Y146P,-4.7275696,-2.9369855,-0.036109447,-5.0248756,-4.441968,
P13A,1.2481663,1.4712683,3.9641938,0.76449764,3.0011725,
F297E,-20.218746,-19.228287,-16.903286,-24.190487,-21.02903,
Q219F,-7.4919863,-5.7059784,-4.2614527,-6.8923426,-5.894765,
L167F,0.21957913,-1.4101834,-0.6052115,-2.234171,0.028270304,
D293V,-4.3142242,-5.3318048,-0.20139065,-4.0816474,-0.99203455,
G106C,0.9028615,0.36068308,4.0783587,0.5227089,2.0926583,
Y81T,5.7050405,5.5478673,8.42251,0.4770833,7.7596126,
A36L,-1.0937793,-0.6379987,0.12665945,-1.0685085,-0.6952117,
T49Y,-0.21350996,-1.0985914,-1.2933202,-2.4223313,-1.3719354,
Q222F,-3.3599873,-2.463869,-2.537667,-2.7955146,-1.11135,
C150G,-2.958445,-4.025733,-1.5127145,-4.771036,-3.251432,
E94D,0.36259156,-0.14228831,3.1488395,-0.92755854,2.4761815,
R15L,-3.6266656,-3.8101916,-3.062594,-5.910261,-4.4443665,
L214S,-4.523238,-4.5979695,-2.813116,-6.2978935,-3.046956,
Q303T,-2.7706997,-2.745971,-1.7499517,-3.5504363,-2.234529,
T122D,-0.81788915,0.24679111,0.5782868,-1.8197412,-0.17810209,
A314L,0.12061328,-0.9759698,2.6066508,-0.8173206,-0.625291,
K70L,-4.729843,-2.8130646,-1.6550333,-3.9547136,-5.294546,
R316A,0.74529576,-0.632941,3.6307807,-2.4678392,0.51220226,
E78H,-3.7415977,-6.7152195,-2.6998994,-4.3095846,-3.870613,
R265V,-16.000952,-16.838198,-13.622987,-15.493538,-15.509379,
R200S,-1.0437285,-0.24182865,1.4682654,-1.8444746,-0.29547662,
K144M,-5.4336433,-4.1756516,-3.5883257,-5.177611,-4.602727,
V83F,-0.77138436,-2.0271804,-0.022267595,-2.659027,-2.3796778,
R159L,-9.315081,-5.7243867,-4.3791285,-7.938154,-8.540449,
G65F,2.0994473,0.96591735,1.5897218,0.45256373,3.0345654,
D41F,-0.35829848,-1.2219701,0.98047906,-1.3099489,0.05001761,
P228S,2.95968,0.8322189,3.4407187,2.6230745,2.467507,
G142W,-2.3268435,-3.0234985,-0.25464243,-2.2429867,-2.899631,
G112E,-2.5576382,-1.5984108,0.96638644,-3.4225063,-2.8285544,
D275C,-2.9601626,-4.271592,0.669356,-3.332697,-2.0713758,
S204T,2.5891123,0.18774521,4.292687,-0.5218833,3.6311667,
F161E,-12.839485,-13.156074,-9.769181,-15.157913,-13.415012,
I252P,-2.5627637,-1.4251454,-0.10984132,-6.1610265,-3.9325821,"I252A, I252A, I252Q, I252Q, I252R, I252R"
L64M,-0.71058095,-1.179577,2.4429827,-2.0986304,0.042867035,
G97H,-1.461954,-2.64283,0.74478626,-0.40956545,-1.0889747,
N258D,-7.5029364,-7.251507,-5.078208,-8.3751,-9.001383,"N258S, N258S"
W289R,-7.816885,-9.778341,-3.3135066,-7.3395596,-6.4586873,
R316Y,-1.1836541,-1.5282913,-0.9613959,-2.09485,-1.1600736,
R274I,1.886159,2.170091,1.6479222,0.7662799,1.8887342,
K137D,-6.374839,-2.7429953,-4.313579,-4.262334,-6.9184732,
T298L,-6.8823314,-5.110954,-3.9573808,-7.2047076,-5.8327436,
S69T,-0.305997,0.3565067,1.9674937,-0.3280282,2.3223908,
L140N,3.6343095,1.8612316,4.864132,1.531502,2.1105077,
T26Q,0.64471793,1.3579812,3.6353314,-1.1780169,-0.06740287,
H247D,-9.243984,-10.959587,-10.237961,-12.945459,-10.97911,
E78Y,-4.5107145,-7.388313,-4.2400684,-5.237174,-5.049369,
F80C,5.766531,5.783285,7.992996,5.53323,8.090925,"F80A, F80A, F80C, F80C, F80S, F80S"
W47F,1.7507777,2.325082,1.4320991,1.1027539,1.1512599,
H279Y,0.13083844,0.25889707,0.7794557,-1.3500471,0.8863662,
A300N,1.3995068,-0.79416287,0.41918975,-1.5157723,0.7829404,
W47Y,3.3281784,2.5446076,2.9317822,1.3511289,2.2027547,
L246H,-13.490392,-11.886274,-11.5550785,-17.149097,-12.030228,
A22R,0.31879365,-1.0446471,1.5809566,-1.7199476,-0.162862,
F291R,-15.789391,-17.846695,-11.27531,-18.192516,-19.547245,
F161I,-2.9135401,-2.4979098,-0.1216889,-2.340867,-1.7298563,
A114H,1.8358854,-1.1117898,3.630847,-0.80753934,2.1145897,
Q219D,-2.1926036,-2.3309555,-2.4623199,-3.510057,-2.761353,
V201K,-2.7925558,-4.389679,0.5239816,-1.6857789,-2.1387763,
R200D,-4.8781466,-4.1148596,-3.589353,-5.7710915,-4.6158943,
T315L,-1.6873816,-0.9457652,0.07633034,-1.9313838,-1.0383205,
V91E,-9.72801,-10.203672,-7.8514743,-10.9643955,-9.248203,
E163N,-0.70759964,-2.067773,-1.0250226,-1.6871847,0.52123284,
T317D,-2.0029511,-1.6174259,-0.6984153,-3.2258654,-2.4147654,
R216K,1.7244982,1.7125305,4.5190578,-0.33729887,3.0298996,
A36Q,-1.2768097,-0.44293702,1.6722168,-2.0682864,-1.0229192,
T308L,-6.0972495,-4.818272,-3.2381625,-6.9261513,-5.991798,
D227F,-3.726943,-4.4171276,-1.314501,-1.9961576,-1.0695918,
P115Q,-3.8740506,-3.0580628,-1.0438412,-3.2682319,-4.1209974,
L32S,-1.9999092,-1.793616,0.5435038,-3.4385364,-2.0356836,
A135K,4.0252995,2.520999,3.3826356,1.460044,3.0924907,"A135W, A135W"
G106A,1.1789533,2.0138862,4.006579,2.0055418,2.35634,
W10L,-0.33541048,1.3208723,0.26280847,-0.32377076,0.112644106,"W10L, W10L"
A35C,-1.5393808,-2.0247555,-0.90339446,-2.0926924,-1.4146045,
A178D,-2.556741,-0.5529748,-1.2691019,-2.7860868,-1.8122284,
S24F,-2.2188308,-2.79418,-1.8867103,-3.107445,-2.4364169,
C307N,-1.0703945,-1.4005773,1.2147319,-1.7723562,-0.18388218,
T317Y,1.934141,0.846066,3.680468,-0.99411416,3.2810411,
R46S,-4.965466,-1.7248663,-1.6939144,-3.9633589,-1.9026152,
A79T,3.0116482,1.9448906,3.1133304,1.2412463,4.669862,
R200I,-4.2953367,-3.6603189,-2.1535857,-3.568205,-3.3242483,
T49N,1.7387257,1.1364417,2.222949,-0.9717001,3.453344,
L202K,-1.2053027,-3.5093162,-0.7303536,-1.9926453,-1.7075888,
T234D,-2.7033439,-2.529161,-0.66507393,-3.7246835,-3.1996155,
G37H,2.1621397,2.6933198,4.640237,1.9773132,3.4735863,
P2F,-0.46417898,-0.08205719,-0.8259771,-0.94370365,1.1892192,
G121W,-3.739814,-4.820301,-2.5738735,-3.8325045,-4.2961583,
H213G,-6.319957,-6.856777,-3.9730995,-6.7115784,-5.1145186,
C168E,-12.581641,-11.839241,-9.303211,-14.500963,-13.371029,
L182S,-0.3997571,0.25441247,2.5112848,-1.8655918,-0.8420087,
A292C,-1.7738017,-2.3062186,0.23498738,-1.7415328,-0.28755152,
T256G,-5.267067,-3.0570962,-0.53482497,-5.738701,-3.8831089,
V221R,-18.305973,-19.560795,-13.778173,-15.690767,-12.8548975,
Q222D,-2.2967997,-1.742199,-2.8279953,-2.7752695,-1.5696996,
W127G,-2.0697472,-3.236071,-2.01959,-4.501934,-0.20855694,
V261I,1.7037725,1.7100396,3.6232777,2.359416,3.2407117,
V269Y,-7.539404,-10.4346695,-5.791704,-9.790487,-9.020123,"V269C, V269C"
E21T,-4.3165717,-4.729253,-0.42690572,-2.1985621,-2.9383955,
G97C,-0.7205776,-2.4920712,0.22068578,-1.9876736,-0.34145367,
Q95D,-6.936258,-7.6189017,-5.0891294,-7.9650855,-6.3983984,
E110W,-8.407316,-6.4693747,-7.6671786,-6.093599,-5.321725,
Q38P,-2.474977,-2.8735232,-2.5611668,-3.8084354,-2.7764564,
Q45K,2.936451,1.2991457,1.9607939,1.2141297,3.0590234,
E33S,-2.741756,-2.3864546,0.5552238,-1.2428098,-0.44191632,
S51A,0.5558821,0.60272396,4.134864,-0.92073953,1.957416,
K144Y,-1.4030118,-0.9928804,0.30850202,-1.6626064,-1.5532634,
A189S,2.9522395,2.6564722,3.9553435,1.1797924,3.1689734,
R154E,-2.4325385,-1.0411428,-2.4673886,-3.6335897,-2.618535,
Y66L,-7.1766534,-8.149785,-4.6975794,-8.683863,-7.741536,
P53S,3.1369271,3.5077565,3.8513446,3.793944,2.2330775,
W127H,-1.0529568,-0.3634812,-0.39593565,-2.7309475,1.9849992,
G240M,-11.086634,-11.303329,-5.614927,-9.630978,-8.995418,
D41C,-1.1339841,-2.3534455,2.1068354,-1.709835,-1.2223468,
A286V,-4.343268,-3.6743972,-0.9911173,-3.6552377,-3.2264469,
D152S,-0.65536743,-1.8492544,0.01845923,-1.966941,-0.102437995,
D227W,-7.9757814,-11.897221,-4.3326693,-8.624886,-7.723133,
S67F,-1.8795587,-1.3640683,0.55291283,-1.5123084,-1.2167633,
R244T,-6.515646,-8.842009,-6.3719916,-10.8277645,-9.164625,
V162D,-7.917035,-8.283285,-6.327035,-9.1909485,-6.6173105,
V261M,0.14165503,-1.6909037,4.1162157,-0.45914435,-0.18530917,
L82N,-8.687136,-8.843,-8.151533,-8.312637,-6.827119,
H143I,3.271862,2.3616817,2.935091,3.3727326,4.1197476,
Y120I,-3.6054552,-4.215129,-3.5519884,-4.545974,-4.110107,
S31D,-1.3047389,-1.3411738,-0.6971991,-3.2426612,-2.114718,
I108P,-14.084204,-15.669594,-16.136604,-19.838627,-16.409775,
R117T,-1.9216702,-1.0911112,0.16092068,-3.34506,-0.27359605,
G290E,-12.301897,-11.381559,-9.392204,-14.704021,-13.7822075,
A292N,3.817416,3.5748024,4.1004705,2.9172575,4.5689244,
S48L,-1.2231697,-1.3405154,-0.7994807,-2.707625,-0.46559557,
I282L,-4.875311,-4.179297,-2.377024,-5.928052,-5.0030518,
E4M,-0.6223886,-2.2661057,0.62266874,-1.2120404,-0.5463352,
V128P,-8.782181,-8.830606,-9.224163,-9.255783,-5.6198626,
E205Y,0.9875424,-1.2260475,0.22616358,-0.64286965,2.2894616,
P29T,-3.4905415,-3.0626261,-0.49683315,-2.4693198,-4.9135947,
T317Q,3.973396,1.7191672,5.2896185,-0.6245918,3.0005674,
S188E,-1.9984207,-1.0664977,-0.7383181,-3.572162,-2.8177893,
R271H,-2.7021909,-2.0970166,-0.31029794,-3.0437307,-1.8644756,
F172E,-10.14285,-11.557776,-6.5198917,-10.9879465,-12.279241,
T52L,3.7527814,1.8271613,4.2876935,1.6912187,2.603822,
Q63R,0.38453144,-0.9960475,1.3130836,-1.3085895,1.5380949,"Q63A, Q63A, Q63G, Q63G"
P115I,-5.156366,-3.9655275,-1.6736104,-2.8754973,-3.5967252,
F93V,-3.8910246,-2.4448414,-2.3960307,-4.6428304,-3.9787269,
A187L,-0.3803231,-0.62464887,-0.49137425,-1.8335779,-0.5833162,
L182P,-3.8481112,-5.233948,-1.9416583,-6.9843884,-4.9800987,
F287H,4.039959,4.6261783,6.551569,0.9128674,4.4508815,"F287W, F287W"
L59H,1.2348036,1.5759099,2.0874345,-2.5721555,3.7216449,
H72V,0.08656419,-0.2056616,2.305715,-0.99593174,0.27786416,
L131D,-16.152866,-16.966263,-15.64205,-22.226019,-18.196297,
D41I,1.786806,-0.434303,3.5373363,1.325315,2.0616755,
I160F,-2.2516046,-2.8967123,0.46200833,-4.572714,-0.99901044,"I160L, I160L"
A314W,-3.80403,-3.9284263,-1.9133393,-2.8195872,-3.5969524,
P13F,1.2156839,-0.5055276,1.5196053,0.2140101,0.8112957,
S24Y,-1.0368925,-1.5922621,0.6757079,-2.402644,-0.80595696,
S207K,1.7679086,-0.48224315,3.2304144,-0.23304912,3.4933887,
W10M,-0.8386675,0.022061914,-0.33307928,-1.0644276,-0.06258172,"W10L, W10L"
Q196T,-1.4838535,-1.3107928,-0.5878288,-1.9738034,-1.4502202,
F291W,-12.636055,-13.03791,-8.487125,-14.293528,-12.820986,
R68P,-9.184815,-9.499721,-8.924199,-10.564047,-9.593511,
D293C,-2.2490404,-3.800509,0.32884273,-3.7761753,-0.8116055,
H181K,4.123296,0.7313931,2.1055255,1.4622238,1.6895622,
E284A,-4.040211,-5.12526,0.24324742,-3.5462422,-2.7033093,
Y146N,-1.7774704,-1.8002477,2.7553487,-2.459103,0.40557784,
F301Y,1.2741132,0.2868116,2.5632722,-1.4368017,-0.33741963,
E110H,-4.456813,-3.3929582,-2.7590961,-3.9013762,-2.6098027,
T211D,-0.30354875,0.086450145,0.7643844,-1.2644128,-1.0251043,
T298M,-4.1981997,-3.6706266,-2.3451247,-4.6744404,-3.8853288,
L5G,-6.196989,-8.740981,-4.6126137,-6.794986,-7.494894,
L141R,0.47997555,0.054103553,2.3370702,0.1608851,2.4287815,
G9T,2.6681926,-0.30353636,4.3406653,1.1000682,2.0279803,
S207V,-0.79266906,-0.8848065,1.901216,-2.1656651,1.4891727,
R111N,-3.2119029,-1.3899412,-1.1614206,-3.2273908,-1.8331691,
F107V,-1.329721,-0.7712303,2.9280314,-1.8125429,-1.3817563,
D152L,-8.067871,-8.239239,-3.9349086,-7.645507,-7.49468,
L32N,-2.0767546,-2.671858,0.037167937,-3.4472375,-2.1768804,
Q95G,-5.7250347,-5.920168,-3.9851203,-7.963312,-5.2249594,
G9E,2.3314505,2.985105,5.3860416,2.7210827,1.97242,
L225S,-10.107555,-7.545845,-6.5989065,-10.96318,-7.8196282,
Y81P,-1.5184002,-1.0541556,4.8052993,-2.4821098,2.3243818,
L167W,-3.0679836,-4.7128124,-1.1967031,-3.6470017,-4.5319057,
S51M,-3.678152,-3.5386543,-2.2711072,-3.0964875,-2.8330162,
A251V,-2.0996652,-1.9089882,0.8726776,-1.8156888,-2.466807,
W260F,0.16634625,0.0005580783,-0.47891778,-0.95311344,0.09949523,
G206I,5.899717,5.75439,4.776492,6.2506185,7.123874,
N224T,-6.9579344,-7.828677,-2.9461622,-6.4706364,-6.695605,
I108E,-12.6025715,-12.770657,-13.597236,-16.334915,-13.543445,
T308A,-3.9664474,-3.0686502,-0.52963924,-3.6078825,-3.363908,
G203A,3.0865827,3.6867046,4.6747847,2.5638633,4.65579,
I23D,-12.377607,-12.790953,-7.8782735,-12.837782,-15.025638,
L182E,-4.626944,-3.8668249,-2.3546975,-4.688912,-5.095008,
E110C,-6.78057,-6.038042,-6.5143414,-5.600186,-5.4959645,
E267A,-1.1522484,-3.404459,2.819933,-0.5372678,1.102614,
L280E,-1.7286106,-1.1029263,0.14706439,-3.1303916,-2.454121,
H119V,-3.165624,-1.502969,-1.6213348,-2.702396,-1.8982084,
H171E,-2.3661213,0.59021896,-0.5219259,-1.9402403,-2.6880555,
P39H,3.363767,2.2390156,4.5146713,1.7867178,4.594504,
L191T,-2.7781725,-1.6492438,-0.85648644,-5.3423834,-3.6103306,
Q123P,-0.22757801,0.45141935,3.0990148,-1.4587841,1.1443236,"Q123D, Q123D"
T190N,-0.9329475,-0.39921477,2.5719237,-1.2349265,2.0330455,
C307D,-3.6729438,-3.3069234,-3.3400888,-5.1238885,-4.1394258,
T122G,-0.35567147,0.47055984,2.0719304,-1.9095976,0.9925435,
L249C,-5.9238586,-5.6670356,-2.5278316,-6.571576,-5.2353716,
T256K,5.4321966,3.3934395,7.7033978,3.1855989,7.1409917,
R117E,-2.4609337,-1.6037579,-1.7839372,-3.394592,-1.7153333,
P104I,-3.4956872,-2.8155093,-0.846555,-0.9498448,-1.9032695,
T3A,-0.55368376,-0.17931262,3.6682348,-1.0195246,0.22544664,
L140I,2.2128239,1.5776848,2.7497551,1.8469352,3.6975918,
S61Y,-3.6543603,-3.280933,-3.5857854,-5.3328886,-4.3321543,
A178F,0.14883617,0.11908926,-0.3173364,-1.0247964,0.36444604,
Q196L,-3.2536783,-6.0343714,-3.3376613,-3.6468146,-3.2766595,
W289M,-2.0647693,-1.6473892,0.6801317,-3.0882573,-1.713798,
E311M,-4.648224,-7.8253183,-1.22383,-2.8229482,-2.9228024,
I108D,-13.347933,-14.887162,-14.221125,-17.420027,-15.689194,
A268S,1.7748387,0.93941396,2.8464785,1.0307219,0.24838501,
L141Q,-1.9332082,0.08375239,2.9548104,-3.0376601,-1.5345395,
K70N,1.4953387,1.0919193,3.216584,-0.8996185,0.72640795,
G112W,-5.195505,-4.196725,-3.0560324,-5.277033,-4.5790577,
L195H,-5.779744,-7.59167,-5.274439,-9.950536,-8.057713,
H270S,-0.22970362,-0.41519243,2.1642196,0.60909975,-0.112253845,
D125M,-5.4182878,-6.7963295,-3.2026033,-5.4900274,-5.292218,
R154M,-3.3108797,-4.3230395,-1.4641972,-3.3288038,-2.4462786,
T211L,-2.894439,-1.611928,-0.7186451,-3.3587508,-2.5778384,
M1K,-7.8892117,-3.075909,-8.215803,-5.5681105,-4.32561,
F40P,-6.249136,-7.18071,-6.4464674,-10.441776,-8.040944,
Q45A,-1.2794093,-0.6366391,1.7508136,-0.8788865,0.21322693,
G74I,2.624463,1.370704,2.7075696,3.1773071,2.9521852,
A236I,-7.7659407,-8.44231,-4.1122913,-7.96926,-6.9829226,
S55E,-1.206144,0.10075625,0.8573591,-2.557564,-2.324886,
Q164Y,-2.3883305,-2.937398,-2.1478868,-3.1577902,-2.1827078,
L241N,-11.310627,-10.74799,-8.198761,-12.562374,-9.777293,
A314D,-2.2815366,-1.9617689,-0.7150316,-3.8333497,-2.3498456,
L193D,-3.448639,-4.3072176,-1.9899187,-4.305149,-3.8793836,
V221G,-15.914045,-14.662442,-9.862852,-16.065258,-12.455364,
Y120L,-3.820951,-3.9469664,-3.0899801,-4.941666,-4.013359,
H98I,-3.8037424,-2.32188,-1.6647357,-3.408695,-3.328102,
R111K,1.6085413,-0.41569206,3.0118976,-1.5121081,3.2341712,
R159P,-5.02731,-4.0262003,-3.9109101,-7.9875774,-6.2419233,
T84V,-3.9149334,-1.8252629,-1.5941505,-3.4208255,-3.0788755,
P176L,-1.0074271,-0.2911606,0.3124461,-1.5410997,-0.19591612,
A314T,2.767125,0.27112597,4.365898,0.11986638,2.4626694,
L193A,0.6510396,0.54761994,3.3869095,-0.3845241,1.1102208,
E14I,-3.4328294,-3.9178863,-1.9585819,-2.2756782,-2.3176527,
T174L,-3.1097918,-1.6840537,-1.7934403,-3.5218053,-3.0418956,
A20R,3.252933,3.4375372,5.6886835,3.9883575,5.6897926,
A79E,-0.55093366,1.0599909,2.4035897,-1.1132731,0.6584486,
F172Q,-7.336686,-9.8027725,-4.391058,-9.60778,-9.504913,
Y305P,-24.644936,-23.169401,-19.19055,-27.963997,-24.621025,
R288L,-2.204265,-2.9732451,-1.7605022,-4.322542,-2.832977,
Q186E,-7.6376014,-7.851783,-7.712524,-10.439677,-8.9869,
A22H,-0.5905118,-1.3645294,-0.7468889,-2.324489,0.40112412,
H318D,-0.32457638,-0.95720464,-0.0062355846,-2.4270477,-1.9033678,
F297N,-17.14551,-17.713915,-12.36922,-19.613335,-17.335672,
H92I,3.2587233,2.7383647,1.5371192,3.3241663,3.952156,
T7H,-6.666626,-7.551345,-6.76608,-9.442317,-6.7895565,
L225D,-17.32813,-15.458034,-12.224503,-17.534084,-15.31106,
D152Q,-6.48285,-6.5759716,-3.2444808,-6.7653356,-6.41209,
L202Y,1.8935776,0.48253012,3.4952965,-1.1348429,3.617854,
L212A,0.42098847,0.78516906,3.1730149,-1.6257102,1.5426346,
P254W,-10.298191,-10.918669,-6.982774,-11.472502,-11.556853,
K137S,-2.0193315,1.6442875,2.369436,-1.22772,-1.6989012,
A314E,-0.2640254,-0.14989778,1.0167121,-2.1009603,-1.1141655,
S207T,1.5997431,1.0119114,3.7856736,-0.47858745,3.427517,
Q296F,-3.12494,-3.0843725,-1.9276006,-3.6747222,-2.8586679,"Q296H, Q296H"
E163R,-3.27802,-5.754757,-2.1681037,-3.7816591,-2.6648932,
G203L,0.6036383,1.048722,3.0131798,0.3444159,1.9518025,
Q99I,-2.1253846,-2.5508258,-1.5232105,-2.079845,-1.2698127,
H149C,-0.5576923,0.45293063,2.7621064,-0.82811403,0.2040775,
Y120N,-3.5238867,-4.242227,2.0625854,-4.5786023,-1.5230656,
T174V,0.060477935,-0.9580284,0.7634704,-1.0865703,0.59554565,
T122M,-2.8940916,-2.13143,1.4201214,-1.2624226,-0.7670522,
H72P,-5.026452,-6.2758455,-3.943132,-7.6402016,-5.639474,
Q186C,-5.9615965,-7.5882645,-4.9935007,-6.1590643,-6.0104647,
G306W,-9.19368,-11.224865,-4.654768,-8.870828,-10.605164,
G240W,-16.041763,-16.728722,-8.219753,-14.360723,-13.640943,
Y245T,-2.0104723,-1.4777048,0.24618205,-2.9451118,-4.021637,
V162F,-0.1342805,-0.57258236,-0.7977387,-1.3637996,-0.5380155,
L56I,1.6680992,2.123007,3.0311677,2.512408,4.412939,
L214E,-8.042145,-7.8498597,-7.876041,-11.552393,-7.420069,
A179Y,-1.2436947,-1.9572923,-0.7135885,-1.8117349,-1.0837381,
L249H,-9.028572,-10.42284,-7.1875005,-12.035845,-8.73373,
F107W,-8.358037,-8.85295,-7.429549,-9.457236,-8.884069,
H143C,-0.31024596,-0.3420034,1.9002898,-0.7320731,0.08952926,
E14M,-5.903804,-6.5968175,-3.510217,-4.809812,-5.363167,
E4R,-0.38467625,-1.2180433,1.2076533,-0.50899667,0.60078275,
D275F,-3.3084555,-3.9270236,1.2874335,-2.099225,-0.522152,
G226D,1.4656782,2.9490523,2.1020737,-0.6941685,0.85556805,
S242H,-6.823317,-9.244047,-3.0356245,-10.0115595,-7.7821903,
T308C,-5.102537,-4.98973,-3.1337671,-4.9823074,-4.228257,
F93D,-9.4955015,-10.17296,-10.048681,-12.707394,-6.8442907,
Q16R,1.8885803,0.87189496,3.5529203,3.7015176,3.8784943,
S103F,-1.5229418,-2.0165987,-0.46754074,-2.2539043,-1.5317793,
H181E,0.73184925,3.2018425,2.4637928,0.41664565,0.6692785,
R216T,-3.3303947,-5.210946,-1.5811507,-5.9305353,-3.7289915,
W19D,-6.1668863,-10.226765,-6.3769083,-11.102472,-11.205241,
I160V,-1.4943345,-0.89633083,0.9370906,-3.459651,-0.96798325,"I160L, I160L"
L192I,-0.2161428,0.81018955,0.116228744,0.1261683,0.9854857,
W289G,-6.727461,-5.5092726,-3.2511063,-9.450935,-5.9878697,
S103K,3.111463,1.8864775,4.9395046,2.740954,5.0765076,
G112F,-3.430587,-1.8532095,-1.7246528,-3.3287625,-2.092447,
L195M,-0.30935147,-1.1439083,2.456359,-1.1936889,1.1131979,
G206K,4.162921,4.2578516,4.393755,5.7396626,5.3912573,
T215C,-2.5503366,-2.5631611,-1.146768,-2.53958,-1.9288621,
A314F,-0.9373121,-2.5321212,-0.97149944,-1.3274416,-0.21157521,
Y245Q,-3.796361,-3.7163854,-3.6266687,-6.698925,-6.9836993,
E205M,-0.28047502,-2.5765052,0.39366126,-0.9459746,0.4156091,
R265N,-11.709355,-12.073637,-9.203171,-14.324276,-12.197786,
E267C,-4.1250134,-5.871855,-1.4192226,-2.4616761,-1.3807585,
S6I,1.7079029,0.0050317347,1.9145303,-0.2154052,0.9900622,
C150F,-1.6184847,-0.8719989,-0.37336233,-1.2978168,-0.65003186,
Y245P,-13.381547,-15.023627,-12.49192,-17.015774,-16.73716,
E33K,0.93979347,-1.9001842,3.468648,1.6544224,2.7579384,
E311Y,-1.0416068,-5.023342,-0.8444044,-2.2209723,-0.17020565,
E21Y,-6.0668745,-8.238898,-2.8563879,-5.2389565,-5.861395,
A238E,-4.8195257,-4.167291,-5.546719,-6.733411,-4.969921,
Q99G,-1.8431029,-2.275172,-0.7260845,-1.804008,-1.1067648,
D76C,-0.6444452,-1.7629571,1.5772626,-0.86718714,-0.034185857,
Q223G,-6.1497054,-5.2399216,-4.0725527,-8.2922535,-5.827765,
V201R,-3.0641627,-5.4531536,-0.41853654,-4.3517413,-3.2180953,
L209R,-0.81425065,-1.612121,4.066743,-1.0742776,0.39584488,
L263I,1.0811577,1.0335294,-0.08129769,1.0575749,1.719635,
T315F,-0.54083633,-0.6975994,-0.038633876,-1.158319,0.26909024,
N258L,0.9067732,-0.17389877,4.5810924,-1.3944244,1.6130738,"N258S, N258S"
K130Y,-7.558778,-8.289481,-7.8606286,-10.20479,-9.832659,
T84C,-2.832526,-2.0530097,-1.0965865,-3.1644187,-2.4731712,
K70C,-3.1697176,-3.6645129,-1.7854964,-3.490364,-4.573825,
R15F,-5.4405756,-5.721817,-4.8675866,-7.5522604,-6.4399977,
D227R,-3.49817,-4.601609,0.18342921,-4.290885,-1.9461225,
Y146C,-5.306884,-3.7264826,-0.19169033,-3.5116112,-3.700492,
S31C,-2.7242706,-2.9059072,-0.25209203,-2.5939527,-2.7242663,
E205D,2.9901314,1.407748,4.0658073,1.6614468,1.8957231,
H92A,0.13692811,0.5102267,2.8632262,-0.9555165,2.7088532,
A236M,-8.593874,-9.009802,-6.3987284,-11.181864,-9.288283,
L280F,1.9597101,0.65903616,1.7730956,-0.48002282,2.751417,
E110T,-4.4195204,-3.6525383,-4.081366,-3.5591242,-3.5979385,
K144I,-3.452186,-2.0861511,-1.853313,-3.1735208,-3.1108356,
V17W,-3.301888,-3.0032895,-0.59003294,-3.6307018,-3.41355,
D173H,1.5003115,-2.268959,2.9981287,-1.028218,2.2585201,
L263T,0.8273729,0.7234361,2.0444622,-1.1326506,2.754277,
L126S,-1.8535724,-2.3364828,2.8233638,-2.5230064,-0.17305085,
G112L,-3.3113844,-1.5771923,-1.3321543,-2.7286222,-2.3870063,
P50M,-3.2577972,-2.5516634,-0.91404957,-1.9255491,-1.4520668,
T174W,-5.1410832,-5.6640325,-3.6829615,-6.5277023,-6.068879,
L263C,0.3243732,-1.0602187,1.5323988,-1.4456179,2.4715152,
S51Q,1.605371,1.2688129,5.182913,0.049524672,0.91166186,
S69M,-3.7506914,-3.3251786,-1.6584346,-3.1958334,-3.4821877,
T298F,-4.8892784,-4.482189,-2.9097116,-6.095798,-3.9072108,
Y27F,-4.2124963,-3.8163886,-2.587217,-5.069278,-4.094684,
H92P,-6.5285563,-7.6249933,-5.065016,-8.67317,-7.1003294,
H8N,4.6145277,3.4114711,4.4730573,3.4169219,3.6329162,
L157F,0.70405054,-0.63720256,2.4972963,-1.1257656,0.9567253,
R244L,-15.890396,-16.31259,-12.322807,-17.871468,-17.85014,
R313S,-9.73671,-8.628181,-7.7642927,-10.67548,-8.245421,
L32K,-2.520654,-3.9475527,-0.99944186,-3.8812099,-2.2343636,
L59A,0.7934449,3.4400008,4.2613316,-1.6951916,1.1047302,
L126H,-3.9449117,-4.3206263,-2.260491,-4.3881264,-3.0663772,
E218Q,1.1547713,0.20400311,5.04016,0.17778412,2.5176625,
A300S,0.5739898,-0.7302769,1.7332114,-1.6442467,-0.79834104,
D76T,0.6097797,1.3097085,3.39937,0.25934902,1.8221519,
K248V,-15.854448,-13.456923,-10.039877,-16.185757,-15.957994,
P177T,0.75182927,0.22176552,3.9427533,1.6781515,1.4120677,
I282Q,-12.483445,-10.85035,-7.9102297,-14.227128,-11.86864,
F34Q,-6.6679535,-7.834638,-3.9976566,-7.855339,-6.6850653,
Q155A,-1.2333841,-0.606931,-0.2653349,-1.0731379,0.049110413,
P176M,-1.1210092,-1.6822596,2.2406318,0.07962945,1.0023098,
P177W,-4.398532,-5.858143,-3.1273444,-4.7230964,-5.2322183,
E21V,-11.74711,-11.571512,-5.166364,-7.186186,-10.5129385,
L32A,0.38347545,-0.1677604,3.2575269,-1.2389671,1.1422508,
V162A,-0.976253,-1.4098072,3.3894758,-2.4802356,-0.3801507,
Y146K,-2.024588,-3.495508,1.379396,-1.1385088,-0.02930127,
V217R,-11.455968,-12.907736,-7.18427,-9.816868,-8.590815,
C278K,-2.1267579,-3.3868334,0.40078026,-2.0840473,0.63870084,
D76H,0.25206906,-1.1099418,3.8524556,0.14843588,0.023235992,
C239E,-12.4375305,-11.186799,-8.242376,-16.539593,-12.862371,
D173F,-1.2740352,-2.6241422,-1.7551806,-2.259869,-1.3883502,
T253L,-3.7266834,-2.9724934,-1.8580883,-3.4412742,-2.8323314,
H270L,-2.9387007,-2.7541852,-0.7502449,-2.8113294,-1.3059387,
L44F,-1.2244,-1.2987045,-0.79874635,-2.5362182,-1.9910369,
Y27V,-5.25885,-6.7298965,-5.4304795,-7.9895124,-8.623397,
D275H,-1.439325,-4.119669,3.2339005,-3.5784183,-1.5652907,
S55F,-1.753412,-2.2319603,-0.783146,-2.271902,-2.0963602,
D76V,-1.7054836,-1.6566638,0.9032198,-1.2842026,-0.31233197,
Y120E,-7.7204556,-7.9832377,-7.70529,-9.67011,-7.036558,
P176F,0.997991,-1.4507434,-0.691916,-1.4029827,0.010781348,
R154C,-1.463357,-3.2124074,-0.42224142,-2.9051409,-2.2211206,
P39Q,4.1058874,3.8961363,5.5648203,2.755417,4.215162,
T147P,-0.71221876,-0.92665184,2.009037,-3.1724353,-0.53494465,
A135D,-3.0628023,-1.3011864,-2.2825341,-3.354027,-3.0980816,"A135W, A135W"
E311S,-2.7110806,-4.452578,3.1431618,-1.0858157,-0.52414775,
T215F,-2.9270072,-2.2825994,-1.0302362,-3.0539174,-2.9009533,
R180A,-2.986889,-2.3161652,-0.95175976,-4.1908445,-2.4583797,
E33R,-2.7410479,-4.1811085,0.29518867,-1.2336979,-2.663679,
A281V,-2.660201,-3.030129,0.6906607,-2.9597154,-1.0324264,
H171P,-9.393152,-10.829219,-5.4188347,-9.077626,-8.908171,
P254A,-2.0703716,-2.1419008,0.1121939,-2.046876,0.22639157,
A251K,1.098587,1.0990834,4.1140585,-1.0365398,3.4624014,
S31G,-2.3369107,-1.671856,1.8642616,-3.0558925,-1.9548249,
R18S,-2.3295507,-1.9312152,-0.8206052,-2.507265,-1.5524383,
L44H,-3.3692079,-4.2521315,-2.486958,-5.5777006,-3.4413586,
H98R,2.1863956,0.7555518,3.2785738,-0.51201546,3.2989316,
R180M,-2.9952846,-3.7137592,-1.3039353,-2.6548607,-2.0268264,
R274L,-1.716779,-1.5941668,0.2331897,-2.3214114,-1.1359017,
I100W,-8.116375,-8.992967,-6.028976,-10.021418,-9.800399,
R299K,-1.3780193,-1.2745912,1.2698994,-3.2524722,-0.8887625,
C102W,-6.865592,-8.382143,-5.130106,-6.493361,-7.1150885,
D293L,-5.9934034,-8.221863,-0.7994859,-5.9022875,-3.0199723,
R262W,-11.059153,-10.866779,-8.399093,-11.760778,-13.1159935,
T52D,-1.9757725,-0.7472988,-0.9412708,-1.9164579,-1.6447563,
A268T,2.1652017,-0.124703884,2.2069044,-0.799327,0.51227874,
H149W,-5.60108,-5.2717147,-2.5364885,-4.5201864,-5.3649526,
V109I,2.4163976,3.3938642,3.4132493,3.7721107,3.8045452,
R265L,-15.73017,-14.15823,-13.156655,-13.327016,-13.79389,
L59R,-4.9876504,-3.1592083,-5.6527987,-5.9063787,-1.5785618,
A251P,-3.122833,-2.856747,0.51643515,-5.843281,-3.955704,
G283Q,-1.5007222,-1.5877936,-0.15299079,-3.1579256,-2.6130748,
L225T,-6.016184,-6.9328146,-2.9830265,-7.1548805,-5.89554,
Y116R,-8.930561,-9.456643,-8.554023,-12.536981,-9.651241,
H171Q,2.834896,1.9116879,4.9266844,-0.3495015,0.91648614,
E110S,-4.2285433,-3.1914723,-3.7524989,-2.9910078,-3.0839665,
N224L,-11.831021,-10.835028,-6.1670914,-10.187174,-8.808451,
Y255Q,-10.378928,-8.54162,-3.94288,-10.346207,-9.17027,"Y255L, Y255L, Y255M, Y255M, Y255T, Y255T"
H143Q,0.73994553,-0.33361274,3.6509151,-1.4418368,-0.01223436,
Q95I,-4.897071,-4.4542513,-3.6271358,-5.0188293,-4.845971,
T256H,-5.8257732,-5.3601055,-1.7320724,-6.459182,-4.5154705,
Q95N,-2.9285336,-3.4145594,-0.41144404,-2.9514418,-2.771257,
G74L,-1.0601363,0.4091593,2.8284676,0.30498248,2.106269,
R302A,-8.9395275,-7.938657,-7.6967807,-11.574545,-10.278059,
P13C,0.42827472,-0.53893244,0.5075453,-1.2761339,0.17582561,
P29D,-2.9478316,-1.9250588,-1.3181497,-3.8141057,-3.0179434,
R265K,-0.32690006,-1.8617127,2.6514034,-2.1776114,0.71255696,
G9D,1.9904163,0.6206083,4.243624,0.6863377,1.6808134,
R46E,-7.217696,-4.4205894,-4.1706076,-6.6331167,-3.165771,
P86S,-6.198823,-5.242682,-2.7884555,-5.928278,-4.6115923,
L285D,-13.779503,-14.996845,-10.501985,-17.042381,-16.036093,
P177K,0.33276722,-0.14300579,0.33625773,-0.45572817,0.6678612,
A295M,-0.8548546,-2.0216155,2.4669607,-0.6731665,1.0415984,
M1G,-10.644485,-5.072136,-11.348334,-10.030437,-6.99305,
G37E,0.9161489,1.995045,1.9405123,0.476959,0.6480472,
G306I,-5.02656,-7.3801594,-2.591423,-3.8472426,-4.839196,
L191Q,-9.636577,-9.39473,-6.8254976,-11.214795,-8.024547,
F80G,11.676492,9.355337,13.193171,7.9521093,13.293587,"F80A, F80A, F80C, F80C, F80S, F80S"
W260A,-8.7936125,-7.2632885,-3.6379552,-9.972673,-6.846672,
S210N,1.6984181,0.7393689,3.9266977,0.043951243,3.4139428,
T308N,-1.6262968,-2.0319414,2.7948852,-1.5902758,-0.7756729,
V128Y,-6.533043,-5.5107107,-6.0899916,-6.2018075,-4.768095,
F40R,-6.7589006,-8.251323,-6.104252,-9.886143,-7.862382,
H181P,-3.0604563,-0.8469747,1.804137,-3.3151925,-2.7637067,
A169Q,-0.028856114,-1.6555427,1.9592757,-2.1509745,-0.3977483,
P254H,0.63155985,0.14950988,1.8487667,0.42055592,2.296003,
S188M,-0.7766101,-0.7991862,-0.16944651,-1.5351733,-0.34444183,
A286Q,-8.91996,-7.9431663,-4.9133763,-11.008259,-8.68301,
E133V,-0.33423507,-3.0237029,0.64899087,-1.8408959,-1.3890965,
G42R,-5.1967587,-8.573124,-6.933484,-10.07998,-7.6678457,
D166M,1.2076409,-0.6026742,3.516337,-0.20718119,1.312608,
G158V,-6.146672,-6.8779497,-3.282357,-6.4055233,-6.319471,
H247T,-4.004136,-4.6991177,-0.2500393,-5.781911,-3.8395596,
D293A,-0.37815937,-1.7762276,2.7746205,-1.8814013,2.839589,
R111Y,-3.34176,-2.2171822,-1.3070683,-3.1553094,-2.1832442,
F28T,-4.3924427,-6.2593,-2.6344702,-5.7289386,-5.3964286,
Y245M,-6.2254076,-6.7822146,-5.3336334,-7.9466195,-8.238367,
I160K,-4.801387,-5.563836,-4.141343,-6.8558397,-3.3052173,"I160L, I160L"
L230D,-16.387745,-17.52825,-11.950104,-18.960625,-17.79002,
H213Q,-2.651972,-2.4223833,1.5222145,-2.749865,-2.2409635,
Q219G,-6.340399,-5.131193,-3.4912617,-7.534124,-6.7805276,
A79N,3.0432892,2.2228143,2.199153,-0.0055864975,2.837349,
E78N,-0.70581615,-2.5302181,-0.690104,-2.2603974,0.046335705,
F40Q,-8.15703,-9.256733,-6.977852,-11.76393,-9.736618,
G97K,0.789553,0.6744327,2.9255161,1.3280616,1.8948163,
A79I,1.3630089,-0.7577158,0.25765324,-0.92355543,3.0216293,
E284L,-8.380678,-11.081069,-3.8577242,-8.25424,-6.7132483,
R262Q,-8.981829,-9.360704,-8.855902,-12.48195,-11.955766,
G203F,1.1129376,0.3205162,2.0186753,-0.23777306,3.6680665,
W289V,-2.7066617,-2.028744,0.23150015,-4.4730105,-2.7429962,
A295H,2.8031292,0.46949327,5.5548935,-0.90475607,3.3096192,
N208Q,-3.2952871,-1.9517232,-0.29555413,-3.8626344,-3.448264,
P2W,-1.3106599,-1.5976799,-1.3680437,-1.9914882,-0.8593197,
C102F,-3.424087,-3.1974888,-1.8149474,-4.1444263,-3.1125546,
V109C,-3.1546712,-3.7008576,-2.6246622,-4.0932655,-2.8850346,
L280C,-0.35559607,-1.8604214,1.5804963,-1.9460907,-0.026342288,
R313D,-14.18882,-15.781065,-13.160923,-16.13779,-14.280677,
P2Y,0.66948575,0.87323105,0.4704356,-0.86923414,1.6739917,
L131E,-12.08312,-12.736034,-11.860286,-16.765572,-13.783316,
N208R,-1.4035649,-1.4715736,1.2937934,-3.4438944,-1.2351536,
G156P,-1.925765,-1.3404963,1.6602212,-3.5833926,-0.8210599,
N258Y,2.5749867,2.0384607,5.5693426,-0.7094614,3.7430887,"N258S, N258S"
G237K,3.8732185,1.2749171,2.8807764,5.2974577,2.172186,
H43Y,2.9671032,2.404137,2.8637352,0.13078804,2.5267744,
S103T,-0.17631932,-0.7358229,2.8351464,-1.502702,1.3093169,
V83R,-5.931608,-6.929151,-8.963833,-6.6792827,-3.8524096,
R271G,-5.5133543,-4.5946774,-3.846475,-7.9955854,-5.69188,
W47P,-3.8950412,-2.4109275,-0.25638962,-5.3342447,-3.0441017,
V128Q,-8.202434,-8.1653,-5.947527,-6.9039774,-6.06517,
L285N,-4.799218,-6.97555,-2.5615702,-7.6563883,-6.327133,
F40N,-4.2639046,-6.112114,-4.8042946,-7.6296177,-4.9132404,
E229Q,-0.16776383,-0.56899035,3.745513,0.081271335,0.7466595,
H318F,0.42729008,-0.13495047,2.3171444,-1.5461802,2.137219,
T3K,2.8816173,1.231733,3.2975001,-0.07082034,2.7706356,
H77C,-1.0023913,-0.23327363,0.6611252,-1.1829103,0.45252687,
G156W,-6.2847385,-8.443977,-6.44136,-7.605422,-7.270459,
G106K,3.2399063,1.1846588,3.4294481,1.3166404,4.4278517,
L167M,-1.571845,-1.6009057,1.1023037,-1.4537704,-0.42672125,
G158K,-4.418523,-8.176077,-5.58855,-7.686513,-4.272211,
A79H,2.2683053,-0.12783095,3.6963964,-0.68418705,3.3348594,
P50I,0.15877849,-0.8679439,-0.5181625,-1.00101,0.9376086,
D113R,-1.98278,-3.4722123,-0.39748162,-3.7188623,-1.8830491,
L263W,-1.7112963,-2.112385,-0.17918493,-2.749177,-2.7783632,
A251I,-3.1440673,-3.7576041,-0.35544515,-1.687012,-4.1141357,
R262L,-11.918526,-10.959499,-9.789499,-14.831004,-13.654445,
E78A,-3.8923573,-4.438946,-0.4692096,-3.108636,-2.4679375,
F107Q,-13.416365,-12.79575,-12.507727,-17.62919,-13.266113,
Q222L,-2.6108894,-1.4249535,-0.38994926,-2.5354738,-1.817579,
A292P,-0.35735908,-1.3049083,2.5436668,-2.5888348,-1.0032992,
S210E,-1.7832863,-1.0037564,-1.2039669,-2.9140708,-2.6843889,
Y305M,-8.022209,-7.9643245,-3.5387557,-10.235804,-7.5996146,
L129C,1.0010475,-0.11828041,4.9939137,-0.7244444,3.6184366,
P29A,-4.7624855,-3.8643103,-1.2767422,-3.274395,-4.7987804,
L209T,-1.3718543,-2.5227456,1.517636,-2.1811836,-1.6230749,
P176V,2.0430844,1.2780907,2.8292143,0.63198906,2.262538,
F118Q,-6.273279,-7.55014,-4.175824,-6.4003835,-6.1662307,
G237H,1.6529328,0.16718279,1.6698105,0.51387656,0.5019363,
S310H,-5.1606054,-6.0862665,-2.0671618,-4.795675,-5.538198,
L64V,0.49631983,0.15145117,2.5021849,-1.8032856,0.4965126,
I73D,-11.281982,-9.755526,-7.997258,-11.717892,-9.883956,
R148W,-4.77128,-4.147499,-3.2030582,-4.3242617,-4.1508884,"R148A, R148A"
A169C,-0.69075227,-2.8546064,-0.6945963,-2.0921357,-1.3007607,
L165P,-10.253175,-14.140455,-9.359889,-13.139858,-13.814045,
Q63Y,1.5481148,0.44406047,1.9400442,-0.8638453,3.186389,"Q63A, Q63A, Q63G, Q63G"
L285G,-8.884665,-9.862799,-6.396495,-11.915215,-8.367557,
S57E,-4.5994797,-3.2525928,-3.0896292,-5.3978453,-5.303654,
H43F,-0.76784354,-0.31954688,1.4174472,-1.132824,0.2652695,
R68L,-11.071857,-9.597297,-8.110598,-11.463167,-10.027694,
L56V,1.2852218,1.9430289,3.92144,1.2202355,3.8078883,
S61N,-0.20623165,-0.5795508,2.7816434,-2.1707768,0.15956932,
Y255V,-9.137106,-7.4504795,-3.5553157,-9.169809,-8.768865,"Y255L, Y255L, Y255M, Y255M, Y255T, Y255T"
L202M,0.39028403,-0.8554863,3.6672606,-0.6305157,1.3559723,
G97E,-0.80879223,2.0439246,2.1087685,-0.2623748,-0.77231586,
A309C,-3.0492988,-3.9845474,2.5855932,-3.1423354,-2.1872497,
P177S,0.6162216,0.36322817,3.2283845,0.8387535,0.56246156,
V17M,-0.14991623,-1.2698989,3.6620684,0.17357738,0.6366491,
L44W,-5.6177793,-6.3370457,-5.27268,-6.9000344,-5.7554235,
F40T,-4.4179897,-6.9832664,-5.3287835,-8.331787,-5.258505,
A36P,0.5231071,0.02486986,2.189649,-1.2649119,0.14616203,
F287K,3.7023954,2.9793124,4.2355413,1.5095619,1.8824108,"F287W, F287W"
H277E,-1.3584797,1.2253697,-0.08504121,-2.0346012,-1.7190747,
P132E,-4.5659447,-4.6204624,-3.9501235,-5.12574,-5.2209864,
Q197M,-0.600599,-1.3049731,-0.5493051,-0.9994402,1.0497775,
I252Q,-1.1400396,0.08644372,-0.9604752,-3.3468835,-1.9978441,"I252A, I252A, I252Q, I252Q, I252R, I252R"
E4P,-3.733558,-4.825088,-0.8286054,-4.5878506,-3.6252842,
H72T,3.1409597,0.7386256,3.7735105,1.0729411,2.2300076,
L273A,-13.610964,-13.585829,-9.972559,-16.11336,-13.843163,
C150E,-2.7461057,-1.7108233,-2.0573983,-3.8319876,-2.6451685,
H119N,2.5724826,2.7655602,3.465294,0.35794082,2.7683358,
Q303G,-4.2419844,-3.999125,-3.1424093,-5.601041,-3.8912745,
L263P,-6.34144,-6.2157073,-2.4432106,-9.673563,-6.92044,
C278A,-3.4901848,-4.5579996,-3.0819082,-4.5463495,-3.0994043,
L246Y,-8.132137,-9.82889,-7.1098742,-11.090549,-9.310181,
L241S,-9.077485,-7.578377,-6.6743717,-10.629463,-7.5504355,
S242M,-12.997154,-11.558395,-7.4644265,-11.431348,-12.973213,
S101F,-1.8214376,-1.6525321,-1.1484654,-2.2935534,-1.7916957,
A20P,-3.4762497,-3.8469312,0.11203891,-3.3589222,-5.196172,
F80T,9.531639,9.199438,10.093632,8.652213,9.72107,"F80A, F80A, F80C, F80C, F80S, F80S"
E21L,-16.06745,-15.4493065,-6.939573,-11.02783,-13.654488,
V17H,1.068757,1.1839409,3.9651327,0.50024277,1.6445601,
C239L,-2.677391,-1.2190866,-0.5325065,-1.2536235,-1.0632794,
L193P,-3.0828266,-1.6727095,-0.78335667,-4.9214697,-3.0799222,
N124W,-8.194202,-9.058822,-7.6001306,-10.134075,-7.81579,
Y120V,-2.7041373,-3.6043406,-2.7507796,-3.907649,-4.0519524,
N208H,-2.4364786,-2.3797011,1.4352539,-3.2056222,-2.3918982,
G37S,2.9402266,4.249036,3.0835147,3.662918,3.2055666,
G237F,-0.37869343,-0.84277534,-0.091608554,-0.35526562,-0.20639998,
T174Q,0.49591535,0.5636003,2.453305,-0.8833926,0.9661585,
A22P,-6.044161,-7.0577173,-3.5927742,-7.717504,-7.9094496,
R274A,-1.2464322,-1.0366722,1.802233,-2.9510446,-0.9477402,
E94L,-5.4118733,-5.271607,-2.6467502,-5.3224154,-5.4819245,
A286P,-5.221294,-5.6807218,-2.850128,-7.8583956,-5.1354785,
S6Q,-0.49502265,1.13466,3.7842495,-1.1987422,-0.7554107,
H143F,0.2916122,-0.3443221,2.486658,-0.84725994,1.747153,
T147F,0.5824317,-0.5917152,-0.08494366,-0.9750599,-0.65652645,
P132R,-3.2640727,-5.032078,-1.6012325,-4.8192644,-3.38233,
I160A,-0.7351308,0.17026515,1.4097546,-2.0221567,-0.91697425,"I160L, I160L"
S101E,-0.4246158,0.6057988,-0.030876398,-1.0565798,0.14355734,
Q16M,-1.4489845,-2.3970666,-0.50442076,-1.7366292,-1.2428167,
P276H,-4.430301,-4.6981306,1.6020219,-3.1187882,-2.9820566,
G240T,-6.340067,-8.178617,-2.9764156,-7.343164,-7.642155,
P276N,2.8755662,-0.1139794,4.212954,1.1046622,2.5855591,
L195D,-7.9012003,-9.8119335,-7.4722257,-12.70693,-11.815332,
D152C,-4.9104404,-6.314415,-1.5184358,-4.293859,-3.6176383,
T308R,-0.25693345,-2.6106536,2.9535012,-3.5449877,-0.043706864,
Q164C,-3.3918989,-5.1563993,-3.4424536,-4.41084,-3.2414715,
F161R,-11.490923,-14.173654,-9.490294,-13.483959,-11.494625,
G203Y,3.9064898,1.9217775,3.7015424,0.8219731,3.8104198,
A20L,1.3276892,1.1960084,3.0428753,-0.002374053,5.2188044,
A236N,-12.10602,-11.416555,-8.053052,-13.177799,-11.912011,
A268P,-9.682596,-9.627626,-6.238222,-11.44207,-9.106995,
I282C,-8.681206,-7.354938,-5.1404133,-9.522047,-7.347272,
I100G,-4.905173,-4.6853533,-1.739783,-7.58934,-6.030258,
R170S,-2.6138017,-1.8327922,-0.555772,-2.9172745,-2.3963864,
L54N,1.0517207,-0.24416433,3.9729018,-0.76670104,1.9596184,
S310F,-6.974811,-6.1577663,-3.588332,-6.570158,-7.4342422,
E267H,0.49753466,-2.3211908,4.0282965,1.2323275,2.711911,
V269C,-4.64132,-3.3608897,-2.0632465,-4.6345286,-3.6658053,"V269C, V269C"
G105R,-1.7250135,-1.9967921,-0.42031854,-1.5466738,-0.14124106,
D198I,-6.260475,-7.932207,-9.018063,-6.3654165,-5.314661,
F287G,0.40164602,2.349243,5.5649486,-1.3050483,-0.36331072,"F287W, F287W"
A178P,-2.8933535,-4.3683786,0.38605058,-3.8721292,-2.9810147,
R46D,-8.206451,-6.140219,-4.8275194,-7.572009,-4.9091988,
N208A,-2.9022996,-1.963635,0.46246803,-2.671288,-2.3480465,
A187M,0.24390481,-0.8675469,0.9734111,-0.7241106,0.0053359866,
L193R,-2.3243334,-3.1483352,-0.024965674,-1.601834,-1.6572592,
S101R,-1.4609277,-1.6184492,1.7915972,-1.174978,-0.97130203,
T7L,-0.46793997,-1.5746698,-1.2885652,-2.955911,-1.7292981,
I100A,-3.155421,-3.3625543,-0.27575853,-4.4038744,-4.10264,
R18C,-3.1754308,-4.1485853,-2.1645012,-3.6077669,-2.7872787,
I282Y,-4.926855,-4.7378745,-2.6756516,-6.238862,-4.9957685,
R302W,-10.970551,-14.221094,-11.872884,-13.933531,-14.778313,
Y255T,-11.189868,-10.836861,-8.596663,-10.599094,-9.954458,"Y255L, Y255L, Y255M, Y255M, Y255T, Y255T"
D41P,-1.9569886,-3.1914413,0.69995844,-3.7871017,-2.8047013,
F107C,-4.53627,-3.870616,-3.8735266,-4.70521,-3.4041567,
V17A,-0.8889319,-0.154993,3.2259083,-2.0993226,0.9369243,
Q38F,-2.0542085,-3.1181202,-2.472207,-2.8752053,-1.37596,
G42D,-6.488673,-7.305205,-5.3829145,-8.23487,-5.697403,
F172P,-9.578468,-10.839402,-5.799946,-9.912245,-10.217693,
R288Q,-0.60755503,-1.1160756,1.3823436,-2.7151775,-2.1539025,
C278H,-1.5044907,-3.079207,1.2580233,-3.0149508,-1.5279888,
Y120Q,-3.0884705,-3.5913057,-2.9049783,-4.3523073,-2.683477,
G121C,-2.3378162,-2.9413445,0.8765476,-2.2242146,-2.2338748,
K130T,-7.1489325,-5.908229,-6.086558,-7.8670163,-7.5002804,
L136E,-8.498065,-9.437851,-5.8021955,-7.4898863,-8.434246,
R58M,-3.805294,-3.3337865,-1.110774,-3.5553393,-2.7765708,
V128G,-6.2291164,-6.5268865,-4.176381,-7.8472776,-4.5978203,
S24N,2.824449,2.1473603,4.8032255,-0.63182586,4.0255823,
F287P,-4.208575,-2.3772035,0.48615962,-6.3337517,-3.9329576,"F287W, F287W"
P228E,-2.8461213,-2.0741823,-1.3505535,-3.633434,-2.5831003,
R170H,-2.8563995,-1.9852617,-0.1359286,-2.769605,-2.1081104,
F118E,-9.692835,-10.165943,-7.5724077,-8.958471,-10.239098,
E311A,-0.10085149,-3.3221476,4.079139,-1.6022735,2.6377885,
S48A,0.89689195,1.7160907,3.9554553,-0.47376806,3.6856651,
L243E,-4.344529,-4.5151944,-5.2465696,-6.2709007,-4.6646075,
T308W,-13.602668,-15.193684,-8.771613,-13.700558,-13.540197,
A20S,4.123377,3.4644752,3.5453734,3.1557264,1.7603947,
L165D,-17.913748,-19.109468,-14.365248,-20.185556,-18.46441,
F250Q,-12.66793,-12.038296,-8.0755005,-13.065904,-11.067758,
L285M,-0.0633218,-1.5231216,1.0220116,-1.6099067,-0.46427754,
R288H,-1.1167785,-2.5187135,2.1372836,-2.3624163,-1.1323348,
M1T,-8.539097,-5.048417,-8.300273,-6.7249684,-5.2565317,
S210Y,-1.5652484,-2.083813,-0.62040985,-2.45593,-1.2661543,
C150D,-3.501708,-2.706459,-2.7225945,-5.776062,-3.8023458,
L129N,-9.996414,-11.949266,-8.657732,-12.27704,-7.1136446,
L182G,-3.025319,-2.8539972,-0.712783,-4.434026,-3.4228172,
Q38S,0.30745095,0.0014009327,-0.6807475,-0.93878126,1.8109218,
A292L,-2.2964585,-1.6005182,1.7883062,-1.6827986,-1.1775587,
H171L,-3.2465022,-0.85158867,-0.73381186,-3.272934,-1.5180126,
Q219N,-0.8129272,-0.4877255,-0.78002447,-0.89495313,1.6276696,
E14G,-6.972823,-7.3557854,-2.65423,-6.438279,-7.080755,
R271Q,-2.9619274,-2.4431145,-2.1531935,-3.7227964,-3.8138127,
S57L,-4.1372194,-3.7922454,-2.246966,-4.2264895,-4.455701,
K70Y,-0.6933799,-1.2454861,0.22934608,-1.8201779,-1.031174,
D25P,-2.3336797,-1.6588745,2.2969208,-1.7781742,-2.0007236,
G88T,3.3402867,2.5715995,5.5836325,0.4304782,4.891732,
I108V,0.8290251,-0.755317,3.3200035,-2.983668,0.50902694,
I252L,-1.4412022,-0.5680276,-0.067958914,-2.9497623,-1.8889201,"I252A, I252A, I252Q, I252Q, I252R, I252R"
L136N,-5.1856136,-7.8464956,-0.3248815,-4.81275,-4.352195,
P132H,-3.7175467,-4.634311,-2.3219876,-4.9041824,-3.5329363,
A236S,-2.5475254,-0.9655057,-0.21176201,-3.4312136,-2.5433297,
Q233R,0.51265323,-0.79049957,2.27068,-0.1960057,3.2007303,
L209P,-2.9734962,-2.33106,0.18134004,-3.6666079,-2.6888137,
G240R,-2.8239026,-3.1223245,4.019839,-2.208603,0.58542246,
E21H,-4.4977417,-6.21137,-1.1980511,-3.645593,-3.79746,
L44M,-0.90911746,-1.2006757,2.516508,-1.7406688,-0.8645797,
L54F,3.3282666,1.8837771,3.8429608,1.3020511,3.9289694,
Q222C,-0.39709443,-0.8709721,-0.6696439,-1.8424075,1.5780145,
R68T,-9.203566,-10.266495,-7.4524455,-10.938982,-9.314433,
K70M,-3.257753,-3.2787526,-1.8195357,-2.9814458,-5.0227284,
V91K,-9.104397,-9.547529,-9.853986,-10.092735,-7.8707056,
G306F,-5.392506,-6.4714384,-2.5243232,-3.1962996,-3.4256504,
Q272V,-1.9334717,-2.1210465,-1.7990768,-2.1631608,-1.3036478,
Q45H,2.2560337,0.96507823,3.0149522,-0.5750432,3.122993,
H72I,1.310909,0.33159482,1.1011627,0.43333504,1.7584735,
V17I,1.4358578,1.7646852,2.3575356,2.8654242,2.4357347,
R316F,-3.0379956,-2.865295,-3.1170387,-3.9453902,-3.2251885,
E90C,-1.8874731,-4.129156,0.1818465,-2.071088,-1.0660543,
S67W,-2.781406,-3.60078,-0.87336683,-2.9555044,-3.3863502,
A169H,0.56927323,-1.5797751,0.1598709,-2.4886866,-0.75281036,
G283K,0.72572494,-0.4739386,-0.01716888,-1.793753,0.5258967,
E33H,-2.302166,-3.3456025,-0.07139396,-1.552702,-1.9410632,
L126K,-8.584976,-8.064062,-5.688465,-9.857075,-5.6527925,
L241T,-5.6381187,-4.689171,-3.4824877,-7.378688,-5.58868,
V261T,-4.97677,-6.003548,-3.258448,-7.288968,-5.3028865,
C102N,-3.1467452,-3.7033582,-1.2914243,-4.4938397,-3.1453547,
P11W,-3.0658603,-5.3324127,-3.4001105,-4.7829123,-4.839332,
T26A,-0.32524434,-0.21642077,3.140307,-1.5400761,2.567305,
F287M,0.52659446,1.6176708,5.0318394,0.040268257,1.1427889,"F287W, F287W"
Q95V,-5.4392796,-5.5575027,-3.9522862,-6.193865,-5.7953405,
S175Y,-1.0002806,-1.0058541,-0.63577306,-1.486346,-0.86291254,
A238Y,-4.132087,-4.6677856,-3.0086608,-4.8969283,-3.6865995,
S51P,-0.10927375,-0.08329332,3.286253,-2.7586071,0.7300045,
S24I,-0.79441035,-1.4500504,0.81656784,-1.1432457,1.0215302,
L280R,2.4474773,0.12848982,4.5571036,-0.30195963,2.1335156,
T122R,1.9316723,0.2650272,4.5967164,-0.94258577,3.2144659,
G226L,-0.76269585,0.4101181,0.6424086,-0.6715418,0.552926,
L5A,-4.247548,-5.0383935,-1.7852702,-5.099926,-4.910042,
H279D,-0.8561559,0.30936968,-1.4010408,-1.820421,-2.0117626,
R170I,-7.675513,-5.7690163,-5.0993404,-5.438595,-5.979578,
V85K,-2.0816145,-2.6325998,-1.1194149,-1.7377081,-1.030645,
L82S,-8.381962,-8.219114,-2.8805203,-7.866482,-5.898091,
T84N,-4.600809,-4.8732786,-3.6866252,-6.0703025,-3.4598749,
F93A,-3.7146993,-2.0536573,-1.7691467,-4.8223386,-2.6831985,
Q99M,-2.8300242,-3.9252656,-2.3648403,-2.636575,-3.1269937,
P228A,-0.8752649,-0.6521257,2.4914756,-0.6449664,0.25990465,
H119Q,2.586454,3.0635743,5.2701635,1.0589552,2.3561614,
R60C,-1.0517136,-2.3499558,0.14917672,-2.2589157,-2.2817278,
L202W,-2.6625044,-4.8385,-2.3071425,-4.1004667,-4.0446105,
R274N,1.4246798,1.4686598,2.4940734,-0.10044373,1.6134915,
I252E,-0.5410708,0.19822547,-0.929904,-2.6906948,-1.6337705,"I252A, I252A, I252Q, I252Q, I252R, I252R"
T7K,-4.9160037,-7.5514574,-6.4038496,-8.0446205,-6.653787,
G156T,-2.1711493,-2.3893356,-0.29077077,-3.0221882,-1.2957717,
V83Q,-7.5229993,-10.97355,-10.255917,-8.579195,-7.2674284,
S55Y,-0.45527226,-1.1824608,1.147466,-0.94890594,-0.27204084,
A268W,-4.0189614,-5.837984,-4.2520075,-5.251046,-5.779185,
C168R,-8.498718,-10.811279,-5.4549937,-10.306034,-9.566895,
Q123M,-3.096964,-3.1440563,-0.87554634,-2.6814475,-2.3132844,"Q123D, Q123D"
F28E,-8.074927,-9.966923,-7.8097067,-10.710806,-10.291905,
E205V,1.7530656,-0.39347443,2.3699508,0.38782912,2.466027,
A314R,3.7529182,3.7522283,5.505028,3.9192204,5.3090053,
S188Q,1.3691416,-0.16744094,3.0719166,-1.3841,0.3653145,
P50S,2.6573448,1.4903471,3.9341486,2.3221421,1.9175713,
E163S,-3.1038487,-2.8881884,-1.2169782,-2.2310429,-1.0124211,
Q186K,-3.199788,-5.499495,-2.4461675,-5.1316833,-1.8644191,
A295S,3.3231072,3.8504844,4.566822,2.1341872,4.8138533,
Q123S,1.1931627,0.5052537,3.7451682,0.42063326,2.0685406,"Q123D, Q123D"
P254S,2.4588146,1.0137674,2.3508742,1.4918795,2.2143912,
F34C,-4.918042,-5.99809,-1.6029708,-6.2342033,-3.8605595,
S31L,-3.8568459,-3.5344524,-0.99930215,-3.303319,-3.169555,
P132F,-6.8076944,-9.285726,-6.127743,-8.220978,-6.106207,
P232V,-1.7450218,-2.5612936,1.2948279,-2.2090755,-0.6082479,
W10R,-1.8947996,-0.45635527,-0.53120184,-2.3453166,-1.917321,"W10L, W10L"
P11N,3.8067358,2.5327444,3.3753293,2.8334725,3.0463207,
L59F,1.0072429,0.4095549,2.5345144,-2.0263717,3.7548656,
N124Y,-3.6413727,-3.2625275,-2.4898038,-3.7340496,-3.6525104,
F151Q,-9.909577,-9.589853,-7.416786,-11.905888,-10.634485,
D166P,-2.0654821,-6.441935,1.1398436,-4.490415,-3.0114813,
L263K,4.317999,2.7537072,3.2967544,3.2718785,3.289219,
H247K,-2.7162285,-4.5580473,-0.74682,-5.557141,-3.5597725,
L257D,-12.612356,-14.694264,-10.712797,-15.114097,-19.068197,
G226T,3.7529736,2.680825,5.919231,4.06939,4.1834574,
N224R,-3.622988,-5.1524067,0.24800257,-4.3659067,-4.896319,
W19L,-1.885653,-1.2402812,4.44895,-2.6226525,-1.991813,
G97D,-1.1435702,0.72646433,2.0295959,-1.0722047,0.6439358,
T190D,-8.67872,-7.233633,-7.221076,-8.002155,-6.8242993,
V201E,-5.582011,-4.720738,-3.486207,-4.5825996,-5.0629673,
E4T,-0.4638599,-2.3056006,2.618778,-0.63321435,1.1619039,
G290F,-12.001106,-12.226894,-7.85799,-12.0265255,-10.244627,
N139T,-2.2796516,-2.5774615,0.8941261,-2.5244007,-1.914798,"N139A, N139A, N139R, N139R"
V128C,-3.9788377,-6.1891084,-4.8203554,-5.831643,-3.9858422,
R58E,-4.0769725,-3.4179025,-2.8029518,-4.877975,-4.5270123,
S207L,-2.8185544,-1.9632753,-0.9864652,-3.4464655,-2.7671845,
G206M,4.5716724,3.1856306,5.01365,3.359218,6.608327,
T190E,-8.491102,-6.5811033,-5.840462,-7.2410545,-6.180564,
S48I,-0.43421477,0.18268591,1.8072925,-0.8850463,3.7783864,
Y27T,-7.439529,-8.168088,-6.717537,-8.619314,-10.655684,
A153T,2.323702,1.6835485,4.438911,-0.8263695,2.6925488,
L30E,-4.3197184,-5.158677,-3.78961,-7.6709404,-6.7050323,
P39S,2.4621205,3.086143,3.6054707,1.8581609,3.2528653,
L129R,-9.693739,-12.680386,-9.101479,-12.087622,-7.1345816,
S231W,-9.909641,-11.612374,-4.1017766,-8.513757,-8.7649975,
G283N,0.16545703,-0.008626968,1.7606542,-0.765702,0.13010398,
H119A,-2.0348306,-1.520899,-0.6131115,-2.2245605,-1.2955405,
G105N,1.1238124,0.97979856,3.118093,-0.09419593,2.2445433,
G37A,-0.76004213,1.9017757,2.8798504,-0.65096503,1.3691573,
L64E,-4.8734207,-4.3709617,-3.1786609,-7.4106145,-5.3465743,
E94N,2.0240788,0.4139501,3.6419854,1.1852729,4.094789,
G290V,-11.72243,-11.865207,-7.190407,-9.860102,-11.36183,
W10P,-3.4244747,-3.036596,-2.2444503,-5.263108,-2.9114633,"W10L, W10L"
R117A,-3.5761976,-3.1900067,-1.7770313,-3.8131895,-2.2604532,
S48W,-3.7010643,-4.957135,-2.337144,-4.4000945,-5.0244093,
R18A,-1.9116001,-1.0443192,-0.12494067,-1.8569858,-0.80519336,
R117I,-3.3743386,-2.3892138,-2.4837933,-3.1767504,-1.5111644,
G226V,3.964704,1.6879629,4.983672,2.0608928,2.8157005,
N224Y,-1.3164241,-2.9991424,-0.5743399,-2.7256823,-1.2187388,
R244Q,-9.16448,-11.350264,-10.80176,-13.460601,-13.4486475,
L209W,-4.246656,-5.628314,-2.462709,-5.040612,-4.3258877,
M1E,-7.011524,-1.7484075,-8.2328615,-6.8516693,-4.004445,
E259Y,2.8013299,-1.3185835,5.172825,-2.245117,3.5544896,
I108C,-4.8772793,-5.3567266,-5.5767503,-7.5906353,-5.499387,
H181Q,0.43324172,1.9089837,4.0652103,-0.92779744,0.8818712,
L82K,-7.1514196,-8.19507,-7.3846073,-9.9184,-6.6437273,
Y146G,-5.688492,-3.5986795,-2.7967312,-6.1145706,-4.5142417,
G9V,3.191354,2.1888342,4.3647685,1.7406727,2.643245,
S89R,1.1018714,-1.7092974,3.783424,-1.9400021,1.325347,
A71K,2.5351305,2.349565,4.5396338,3.635313,4.0969687,
V91H,-4.713483,-6.3062944,-4.6872597,-5.95432,-4.655363,
H98G,-0.72989666,-0.7559115,1.3313855,-2.050877,-0.9377053,
P276C,-3.7750914,-4.7457867,-1.0903604,-2.8433778,-2.7416763,
Q294G,-6.389111,-6.164709,-3.1126635,-5.574348,-5.2991953,
L136M,-2.3565311,-2.6273026,2.0360541,-1.8717566,-1.3412946,
T3F,-0.644384,-0.77226305,-0.044211414,-0.8263943,-0.012867555,
E229A,-0.6438625,-1.4063522,1.8681619,-0.37130687,0.49374545,
P232S,-0.3540941,-1.5669465,2.1401873,-2.447586,-0.9421935,
A179L,-1.3894196,-1.228883,-0.5100019,-2.1788936,-1.4142251,
G237Q,-0.14758506,-0.4578598,-0.7616701,-0.9543355,-0.9189129,
R262T,-11.776503,-11.630547,-10.9021435,-15.2113695,-12.801943,
A138K,2.8777833,0.084107354,1.9472034,0.80711055,2.4051595,
P176S,3.020735,1.8892117,2.3545327,1.1528481,2.4427905,
T253E,-3.0569205,-1.2161664,-2.5700738,-2.498898,-3.100191,
A236F,-10.770067,-11.29276,-7.941498,-12.770098,-10.810131,
T215Y,1.5891781,-0.5528543,1.2300961,-1.3398935,0.8450114,
G106V,-0.027894333,0.51617897,2.8554842,0.8262979,1.7500541,
L157R,-8.289325,-9.338567,-6.009118,-9.599519,-8.447395,
V17F,-1.2917949,-0.3946612,1.8208716,-1.1801374,0.44932216,
S62R,-1.368979,-3.7832284,2.489437,-3.8927135,-0.91079164,
E311H,-3.0904067,-6.6434336,0.73654354,-3.1547947,-2.9794428,
L257F,-0.5712733,-0.35416895,1.0422664,-1.2390349,-0.39255887,
A71Y,2.5097778,1.2425888,3.1074643,0.57708967,2.3785684,
Q304R,1.2965504,0.1865342,3.9390924,1.6511018,4.837227,
R170A,-4.0692225,-2.2900167,-1.4461579,-3.8422775,-3.0716453,
G306V,-5.9555926,-7.7770514,-2.2376473,-5.0693192,-5.6058354,
N258Q,-1.8167682,-2.323883,4.012546,-3.3278327,-2.3287864,"N258S, N258S"
L193H,-1.0816882,-2.2236118,0.7500869,-1.5270963,-1.1395745,
A169R,1.4447603,0.22975889,1.5724705,-1.4767445,1.9792764,
T122I,-1.7949129,-0.6723797,1.1727827,-0.69197595,-0.04271874,
W10A,-1.9047084,-0.80497634,-0.5163777,-2.5552554,-1.411335,"W10L, W10L"
I160R,-4.577936,-6.1405525,-5.251179,-8.98616,-5.4993334,"I160L, I160L"
G105I,-2.6712487,-3.03918,-1.4595866,-2.219878,-1.8309518,
L191E,-9.536131,-11.327057,-9.822533,-11.334715,-10.131453,
A114Q,3.3170495,1.2012455,4.607089,0.1151326,4.2634435,
L230R,-13.352807,-14.572812,-7.959318,-12.349127,-9.864534,
K248Q,-10.341267,-8.052458,-7.1793013,-10.285332,-9.256023,
Q45Y,1.277632,0.9141104,1.1633655,-0.9182941,2.8722272,
V312Q,-7.338565,-7.157094,-4.2326565,-6.6029644,-6.0957556,
Y245G,-10.939993,-11.154983,-9.59284,-13.724409,-12.706612,
S51E,0.84998316,3.6963573,4.094801,-0.3055605,-0.12574905,
G37F,-0.34393302,-1.6319354,-0.5479052,-1.8499987,-0.14717203,
I100L,-3.8113863,-4.71194,-4.0127497,-7.115207,-5.4268284,
L5N,-3.5561824,-5.6435475,-2.0360756,-3.744215,-4.751975,
H270R,4.0707617,3.4721346,5.9382806,4.2744226,6.1060276,
D113N,3.2619052,0.71265376,4.665547,0.3054279,4.4051514,
R313V,-6.042029,-6.337858,-4.1730914,-6.335583,-5.179187,
D113G,-0.5312893,-2.4942636,4.055915,-2.4526982,0.86381084,
F118P,-10.5968075,-12.06785,-8.743933,-11.92486,-9.984946,
L285R,-6.7137465,-9.4714775,-2.5027657,-7.8254433,-5.964202,
A71L,0.3488921,0.51175314,3.1249413,1.2297776,0.36499792,
G65I,1.4709396,0.8075241,0.8189105,3.0274985,3.2265627,
E259T,1.0688994,-2.4477007,5.636651,1.0573351,3.6308575,
E229D,0.71055114,0.23135912,2.8038793,-0.9717233,2.2536254,
N124S,-2.5791557,-2.5003262,-1.8882132,-3.7069893,-3.112589,
Y220N,-7.3368635,-8.606568,-5.4515166,-8.98272,-7.4059434,
F291A,-16.811993,-16.885424,-11.302513,-20.325499,-17.465313,
L212C,-1.3061929,-2.621613,0.7639065,-2.1970956,-0.4068334,
C150R,-1.0369673,-0.91908646,1.2212572,-1.1033316,-0.3777417,
Q264G,-9.103989,-8.647206,-5.9016504,-9.483819,-8.250197,
D293Q,0.19149452,-1.3940767,5.213655,-2.367238,1.0321926,
A79D,0.5050589,1.3430855,3.1671057,-1.0381539,1.4657046,
R316S,1.5023594,-0.105516225,3.1580248,-2.1321845,0.043467134,
T234E,-3.19976,-1.9704583,-1.5913266,-4.0168,-3.8503537,
S231C,-1.5535401,-1.9692463,2.185273,-1.7733588,-0.1160174,
L202Q,-2.80815,-2.783141,1.3249594,-3.513356,-2.5081773,
D293T,2.27878,0.6063567,3.7564034,1.1286626,3.143886,
S310K,-1.1537054,-2.168453,1.467499,-1.5872723,-0.2534548,
A35L,-1.6034245,-1.0837814,0.7744605,-1.422535,-0.24205744,
T49H,-1.1422455,-2.2207735,-0.27537984,-3.1409984,-0.29215488,
G105F,-3.5112023,-3.7590623,-3.2337055,-3.656409,-3.161275,
Q222S,-1.7378042,-0.8805402,-1.7168787,-1.8458961,-0.98374283,
Q63N,3.2467403,2.2565162,4.059157,0.9924574,3.7127051,"Q63A, Q63A, Q63G, Q63G"
T84P,-5.1675177,-5.1885567,-4.8831043,-7.1007,-4.138603,
L202S,-2.0880456,-3.081913,0.35052398,-2.9958153,-2.056904,
A187I,3.6784945,0.7646847,1.6222835,0.29130313,1.2291085,
D25G,-2.023923,-2.3944516,0.8416145,-2.659192,-0.9373872,
L56C,2.6364317,2.1381977,5.0118303,0.0049283206,3.659652,
Q164S,0.22801983,0.013394177,0.9563175,0.84973633,3.7827277,
L263D,-2.3701177,-1.84865,-1.9758811,-3.2854414,-1.9342389,
A71R,3.7597969,3.4625256,5.9527583,4.2617006,5.3875237,
L136D,-9.874216,-10.19424,-5.0923395,-7.3968205,-9.164667,
T317V,1.425637,1.9728785,4.8388104,-0.053317916,3.1541703,
L192A,1.1905918,1.6132213,5.1024904,0.57459784,3.0879061,
V269N,-12.774415,-13.506142,-8.504998,-14.299789,-11.820465,"V269C, V269C"
R265M,-13.422184,-13.68486,-11.704052,-12.591797,-12.522714,
Q186M,-5.8140793,-9.144662,-5.9679403,-6.86152,-5.647634,
N139P,-6.670114,-6.991699,-3.393097,-5.9631467,-7.3586383,"N139A, N139A, N139R, N139R"
L257T,-4.81042,-5.8381042,-3.7968698,-7.591086,-6.1437106,
T253R,1.8012573,0.48280826,4.371465,0.6977939,2.3357673,
T49P,0.23548196,0.6136818,4.3541307,-2.1469305,-1.1369181,
T298D,-7.2213616,-7.2378902,-7.2550783,-9.267557,-9.658638,
C278M,-4.3094106,-5.651668,-3.6965652,-5.4686246,-3.5535722,
L243V,1.6910053,2.3804092,3.6801069,0.6975521,3.3119416,
A187C,-0.33049285,-2.1177888,2.530889,-1.2838919,-1.0168293,
S103Q,0.7304529,-0.05022674,3.7367358,-1.1864752,-0.051718965,
A114C,0.67646563,-1.5335339,2.8398356,-1.4979231,-0.38986382,
Y305W,-7.540703,-9.075247,-3.9313636,-8.506168,-8.15578,
L202F,0.6864686,0.2622087,1.912463,-0.8688575,2.7673793,
Q186R,-1.1769078,-2.4715877,0.5875629,-1.4691672,-0.4227269,
E199T,-1.4276913,-3.9373271,0.2923716,-2.0834408,-0.08315018,
W10K,-0.22462174,0.25462115,0.18337315,-1.942138,-0.42334127,"W10L, W10L"
P2R,2.44025,1.3037975,3.247672,1.5353736,3.1215549,
Q38Y,-1.9046799,-2.3057437,-1.7952381,-2.857776,-0.52786076,
S188N,0.51467806,-0.33194512,2.3407984,-1.3854793,1.8483713,
W289E,-6.8168597,-6.6423216,-4.8549542,-11.661317,-7.8013935,
A194P,-7.0762844,-7.362723,-4.2331567,-9.457794,-7.573217,
G105D,-3.5682404,-3.5784638,-4.899049,-4.875617,-4.129344,
H92L,-0.35146505,1.4245474,2.68582,-0.25649628,1.1804175,
L212G,-2.073509,-0.48730293,-0.11088222,-3.796911,-2.519353,
L243C,-4.63815,-5.820446,-3.1741958,-3.9106278,-2.449217,
V83G,-6.1685266,-7.875937,-7.9657297,-8.433176,-5.6304216,
L263S,2.5301895,2.1747684,3.7961898,1.1880112,1.8494425,
S67N,3.991414,2.2702763,5.8022633,3.0489879,4.3626432,
L157D,-7.7489796,-7.346428,-6.4687433,-10.515327,-9.031317,
H87T,4.010209,3.5128405,5.4273977,3.198093,4.480033,
A135S,2.6153796,1.5661955,3.5410652,0.2271858,1.5598509,"A135W, A135W"
F118V,-3.880841,-4.3410726,-2.6099536,-4.0314345,-4.8634586,
H72D,0.7545395,-0.028880581,0.9555875,-1.4739028,0.43761015,
L230I,1.8942145,-0.41042626,2.3653653,-0.6871986,2.1797137,
H149D,-2.284141,-1.5895587,-0.432563,-3.7284203,-3.0112553,
H98L,-3.3093946,-1.3177485,-0.40614778,-3.449586,-2.5583448,
E284H,-3.6838632,-5.2233715,0.83793193,-3.447021,-2.759839,
D76N,2.1143413,1.52139,2.9160821,0.51012117,3.7049673,
Q38R,-1.2221395,-1.5213382,-1.1135063,-1.5458779,0.25301924,
R60T,0.0812133,1.5773735,3.0053408,-1.2813394,1.5594791,
Y305E,-17.097675,-15.474974,-12.414832,-21.192003,-16.475885,
A281L,-1.7479359,-2.9640288,1.9734986,-2.082563,-0.5689505,
Q12C,-1.8658574,-3.1499507,-1.606126,-2.5329127,-1.239934,
V91M,0.23890504,-1.2404416,3.081378,-0.3260001,1.230636,
F40G,-8.397209,-10.409341,-8.433115,-13.045952,-10.440588,
T84S,-2.6733675,-2.7699003,1.6208417,-3.1821792,-0.17790097,
G237L,-0.4247858,-0.22002976,1.5109332,-0.032964848,-0.14591888,
R180K,1.936691,2.9319158,3.8431683,1.0893574,2.886794,
R170W,-6.2971582,-7.5331087,-4.304949,-6.263172,-8.445678,
L182H,-0.3143439,-0.8512511,1.2505865,-3.2613134,0.50233173,
E185P,-7.4898963,-8.410656,-3.1284907,-7.8221445,-6.0038943,
L230T,-7.750609,-9.2219715,-5.168693,-10.891274,-7.9221,
G290M,-13.461784,-12.774909,-8.660437,-11.361589,-10.615348,
L131Y,-2.5751152,-2.6786811,-2.232344,-4.2839546,-2.5021186,
R271N,0.49064815,0.5191221,2.0493884,-1.3745884,1.2558583,
I23E,-9.473356,-10.735851,-6.528842,-11.215085,-12.517509,
Y66R,-11.28318,-10.686813,-8.903831,-14.630476,-10.221169,
P254F,-7.4546313,-8.409474,-4.766368,-8.596798,-7.8480234,
P11E,2.5198386,2.900741,3.0252404,0.40760016,2.2618036,
S207H,0.38400787,-2.1251292,2.8882036,-2.2913337,0.40197018,
Q123Y,0.7532937,0.60712504,3.3857093,-0.81399643,2.6157799,"Q123D, Q123D"
Q296M,-3.9175723,-3.1474178,-0.74214727,-3.5568016,-2.9604907,"Q296H, Q296H"
R58A,-2.8523006,-2.6101942,0.22406936,-3.5407796,-2.3262248,
H8D,2.8734121,2.9631946,2.5513523,0.59971744,2.699904,
A268F,0.17751962,-0.718048,-1.6056263,-0.8856843,0.88471365,
V221A,-7.3734956,-7.9091,-3.8358023,-8.788549,-5.649037,
L182R,-0.012952298,-1.1608039,2.6247642,-1.9905618,2.126526,
L243I,2.7428463,2.638051,3.261577,2.7127318,3.7628834,
Q294I,-2.8648467,-3.1725154,-2.3370514,-2.3191333,-2.2830236,
P228C,-1.9952077,-2.8897047,0.062192366,-1.9685798,-0.9703226,
W19F,-2.428679,-0.40324935,1.0856073,-1.8171271,-2.025486,
I160C,-2.4013982,-5.012495,-2.6598563,-4.7257614,-2.2119732,"I160L, I160L"
V201N,-3.1545696,-3.2268863,-0.25689387,-2.3440044,-1.1731169,
G97R,-0.76830333,-1.9374472,4.4716268,-1.3071774,-0.018702194,
S55T,1.3851984,1.9544842,3.7273455,0.0026064813,4.399184,
K248M,-11.754241,-10.679182,-7.873312,-12.164404,-12.084125,
L230V,-5.3989754,-4.964526,-2.3691974,-7.2890015,-5.7413664,
V312C,-4.1202283,-5.0354695,-2.7686598,-3.5915794,-3.6767669,
W47I,-0.1879187,-0.02649527,1.6401697,0.60525626,-0.4132682,
D198V,-5.8444505,-7.520497,-7.9026675,-7.9586163,-5.7659388,
Q99S,2.2409115,2.3330307,2.4596176,1.4757438,4.6593027,
Q99V,-2.1137824,-1.5191329,-1.0598662,-1.3800281,-1.3373955,
T298I,-2.347306,-2.3268213,-1.110682,-3.5993361,-2.9343,
A251Q,0.9076467,-1.0305662,1.4155402,-1.7663944,0.12889966,
L192P,-0.76585346,1.0040067,2.242147,-2.2786326,-1.366209,
H277K,0.31963658,-0.30659005,1.2823286,0.717404,0.69664276,
P29S,-3.6617012,-2.186614,0.39824912,-2.5305862,-3.9294615,
H8G,0.56279814,-0.18611513,-0.29108983,-1.0658054,0.15463609,
E185Y,-3.0724726,-5.7189674,-1.7632489,-4.406898,-3.1029868,
S210K,1.357401,1.1970835,4.1648326,0.13652691,4.1209736,
V261L,-2.4092765,-1.6413643,3.2969184,-1.7431123,-1.4802194,
Y81S,1.4579608,1.5359757,7.3327646,-0.8483627,6.4684753,
R262C,-11.68479,-13.882182,-12.014635,-14.712526,-13.411351,
P254Y,-3.9665937,-4.1837673,-2.9989357,-5.682378,-4.5311747,
S310M,-6.681079,-8.635772,-3.9384606,-7.955565,-8.444468,
D96W,-4.7160597,-6.9235373,-2.515553,-5.4949083,-6.7448416,
F172W,-4.367054,-5.6911116,-1.6033189,-5.098417,-4.693057,
M1F,-7.8380013,-3.1779647,-8.8987255,-6.062933,-3.9991627,
G9Y,1.4000194,-0.8558074,1.5509616,-1.106567,0.47112596,
L214Q,-2.1713643,-2.021167,1.8293896,-3.1628485,-2.0412924,
R170M,-4.97647,-4.914098,-3.4960802,-4.5670347,-4.432312,
T215D,-1.6625338,-1.5665178,-1.3005201,-2.4457016,-1.9249191,
L165A,-3.2829094,-4.330472,0.5743293,-5.135218,-1.3926249,
T52V,3.1467829,3.3521402,4.5859537,1.8382773,3.9863048,
A300M,-0.366454,-1.0278553,1.936548,-0.3436796,-0.7127865,
K130D,-11.879921,-12.082961,-11.704283,-13.617244,-12.651194,
K144C,-4.820475,-2.608934,-1.9750297,-3.04605,-3.0881162,
K70I,-2.2882264,-1.4471552,-1.0788827,-1.7024765,-2.445655,
W127K,-1.342923,-2.4997382,-0.3373081,-2.7266908,0.5674412,
L257C,-7.500308,-4.9315195,-4.161271,-6.542636,-5.925783,
S67A,-1.7984426,-0.8802914,1.2392312,-1.9156356,0.621767,
Q164K,-3.140504,-4.840151,-2.1069355,-4.868131,-2.7268689,
F40D,-7.4407835,-9.2961855,-8.146015,-11.829673,-8.814464,
H149R,3.388091,0.7011781,4.0143943,0.6228869,2.8904793,
G203C,-0.633811,-2.2618258,1.1715953,-1.6138957,0.29362088,
N124M,-6.6138105,-7.6934686,-5.7429533,-9.307833,-6.9682627,
L202N,-2.5180097,-3.2130394,-0.12829056,-2.3156273,-1.4816369,
R134H,-2.6627676,-1.0781652,-0.23836732,-2.5463557,-2.22457,
T215V,-4.5872717,-2.430849,-1.2765707,-4.020898,-4.2834783,
L191R,-8.19268,-10.008081,-8.791479,-11.444584,-8.545638,
C150M,-2.8254035,-2.69808,-2.0683718,-3.4995892,-2.089034,
P254T,0.1222813,-2.159772,0.3664023,-1.3129141,0.78592217,
H8E,0.887438,2.4200299,1.6274588,-0.9331486,0.6060686,
F250R,-9.246561,-7.8785567,-3.068274,-8.674269,-6.4081373,
H72W,-5.7657948,-5.779797,-2.5383146,-4.580983,-5.170621,
G156D,-2.7062528,-3.0470653,-1.8070846,-4.5426674,-2.8488498,
Y220E,-10.803684,-8.868831,-8.338409,-14.521622,-10.566732,
R145D,-2.8734438,-1.3788743,-2.2322042,-4.2141585,-2.2664814,
Y120F,-2.2543492,-1.8032302,0.4770257,-2.7811358,-1.6119826,
A314H,1.3340075,-1.1107025,4.668304,-0.46974432,2.169369,
F93E,-7.8632736,-8.378844,-8.48991,-10.940912,-5.7703595,
S48E,-0.85499007,1.4029796,2.4996197,-1.3504031,1.183063,
V128T,-2.9207206,-3.3969736,0.9810459,-3.3597796,-1.7294946,
H277Q,-0.7487086,0.81153107,4.5114217,0.034938663,-0.57996273,
E267F,-3.1571975,-5.640465,-1.5840632,-2.195386,-2.0990222,
P232N,-4.326084,-4.5135884,-2.57336,-5.963314,-4.949997,
C102T,-1.5363164,-0.18973611,2.1245368,-2.3392801,-1.0685554,
A35H,-0.3495085,-1.5396554,2.1769767,-2.0109365,0.20263578,
N224F,-3.3826802,-4.0981116,-1.7918298,-3.985489,-2.9196913,
P115G,-7.3422756,-8.12508,-4.2732306,-8.787485,-7.8327684,
G306H,-1.9352479,-3.5020247,2.9884195,-0.45118082,-1.3895743,
Y305T,-10.855988,-9.666018,-5.440958,-13.540585,-9.723562,
H247P,-14.858578,-15.234883,-10.740487,-17.800488,-13.71837,
D152G,-6.9494133,-6.4095464,-2.3831754,-6.359328,-6.3173323,
D198K,-4.282042,-8.799751,-6.1706133,-5.659845,-3.4105961,
A309H,-4.8578115,-6.8560047,-3.6339612,-6.697535,-6.5875177,
S69L,-2.295333,-1.4043086,1.2321153,-2.1636994,-1.042145,
L214F,-0.16319811,-0.6351013,1.4034045,-1.4712503,0.5286114,
P276Q,-4.139012,-3.5150912,1.3775244,-3.1250272,-2.6799932,
T52M,3.1116204,2.0359733,4.0289526,2.9102044,2.641434,
W127R,0.8286931,-2.083692,1.0926497,-2.691639,2.662716,
P254D,0.11135799,1.1120158,-0.26058927,-0.64745915,0.9099811,
Q196F,-5.0251274,-9.691443,-5.59334,-6.322611,-4.4139137,
P11Q,1.8613975,0.88521695,3.7529533,-1.2994807,1.7407742,
W289F,-0.78574187,0.008168444,0.7376283,-0.9777581,-1.0777044,
A114T,4.7727833,3.143766,5.325324,3.7390182,5.306226,
R15C,-5.2701197,-6.018243,-3.9898324,-6.523343,-6.0193534,
L157I,4.3079743,3.3707726,4.4316187,3.9060948,4.6083975,
L192W,-4.621471,-5.622459,-3.4464087,-5.5946217,-5.588289,
H318N,4.39774,3.350627,5.3177166,1.516943,3.6935134,
H277N,3.2369676,2.8423522,2.7320857,2.7176352,2.926752,
D96E,-1.2277572,-0.9692971,4.500936,-2.3510249,0.052247763,
Q38L,-1.9980338,-2.371405,-0.8904621,-2.6488519,-1.2451019,
W127N,-0.43078074,-1.4500841,-0.6274964,-1.4636978,1.7252109,
R117N,0.40292907,-0.3467278,1.9838337,-1.3192792,1.4005604,
F34S,-5.751253,-8.078381,-4.874195,-7.722517,-5.9829473,
Q186S,-1.996429,-1.6938072,0.82592547,-1.8256533,-0.67289126,
V83E,-6.458118,-8.509424,-8.410006,-8.842017,-7.012397,
L257S,-9.27733,-8.631435,-6.249053,-11.021381,-11.032194,
T84F,-4.6849036,-3.6257567,-0.9225022,-3.6901805,-1.9926556,
P2D,-1.3324966,-0.16327597,0.6143799,-1.134567,0.9161043,
G65Q,3.600265,1.8805835,5.3347597,2.3035014,4.0343204,
T315Y,2.160769,0.9829006,3.3982034,-0.7642958,2.7016656,
E267L,-3.033599,-4.5481052,0.02102857,-2.0291433,-1.8885946,
A169Y,-0.22797927,-1.3465593,-0.5020106,-1.9408234,0.14591333,
G142V,2.0664408,1.313915,3.3192906,0.6977696,2.2434046,
L167D,-4.4359984,-4.7105803,-3.0493245,-5.0058002,-5.259223,
L246I,2.3340166,1.8187882,3.278225,0.61375767,3.99294,
P276S,1.0816298,0.05552584,4.184305,0.7771924,1.8337796,
A238D,-5.094597,-4.8480773,-5.438575,-7.3776608,-5.9132977,
L285A,-1.7443314,-3.0983374,0.6056661,-4.64188,-1.9332715,
R117F,-3.2498713,-2.56321,-2.2112486,-3.0533726,-1.8822411,
H98V,-1.8484716,-1.1896329,0.29633486,-1.3353441,-0.8731246,
L246R,-8.835997,-9.199189,-7.9660583,-12.649385,-9.0780735,
R271Y,-0.6023855,-0.0032510161,-0.81558573,-1.1306674,-0.018689003,
A71V,1.0896833,1.1250858,3.8423057,2.267994,1.6477883,
N124G,-4.1443534,-4.63385,-3.7727647,-6.1455717,-4.2545795,
W19A,-4.3245792,-3.5926309,-0.47181967,-5.035341,-4.854658,
Y116Q,-9.977681,-8.065546,-7.6158075,-12.073564,-9.557665,
P104Y,-0.9350939,-0.38291875,0.330867,-0.60903496,1.5829635,
Q233H,-2.1066315,-4.039603,0.04783863,-2.6135397,-0.4710732,
G105W,-6.342204,-8.613662,-6.327861,-7.912895,-8.031126,
C239I,-0.005752638,-0.9043851,2.975911,3.4371612,1.9358448,
D41S,1.6276002,-0.054150596,4.190917,-0.5546009,1.2234911,
Q164G,-4.356982,-5.0640936,-2.684588,-5.484525,-4.7765083,
Q233M,-3.0667887,-3.9960349,-1.4764578,-1.8520274,-1.6376681,
G290A,-7.6767817,-7.533521,-3.6961522,-6.835477,-5.911845,
R145A,-3.0785308,-1.2095687,-0.09367055,-3.5628512,-2.2343152,
N258R,6.2260876,0.73063195,6.7356586,1.1283404,5.604924,"N258S, N258S"
P11S,2.1405041,1.6818398,4.4231215,0.3974359,3.4313843,
C239Q,-12.67408,-11.19297,-7.4480743,-16.022118,-12.677238,
D293I,-4.5317955,-5.657943,-0.752173,-2.9872375,-1.601006,
R148Y,-1.5797883,-0.6538471,-0.29957837,-1.5054636,0.8340172,"R148A, R148A"
P232Q,-3.7043626,-4.6075277,-0.88157475,-5.1285458,-3.5497282,
Q99E,-1.1487259,0.49475506,-0.6923991,-0.37568858,1.1603745,
R111Q,-4.036627,-2.7920728,-2.3937783,-4.055193,-3.9189467,
F118S,-6.3786473,-7.2974014,-5.842598,-7.577151,-6.081815,
L136C,-3.0737495,-4.2838035,0.626034,-2.8149319,-2.2131891,
H98Y,1.7099948,1.2300254,3.2101696,-0.6547454,2.6167462,
C102R,-2.9503932,-3.9315207,-1.6264913,-4.765422,-3.6542938,
D152V,-7.5355926,-7.516081,-3.2830503,-5.2019033,-6.6985903,
L54Q,-3.0997653,-2.6560202,1.655322,-3.140418,-3.2901444,
L230C,-10.058247,-10.634487,-6.822637,-11.697014,-9.027815,
L191P,-7.627943,-8.916176,-7.850899,-10.552845,-9.175556,
R117V,-4.7340555,-3.4674993,-2.7862287,-5.1083336,-3.7674668,
V312F,-1.2841089,-0.6381582,-0.65561306,-1.1083307,-1.8889539,
L192H,-0.027835242,-0.06848666,2.6393685,-2.9061122,-0.4565054,
V83T,-2.0524783,-4.999165,0.03743708,-3.446126,-0.87998664,
G65N,4.2379937,3.865608,4.682397,3.9324489,5.2135153,
R134C,-3.000332,-1.33817,-0.5708263,-2.3618174,-1.7092075,
K248F,-13.271543,-11.843756,-8.985661,-14.803528,-13.961441,
L192D,-2.5872169,-2.1697176,-1.8276641,-3.093773,-3.2090247,
S175I,1.1745946,0.930645,1.3165522,0.60126513,2.424278,
R46F,-5.7633734,-2.963973,-2.3206234,-5.2899947,-2.7281055,
L249Q,-7.4007354,-7.181191,-3.655192,-8.213648,-6.6626606,
S207I,1.1316552,0.33289936,2.1251454,-1.4022012,3.1886804,
S6H,-1.4543463,-1.6607202,1.8070092,-1.9659907,-1.2966157,
Y116M,-7.0675836,-5.018853,-5.348907,-8.145447,-7.4036083,
H87V,1.7530801,0.72609556,2.4741998,-1.1363745,2.2546976,
T26S,2.2132323,2.6488786,4.606556,0.14441344,2.4683447,
Y116K,-9.543078,-8.927176,-9.1695385,-12.116519,-9.858015,
A114S,2.1712027,0.91653615,4.467265,-0.3975473,2.1706877,
F107R,-12.588801,-14.410883,-12.876459,-16.560867,-11.303089,
G290W,-10.9930725,-11.560158,-7.870948,-12.286325,-12.455231,
F301G,-21.677074,-22.345146,-14.321769,-23.617641,-20.869322,
L195P,-9.071075,-10.454448,-8.218475,-13.540765,-12.845766,
F34H,-5.472708,-7.455442,-4.2855587,-7.324664,-6.6246886,
R15Q,-0.7693652,-2.1642756,2.0562615,-3.2229567,-2.351767,
T253H,-0.7993176,0.050674856,2.4618266,-0.5705676,1.5606642,
G74T,3.3279462,3.368683,4.7086143,4.9533873,4.4476366,
T298W,-7.46739,-9.050167,-5.8325105,-9.29565,-7.566371,
V221N,-14.458397,-14.044371,-9.118141,-13.776192,-11.969826,
A153R,-0.7466171,-1.4991058,0.2810755,-2.3619,0.13782245,
W19M,-5.1694775,-4.36836,-0.077495456,-6.170534,-4.946321,
L54Y,2.9455576,3.175929,4.7136974,1.5303271,4.278805,
L225C,-8.241287,-7.5761976,-4.6015544,-7.1526966,-5.7796755,
R154K,1.314018,1.7103271,2.5292437,1.8677986,1.9962087,
G37I,1.9917972,1.198719,-0.107534274,-0.19559541,1.1308601,
S207C,-2.2183871,-3.9405513,-0.14760882,-4.0454974,-1.7449714,
L136R,-8.726412,-12.97876,-7.285865,-9.506638,-6.909052,
I100S,-3.5232453,-2.3755999,0.69331586,-4.6053104,-3.040813,
P177H,-2.0571566,-1.8466647,0.6099542,-1.7608294,-0.84454024,
G42C,-4.111957,-5.322628,-3.1145146,-5.953225,-5.5976095,
G65D,1.7357228,3.5118823,2.808895,2.0297036,3.270215,
F93W,-4.5178585,-5.7037377,-4.2605953,-6.049925,-5.5502124,
P50K,1.4749862,0.23268037,0.7493979,0.305058,0.59691393,
V128S,-4.5871468,-5.136467,-4.3223777,-4.957906,-2.5267076,
S61Q,-2.096219,-2.493639,-0.083874345,-4.072235,-3.859444,
S62I,-3.689124,-3.7731204,-0.8542541,-2.0321453,-3.4580839,
E33W,-6.9627604,-9.893662,-3.6553688,-5.429305,-6.5549483,
Q12R,-0.60033095,-1.1282773,2.1811407,-1.812472,1.4244533,
H72Q,3.9778519,2.9195013,5.292093,1.6033176,2.473938,
E218A,-2.8100362,-2.933752,-0.85942304,-2.3419557,-1.5030196,
A194L,-4.9062157,-5.462569,-3.2872403,-5.58499,-5.096387,
W10C,-0.039391488,2.529029,2.0268238,-0.24914001,1.2769167,"W10L, W10L"
Q123N,4.207072,2.6830611,4.386817,2.8925328,3.7613375,"Q123D, Q123D"
L131H,-8.274098,-9.254528,-8.05034,-12.421253,-7.839756,
S101D,0.3522408,0.07348654,1.708758,-1.6685106,1.4653238,
L126M,-2.1020055,-2.1635826,1.40493,-2.5610518,-1.1243805,
R288G,-6.4815865,-5.7601786,-3.5284233,-7.6113634,-6.5978117,
A292E,-4.3795476,-3.543735,-4.9250536,-7.0008097,-5.1479745,
K137M,-2.6301355,-1.6940589,-0.95626616,-2.7125843,-2.0392962,
R302Q,-6.0587244,-7.0741563,-6.6047335,-9.615349,-9.034912,
E218T,-0.74769604,-1.2675356,1.9769375,-0.6257876,1.6581982,
Q272E,-1.723449,-0.07996239,-0.912133,-2.3783529,-1.2735369,
R274G,-4.351103,-3.5642102,-2.4365869,-5.8691654,-4.717881,
F118R,-8.329224,-9.305279,-6.751113,-8.694725,-6.191517,
L241Q,-10.566111,-9.805727,-8.0627575,-12.234854,-8.79741,
F107K,-12.039864,-14.434039,-12.452418,-16.139181,-11.260328,
R262I,-11.148386,-11.221231,-9.135613,-13.48111,-11.685442,
I100D,-5.98132,-5.2175455,-2.3787858,-6.3992414,-6.478798,
H149K,1.6347909,0.048854105,2.5523624,1.971793,2.6452258,
E267G,-4.1281595,-6.0578647,-1.3850422,-4.5896053,-3.1443324,
H171V,-2.5639029,-1.7245815,-1.0324178,-2.3133981,-1.4880044,
T215M,-1.4728515,-1.2323116,0.052389376,-1.1809013,-0.8394612,
A236H,-13.957917,-13.116289,-11.620703,-16.820637,-13.715033,
G226H,1.6702824,1.0471982,3.2785063,-0.4267321,2.9408937,
H270V,-2.7616196,-3.184451,0.8788685,-1.0655268,-0.7608082,
I282P,-8.936094,-8.683147,-6.7120066,-12.778443,-10.368984,
S242W,-15.15027,-14.763575,-12.144773,-17.278973,-20.37196,
M1Y,-6.5987377,-2.6933465,-8.657188,-6.0793643,-4.2903304,
G283H,-1.58191,-2.2808022,0.2925321,-2.7077425,-2.530201,
I23P,-9.916454,-9.080786,-6.9988756,-10.650008,-14.059319,
Y305C,-11.73561,-10.507681,-6.1381516,-10.526836,-9.631022,
A179F,-1.3165591,-2.0816526,-1.2817467,-1.9757009,-1.6012312,
A281I,-1.0497499,-2.6843512,-0.7772528,-1.5034671,-0.091582626,
A178E,-2.429531,-0.2392194,-0.20951971,-2.524331,-2.3159537,
I73C,-3.630018,-3.77529,-2.3615704,-4.041777,-2.8021626,
S67L,-4.102137,-2.7152948,-0.2501467,-2.7919374,-3.1114826,
L141N,2.7228684,2.8304064,2.9336247,2.5825405,3.8410466,
H8I,4.6995883,3.4508257,2.6844733,3.0787292,2.5057716,
F151C,-6.149034,-6.069445,-3.8727639,-6.33158,-4.564982,
P86Y,-8.013498,-7.971713,-5.547741,-7.197705,-7.335724,
T211I,-2.4072971,-1.6748084,-0.59843683,-1.7216712,-1.2247026,
E133N,0.36261952,-2.537658,0.2588584,-1.7781099,-0.091331,
L241M,-0.4095057,-0.38059533,3.3715467,-1.350066,0.63178855,
S175K,-1.0178155,-1.8015665,0.116807476,-2.2325797,-0.49933523,
